satisfaction,accuracy,error
0.31143959826375567,0.9473565725031382,0.052643427496861794
0.35611740615809434,0.9753316848568632,0.024668315143136776
0.3889220518233177,0.9667731745668651,0.03322682543313493
0.5178114087664918,0.9809736572307313,0.019026342769268734
0.36610882364413405,0.9543381622642184,0.04566183773578164
0.5755688564325013,0.9670961588062846,0.032903841193715366
0.3158943634023481,0.9529160644191816,0.047083935580818304
0.2215197993628336,0.9268094491043448,0.07319055089565518
0.6021555593494251,0.9751007936795162,0.024899206320483813
0.33500859427298674,0.9493352148981506,0.05066478510184935
0.4402282729152125,0.9818397178862768,0.01816028211372317
0.6232896317529745,0.9772237342047868,0.02277626579521319
0.5061703080320804,0.9964015529175954,0.0035984470824046433
0.7950552064596649,0.9332251619623797,0.0667748380376203
0.3844946344788397,0.9902653350664341,0.00973466493356584
0.47593546049398494,0.9961426222686953,0.003857377731304623
0.5107246085765739,0.9979221460929697,0.0020778539070303026
0.6052821770804985,0.9392808742355065,0.06071912576449345
0.5850962693255184,0.9788178358331361,0.021182164166863915
0.5578546146742878,0.9989246180928729,0.001075381907127082
0.7758298068788242,0.9428637806889499,0.05713621931105006
0.5922488347726351,0.9462438410332361,0.05375615896676389
0.39974415488734355,0.9567079286998363,0.043292071300163715
0.09810344132128834,0.8992323993784019,0.10076760062159801
0.19100466204888628,0.9298977532591234,0.07010224674087662
0.6053340423802153,0.9713775438065099,0.02862245619349013
0.4969257545944506,0.987604498309375,0.012395501690624922
0.2240975408898933,0.9394052051492545,0.06059479485074554
0.46393241526766366,0.9908758942409406,0.00912410575905942
0.4935146088893813,0.9997950152604804,0.00020498473951963136
0.6374831700984644,0.9550189423761992,0.04498105762380078
0.6429501908525903,0.9574840486072247,0.04251595139277531
0.5418529045314291,0.9906655248736776,0.00933447512632235
0.3732439043155868,0.9720602182408602,0.02793978175913986
0.2695401714064744,0.9438616356535242,0.05613836434647579
0.7393174596245085,0.9261398502804012,0.07386014971959876
0.23898464765909866,0.9413684176334118,0.058631582366588164
0.6451540847936644,0.951540472018598,0.04845952798140196
0.33716846823065677,0.9376901182901485,0.06230988170985147
0.7579145875531935,0.9319057297623152,0.06809427023768477
0.5974959693074688,0.9504588246435761,0.04954117535642388
0.3219451572440182,0.9493132819042045,0.0506867180957955
0.5020808931235706,0.9952571126503702,0.0047428873496297985
0.5620122539151919,0.9959595612353225,0.004040438764677523
0.38320507394707237,0.9697332144769917,0.030266785523008377
0.46296389430093715,0.9853128397627805,0.014687160237219499
0.3405845500901776,0.9986105520461828,0.001389447953817291
0.7148566912189828,0.9413003480423695,0.058699651957630494
0.6265647207296055,0.9567059988025369,0.04329400119746307
0.21357925816299717,0.929233001981593,0.07076699801840702
0.5990376537812805,0.9709167756731492,0.029083224326850843
0.3206169678388115,0.9289463004555092,0.07105369954449087
0.5336645265671942,0.9957262185691363,0.004273781430863655
0.5775231289388933,0.9877079587806771,0.012292041219322924
0.4564466876026913,0.9750625557396416,0.024937444260358377
0.5022993889716838,0.9922930353959076,0.0077069646040923145
0.2005497883275511,0.9037082544283974,0.09629174557160264
0.32554419289391273,0.9557587883314482,0.044241211668551716
0.7537438077530985,0.9174112705395876,0.0825887294604124
0.5248044323401015,0.9826058983994571,0.01739410160054289
0.5330586306011302,0.9994463921287733,0.0005536078712267134
0.6658209014169425,0.9456121610230535,0.054387838976946545
0.7105500531013955,0.9345044465807301,0.06549555341926994
0.5972865854719993,0.9731793788562567,0.026820621143743284
0.4663802023527568,0.9742864473596416,0.02571355264035835
0.5865556507043383,0.9805913473836099,0.019408652616390132
0.6504202620216624,0.9584911433739798,0.04150885662602022
0.6240055599199686,0.9782911643217452,0.021708835678254768
0.6313416547464925,0.970367758287285,0.029632241712714946
0.42596554772665035,0.9653219658503815,0.03467803414961851
0.4513824695057776,0.9895735950276621,0.010426404972337988
0.27362272302644375,0.95689606806281,0.043103931937189977
0.21975620676804972,0.9127499837169472,0.08725001628305287
0.5181336841050354,0.9967372090872535,0.003262790912746505
0.4290915012002594,0.965755662513195,0.034244337486805
0.7452286964158392,0.9234379743472005,0.07656202565279946
0.6949390924488852,0.9623663606427492,0.03763363935725084
0.4753320057720481,0.9744271317025754,0.02557286829742461
0.6998405226553757,0.955850385630933,0.04414961436906695
0.5896272087738486,0.9908984661309316,0.009101533869068423
0.6491169246356651,0.9813926811163959,0.018607318883604118
0.28745984158385074,0.9470102898273448,0.05298971017265519
0.44159784601403873,0.9981525008138634,0.0018474991861366363
0.3655449722746995,0.9787261341837953,0.021273865816204718
0.733514914152061,0.9275373038638742,0.07246269613612577
0.529787348253201,0.9921266156975562,0.007873384302443776
0.4250312471158567,0.9923804947330354,0.0076195052669646435
0.47691118765639817,0.9957825257008748,0.004217474299125168
0.5874021407236723,0.9617691053300663,0.03823089466993368
0.47148879356207435,0.9970490755289899,0.0029509244710100857
0.6078607917389289,0.9552769336704073,0.044723066329592664
0.38456533074067656,0.9733458236810228,0.026654176318977207
0.5646837831608374,0.9794336040079527,0.020566395992047348
0.537408977150656,0.9970985514148433,0.0029014485851567295
0.5161996949617533,0.9722253119632638,0.027774688036736217
0.21909139528915825,0.9396510163519948,0.0603489836480052
0.48179466922915554,0.9868367456540523,0.013163254345947728
0.6197331685869447,0.9805299314099858,0.01947006859001421
0.16591781852809034,0.9330663781566227,0.06693362184337723
0.33878376540182853,0.9954579377963637,0.004542062203636343
0.6504823162405944,0.9710861312567034,0.0289138687432966
0.2993625311573437,0.963618251570231,0.0363817484297691
0.24488890157582205,0.9376780683840504,0.06232193161594962
0.5422020926816854,0.9720308458120603,0.02796915418793966
0.3718944963291504,0.9727735596152735,0.027226440384726547
0.13822211611079405,0.9175399672063997,0.08246003279360031
0.3369004392236442,0.9563643294614729,0.04363567053852713
0.5482413837953299,0.9958364404060295,0.004163559593970523
0.2412655898873804,0.9734363570435436,0.026563642956456357
0.6099722623591001,0.9615411010347102,0.038458898965289756
0.22725724815244921,0.9336900644543153,0.06630993554568462
0.32470211419257033,0.9588305106828432,0.04116948931715675
0.7719378501926317,0.9419769303096591,0.05802306969034088
0.4681750546670971,0.9927869176468376,0.00721308235316237
0.6006855451065081,0.9890417294839837,0.010958270516016277
0.4578232836888524,0.9932422164385648,0.006757783561435249
0.5785959643835128,0.9766164752762286,0.023383524723771365
0.6244999057727426,0.9662424153271068,0.03375758467289325
0.6793771641858748,0.9450710109428876,0.05492898905711241
0.4965886123184782,0.9932800015018468,0.006719998498153246
0.4474540416109657,0.9970783037246267,0.002921696275373309
0.5811508567796062,0.9848207128954436,0.015179287104556405
0.8165235383676148,0.9045057460177836,0.09549425398221645
0.22334614109393777,0.9360450950115629,0.06395490498843712
0.5824397845639224,0.9917660908618294,0.00823390913817057
0.6678739378640696,0.955083172998985,0.04491682700101496
0.342449139838956,0.9697552731201733,0.030244726879826656
0.47756084818110356,0.9897765604475205,0.010223439552479507
0.7872290148635469,0.9315670709053627,0.06843292909463727
0.5568231815681997,0.9979375451930809,0.002062454806919134
0.5365505242772698,0.9605053601804296,0.039494639819570354
0.17274375971307349,0.9245322782831412,0.07546772171685878
0.5271987897635623,0.9795946318056261,0.020405368194373885
0.563694819512818,0.9848669031040976,0.015133096895902365
0.7566069209260616,0.9596925535827611,0.040307446417238935
0.4333601100505954,0.9944949025615202,0.005505097438479822
0.7539457299412808,0.9380013970900802,0.061998602909919764
0.7541584002978804,0.9337484814867891,0.06625151851321087
0.509213797184366,0.9624980312045077,0.03750196879549228
0.336230626348375,0.9590120650967402,0.040987934903259804
0.4216100841017192,0.9969891282613472,0.0030108717386528316
0.6611701630071992,0.9480884053973365,0.05191159460266348
0.4243113910677678,0.9830260491291956,0.0169739508708045
0.6957480284120929,0.9590781653501858,0.04092183464981425
0.3269127440786954,0.9468058418961636,0.053194158103836375
0.44232382876739074,0.9983624987993927,0.0016375012006074052
0.21578868483837468,0.9468680522897486,0.053131947710251454
0.7454365247355157,0.894172167062732,0.10582783293726805
0.24684298119515385,0.9309749142963206,0.06902508570367932
0.5308639047637862,0.9992135209770746,0.0007864790229253904
0.8189018521692633,0.9119445761597615,0.08805542384023846
0.21222453197573793,0.9242363403524745,0.07576365964752557
0.39420625638861295,0.9977463699182044,0.0022536300817955768
0.12779751744204146,0.9044428647417536,0.09555713525824641
0.6501632662889915,0.9849242635386319,0.015075736461368061
0.04362144422671788,0.8832568404751704,0.11674315952482955
0.524831674308956,0.995637905570982,0.004362094429018026
0.5048207142340874,0.9983844188570671,0.0016155811429329203
0.668723648049264,0.9501087991521715,0.0498912008478285
0.44865223570419166,0.9896625740704401,0.01033742592955983
0.8865391583409316,0.9041892400240026,0.09581075997599742
0.25866101627737115,0.937694494611891,0.06230550538810892
0.21151706206907533,0.9156199516336012,0.08438004836639879
0.3097817220941068,0.9561328932463102,0.04386710675368971
0.46320665262068755,0.9894178586831515,0.010582141316848537
0.6633752578450731,0.9596183277417307,0.040381672258269274
0.4715389445015285,0.9872271794121779,0.012772820587822087
0.7867065017965147,0.9273856933070822,0.0726143066929178
0.5418820771276269,0.9710799240327739,0.028920075967226122
0.48775770491043113,0.9926899608255878,0.007310039174412197
0.1397801450037668,0.9382417387141161,0.06175826128588391
0.6157191556027325,0.9655808734189882,0.03441912658101176
0.49870309224340403,0.977008800059791,0.02299119994020904
0.4478099837965206,0.9742026106391671,0.025797389360832867
0.5378411648618869,0.9982366976062549,0.0017633023937451142
0.5108502916276868,0.999263678348857,0.0007363216511430126
0.6794343448243823,0.9616250088809595,0.038374991119040525
0.6406961951055234,0.9431904206335829,0.05680957936641706
0.4224015571200116,0.991617627571445,0.008382372428554996
0.6398887751523801,0.9562072844780352,0.04379271552196484
0.354342102574293,0.9533841827097627,0.04661581729023728
0.806244065348585,0.9144628037131622,0.08553719628683776
0.3890820136920196,0.9738161834642096,0.026183816535790327
0.8577308628090126,0.9165768685455432,0.08342313145445679
0.3361335693800821,0.9613380156276664,0.03866198437233359
0.2806129908190039,0.959544178692658,0.0404558213073421
0.3850333599047523,0.9720655303605534,0.027934469639446513
0.5432705501253012,0.9807661915664133,0.019233808433586685
0.6318236375136123,0.979732014385699,0.020267985614300987
0.6714002546634104,0.9414917257011638,0.058508274298836205
0.5571958554370424,0.9942844665767514,0.005715533423248598
0.74468236989787,0.9291602249714749,0.07083977502852512
0.46227553105087904,0.9951839575230808,0.004816042476919247
0.6041205963380912,0.9781177254252973,0.02188227457470271
0.3077531802160431,0.9599714982947603,0.040028501705239805
0.7042096201476277,0.9423124257246496,0.05768757427535043
0.5364532498584422,0.9800840649775557,0.019915935022444264
0.6654440523886739,0.9820512076986366,0.01794879230136337
0.8055876291471673,0.9114101865131836,0.08858981348681638
0.6454558245178545,0.9666596246588707,0.033340375341129325
0.6983265965297438,0.9591372521965656,0.04086274780343435
0.8525043120934738,0.9112979461185831,0.08870205388141694
0.4937480807040728,0.9908518227280518,0.009148177271948221
0.22786694059924723,0.9486815145422013,0.05131848545779871
0.4137714068425442,0.9946719673440256,0.005328032655974424
0.6299295857960476,0.9481106680469417,0.05188933195305834
0.6134024105980888,0.9608117910312949,0.03918820896870512
0.5756751737313034,0.9842587969147781,0.015741203085221867
0.7455353740561781,0.9276665438650298,0.07233345613497022
0.394481184901217,0.9558254575656845,0.04417454243431551
0.5531979191291927,0.9763472470442056,0.023652752955794387
0.6867845756107516,0.9571190127625632,0.04288098723743683
0.4518630184741755,0.9826981189867388,0.017301881013261244
0.5389750001045588,0.9709669892606362,0.029033010739363818
0.42994235388263313,0.9911662128636749,0.008833787136325155
0.38944718514596294,0.9453161630379636,0.054683836962036436
0.5532691062460544,0.997800691142865,0.0021993088571350405
0.6507667084542936,0.9667903402657185,0.03320965973428147
0.5814814306093633,0.9912563873726862,0.008743612627313824
0.6648889744182769,0.960567014283929,0.03943298571607101
0.33504629688181714,0.9702786824724657,0.029721317527534263
0.3114059165483545,0.9647253951954458,0.03527460480455419
0.9303420203708854,0.9009184119286209,0.09908158807137912
0.3984617649992447,0.9800937521272461,0.019906247872753913
0.5171861913752095,0.996860201065862,0.0031397989341379606
0.36905706359181,0.9571510214557082,0.042848978544291816
0.5155538526847218,0.9879931592884471,0.01200684071155289
0.5917067654562175,0.9558583816715288,0.04414161832847119
0.466019145210419,0.9988023715622485,0.0011976284377515078
0.33443766458872676,0.9698126522854358,0.03018734771456416
0.768837103620591,0.9142172188324379,0.0857827811675621
0.5092549219674057,0.9804610003512719,0.019538999648728017
0.4761565084788725,0.9786283732180685,0.021371626781931552
0.657048421487928,0.9739803604098365,0.026019639590163512
0.4367693792017754,0.9920216960636505,0.007978303936349518
0.5196492881198369,0.9904085696740392,0.00959143032596077
0.26938785434741613,0.9403584809882732,0.05964151901172682
0.4563606073324573,0.992716214780416,0.007283785219583949
0.5771848048710728,0.9683768805295674,0.031623119470432615
0.5780041758563954,0.9981506662569284,0.0018493337430716128
0.5652537414885301,0.9579794580464797,0.04202054195352034
0.5746353090573881,0.9767725977901507,0.023227402209849313
0.6349864636777615,0.9739884419644317,0.026011558035568316
0.3802252546661171,0.9745599985429065,0.025440001457093464
0.8034489267200268,0.9117976442634804,0.08820235573651958
0.5943469145197943,0.9712095337792235,0.028790466220776523
0.38911369553109826,0.9444056984568703,0.055594301543129776
0.32336847027604276,0.9718755227041247,0.028124477295875305
0.33946164240762694,0.9390721681634626,0.06092783183653738
0.5165515139854917,0.9989679156955229,0.0010320843044770989
0.6298591527377115,0.9720589837882136,0.02794101621178635
0.5134408219113449,0.9860493040200271,0.013950695979972894
0.7061233513899121,0.9365342612183234,0.0634657387816766
0.21758014388436892,0.925706770230099,0.07429322976990099
0.30969877615657787,0.9518536430715324,0.04814635692846758
0.688072269373213,0.9607697081193919,0.039230291880608115
0.32814183796590124,0.979529210424302,0.020470789575698034
0.5830443497787988,0.9945999465477802,0.005400053452219833
0.40148549210019635,0.9798194341994754,0.02018056580052463
0.524147621613064,0.9883835626517281,0.01161643734827189
0.321761627516157,0.9618655676160142,0.038134432383985895
0.31838952638501494,0.9504888164437326,0.04951118355626738
0.5828635908651965,0.968570364828299,0.031429635171701054
0.29940447876720006,0.9635704495203702,0.03642955047962981
0.4208368200541702,0.9837863319630616,0.016213668036938356
0.2224643732934671,0.9338319471570147,0.0661680528429853
0.5800876634600707,0.9837260146746373,0.016273985325362728
0.4484354992995491,0.9903498859735276,0.009650114026472367
0.5414179692195866,0.9559652158102974,0.04403478418970258
0.522862897776461,0.987483501643845,0.012516498356154981
0.41491874010996344,0.9861645066268502,0.01383549337314982
0.6670590309666793,0.9430958066037202,0.056904193396279834
0.2891099428635963,0.917596718806043,0.08240328119395707
0.6729717109889908,0.9518315350767883,0.048168464923211696
0.6179741671677864,0.9724274608205637,0.02757253917943625
0.5985180588872236,0.9701716378192506,0.029828362180749357
0.3963991236222537,0.9971199735081979,0.0028800264918020235
0.6238424828708112,0.9664576087328484,0.03354239126715164
0.394014318300418,0.9914726558764537,0.008527344123546332
0.6447409755504909,0.9650673850030156,0.03493261499698441
0.39724216025763426,0.9899854307828342,0.01001456921716587
0.3871511464722665,0.9845328109602028,0.015467189039797158
0.3016971863865682,0.9373775337134302,0.0626224662865697
0.07131830804434923,0.9103769975024278,0.08962300249757212
0.7680896862458111,0.9418245876032114,0.058175412396788584
0.4594432388853806,0.9987606481101285,0.0012393518898713984
0.7035009869247216,0.9274558938873692,0.07254410611263085
0.8516860537938302,0.9258921815685202,0.07410781843147984
0.5874218451637888,0.9952938390446491,0.004706160955350924
0.5789409229266351,0.9840284309068043,0.015971569093195748
0.370193682162116,0.9706635850192071,0.02933641498079287
0.6486854462681992,0.9545823616548604,0.045417638345139566
0.5114527977446578,0.9858886267480254,0.014111373251974646
0.3469709888780161,0.9844834675081222,0.015516532491877844
0.15168508183824456,0.919344467562563,0.080655532437437
0.46062565945900796,0.9852018787237055,0.01479812127629454
0.4383495514864848,0.9919473762444986,0.008052623755501476
0.7598030498850483,0.9528038254535429,0.04719617454645708
0.406887020118657,0.9880825997160727,0.011917400283927293
0.5001656951370238,0.9986716172911662,0.0013283827088338418
0.4873364592687199,0.9996549489323927,0.00034505106760723825
0.6787145887704543,0.9122886952673711,0.08771130473262889
0.46493002922069643,0.9938509826350612,0.006149017364938725
0.43858488000094126,0.9906089136107936,0.009391086389206438
0.7286198137786277,0.9389367838171154,0.06106321618288457
0.6973522075014749,0.951486323628539,0.04851367637146098
0.44794367096849264,0.9745124281247076,0.02548757187529238
0.7051382454253614,0.9233953969340438,0.07660460306595618
0.46992726623684383,0.9854583667954597,0.014541633204540216
0.403444377336021,0.9763787277448592,0.02362127225514077
0.6751853273488841,0.9721538139291311,0.02784618607086886
0.5367987564647861,0.9798147208582673,0.020185279141732737
0.7891450429355321,0.915582061713046,0.08441793828695399
0.4377235821652648,0.9740614843613589,0.02593851563864119
0.5281262083583663,0.9856467184804516,0.0143532815195484
0.6076518854193051,0.979810873112949,0.02018912688705099
0.5631833024146728,0.9631482485986684,0.03685175140133157
0.6142770799697788,0.9658794336740577,0.03412056632594229
0.4606403395437835,0.9780472587951456,0.021952741204854354
0.47939260570960035,0.9834221737863628,0.016577826213637237
0.5452633828546375,0.988520351035144,0.011479648964855982
0.44344747288286407,0.987106150437917,0.012893849562083004
0.12890365253322622,0.904902974640338,0.09509702535966202
0.634154027491635,0.9745887757024632,0.02541122429753684
0.505305821782743,0.9912554321493018,0.008744567850698215
0.5647280510063214,0.9679237381077217,0.0320762618922783
0.7166944977227421,0.924992645944632,0.07500735405536796
0.3417053311975912,0.9467025192284384,0.053297480771561656
0.5198871860342318,0.9886965081035417,0.011303491896458295
0.6647816531303857,0.9437572035955338,0.05624279640446617
0.34212865757029065,0.9751855355835958,0.024814464416404225
0.5795911549094868,0.9473445542338371,0.05265544576616288
0.5618856877171685,0.9479182234071877,0.05208177659281232
0.4474989644141529,0.9833346529330467,0.016665347066953384
0.6010488277285804,0.974042358803997,0.025957641196002967
0.6524370492690912,0.9389371563800515,0.061062843619948515
0.5919979514567106,0.9764595944834956,0.02354040551650438
0.439099806492419,0.9868477868565741,0.013152213143425906
0.6483038804150562,0.9491000511039239,0.050899948896076075
0.27732177480194936,0.932786205050224,0.06721379494977592
0.5194144539502121,0.9987576757730782,0.0012423242269218315
0.5203618967071598,0.9860985308706088,0.013901469129391164
0.37343784031349775,0.974618295671027,0.025381704328973076
0.2019331497962726,0.9177629887813702,0.08223701121862978
0.27923853340940535,0.9632186956325512,0.03678130436744881
0.37823614396654653,0.9593360853809296,0.04066391461907032
0.36075684521655177,0.9702659989987288,0.02973400100127116
0.5978788079559672,0.9663258951536546,0.033674104846345365
0.31862166171634654,0.9501705614590789,0.049829438540921145
0.7399624116224455,0.9126255668078275,0.08737443319217253
0.4071940417850477,0.9856647059409875,0.01433529405901246
0.6880419868187785,0.962123787836297,0.03787621216370296
0.6633626474676466,0.9737858422520339,0.026214157747966094
0.5907074042326238,0.9853821529232141,0.014617847076785928
0.4799741837298023,0.9938586505189799,0.00614134948102002
0.6860790839567837,0.9648365603126948,0.035163439687305176
0.2913239723093115,0.9758719104510902,0.024128089548909715
0.5340005392939847,0.9783856758687796,0.02161432413122044
0.3846418069868603,0.9951323425603356,0.004867657439664441
0.3394736886028882,0.9520162907482452,0.047983709251754714
0.5134437751277936,0.9896090223950647,0.010390977604935348
0.6298638017053287,0.9499492065187859,0.050050793481214106
0.35774295084907665,0.9605399341208415,0.03946006587915851
0.49899146987959775,0.9794261096551895,0.020573890344810497
0.5782200380062896,0.972587750580791,0.027412249419208945
0.7127958030637382,0.9720225127439155,0.02797748725608451
0.23492854943428,0.9482334726826493,0.0517665273173506
0.1365831053950992,0.9253891724423146,0.07461082755768544
0.36266873115551923,0.976374056149788,0.023625943850211995
0.32952034250022944,0.9398443605066953,0.06015563949330477
0.4058167672774174,0.9847058691551084,0.015294130844891618
0.5869834106352413,0.9793072451750462,0.020692754824953807
0.7356581552223144,0.9428413445240618,0.057158655475938236
0.6723694192598738,0.9532978912705149,0.0467021087294851
0.6241234841549154,0.9563453104378774,0.043654689562122595
0.13020154182040317,0.9014601751760946,0.09853982482390541
0.6459185983633573,0.9568532790931473,0.043146720906852676
0.7010496295182301,0.9328740679006194,0.06712593209938056
0.573541448615196,0.9761201995283157,0.023879800471684254
0.6776774949024131,0.9366678000881659,0.06333219991183414
0.45500736469024294,0.9885086059224166,0.011491394077583372
0.29168984211012416,0.9350253721043795,0.06497462789562042
0.5183310813253865,0.9713248598272506,0.028675140172749358
0.7380732480684026,0.9696632841460118,0.030336715853988228
0.6535765047643838,0.9534599938527613,0.046540006147238744
0.35912251250860594,0.9678467168146899,0.03215328318531008
0.7017388559687513,0.9348128998509604,0.06518710014903961
0.7870271369081892,0.9092731693295778,0.0907268306704222
0.7739099098948019,0.908754828728659,0.09124517127134102
0.3781810579463273,0.9791440264168149,0.02085597358318514
0.31980084205515036,0.956679063685606,0.04332093631439404
0.4460689668271208,0.9922364194880356,0.007763580511964352
0.2646333135601635,0.9339998714813169,0.06600012851868309
0.3638509473584317,0.9764951487315345,0.023504851268465465
0.40104256722686077,0.974822653044171,0.025177346955828905
0.4338791926680118,0.9776552616632718,0.02234473833672823
0.6132127106903702,0.9675678522166538,0.032432147783346243
0.2840123312942845,0.9533396068343566,0.04666039316564341
0.6036759541518727,0.954804595839168,0.04519540416083201
0.4454144071401238,0.9996659735050046,0.0003340264949953653
0.3022426257360706,0.9336871867673792,0.06631281323262084
0.5383778279034114,0.9952200483149461,0.0047799516850538515
0.3472130063313932,0.9628840328953252,0.037115967104674796
0.5429464779457869,0.9776344616200703,0.022365538379929717
0.5227383656566122,0.9835950706329705,0.01640492936702953
0.439502310691544,0.9876501493281098,0.012349850671890206
0.55607846365705,0.973750778700104,0.02624922129989604
0.48779289564664735,0.9885343488704034,0.011465651129596632
0.35269807064706826,0.973939827687367,0.026060172312633023
0.5837245877073733,0.9627728094257765,0.03722719057422352
0.5374980175688289,0.9977973604545722,0.0022026395454277647
0.3453231876220474,0.9686852710520804,0.0313147289479197
0.7393892820552954,0.9296970202644187,0.0703029797355813
0.5046531340318973,0.9955843537428413,0.004415646257158734
0.340921363083822,0.9851955734199144,0.014804426580085628
0.5167081892892931,0.9867974601995416,0.01320253980045838
0.3695183420119719,0.9899420688744258,0.010057931125574127
0.3437557907317629,0.9564712782865918,0.0435287217134081
0.670759503776041,0.9478542945001724,0.052145705499827555
0.5974814329864483,0.9489457951352381,0.051054204864761865
0.44314308214261167,0.976945571377526,0.023054428622473977
0.6135826933805444,0.9630504260519136,0.0369495739480864
0.2782624202039913,0.9669803183843331,0.03301968161566693
0.6575994695678038,0.9464335988663718,0.053566401133628205
0.500787694980902,0.9934412003182443,0.006558799681755656
0.5008600998182724,0.9859041556874881,0.014095844312511818
0.5232786295712114,0.9826952805094511,0.017304719490548903
0.7966858585203709,0.9184958690414641,0.08150413095853593
0.2181678704327674,0.9335232622082977,0.0664767377917023
0.5391094743308827,0.9862857400344974,0.013714259965502573
0.512911477376856,0.9854479071426101,0.014552092857389842
0.47898643183494644,0.9677396740576805,0.03226032594231959
0.20142194546970718,0.9528796209721258,0.047120379027874276
0.366973431552985,0.9770592814420043,0.022940718557995787
0.2573557264227404,0.92597810046391,0.0740218995360899
0.7518898773349465,0.9236327475814057,0.07636725241859432
0.45016016684266735,0.991420550068135,0.008579449931865046
0.6472866358287473,0.9587909144448471,0.0412090855551529
0.6037067982955769,0.9711089563716598,0.028891043628340163
0.5913793668674417,0.9585429068371604,0.04145709316283963
0.6540653238507098,0.9452264961567766,0.05477350384322344
0.6272773135871261,0.9936626923707907,0.0063373076292092545
0.39180729128092706,0.9749336659321288,0.02506633406787112
0.3818610696631947,0.9572573294664666,0.04274267053353348
0.31038927023259044,0.9576806168942718,0.0423193831057283
0.36408056601420435,0.9545307162076524,0.04546928379234755
0.5329143245193768,0.9994175079884674,0.0005824920115325982
0.7036741639417101,0.9475402551240997,0.05245974487590033
0.1695426662579179,0.928354844482845,0.07164515551715503
0.6151911437159695,0.9602890023743722,0.0397109976256278
0.7550891312973511,0.9162995459839095,0.0837004540160905
0.5769489717226272,0.9622266320674987,0.0377733679325013
0.3223078870452878,0.9321168067288869,0.06788319327111314
0.4402624919365922,0.9985551277979201,0.0014448722020799498
0.663209653419648,0.9496938439833063,0.05030615601669375
0.920092302706062,0.92621630817526,0.07378369182473998
0.6388198021705622,0.9546579755246163,0.04534202447538371
0.34740240761676167,0.9779074323272736,0.022092567672726382
0.47384425773942257,0.9768487154494174,0.023151284550582574
0.3148310291639412,0.9682315961197187,0.03176840388028135
0.2076033283765137,0.9328693492525925,0.06713065074740751
0.5645305907850195,0.9942853593179423,0.005714640682057737
0.2818697359329654,0.9520450703863792,0.047954929613620745
0.6317820555775079,0.9619931703715114,0.03800682962848856
0.554436522625249,0.9720777318147273,0.02792226818527266
0.4651073694551652,0.9842344236982832,0.015765576301716877
0.19161589398505494,0.9433924597429526,0.05660754025704734
0.6302252833744694,0.9500503906004661,0.049949609399533856
0.49911693843550964,0.9982585541038971,0.0017414458961029777
0.40996624245463775,0.9847208954678676,0.015279104532132437
0.11855282015557983,0.907073015645534,0.092926984354466
0.4772936594326998,0.9742629150720832,0.025737084927916876
0.6334835112332189,0.9722582645176857,0.02774173548231429
0.25431881308436644,0.9591795327759602,0.04082046722403976
0.27195015868207234,0.9363545632334285,0.06364543676657153
0.3328806972721243,0.9700617276102332,0.029938272389766762
0.6475848993905048,0.96871632386127,0.031283676138729954
0.40406603539333913,0.9917780975113811,0.00822190248861887
0.41499290219124035,0.9904729916401431,0.009527008359856926
0.5749463768974169,0.975749014339175,0.024250985660824953
0.3938321171252985,0.9787556004649098,0.02124439953509022
0.7806744789925931,0.9124039359701024,0.08759606402989761
0.5117524064259343,0.977920665878746,0.022079334121253957
0.532262570050565,0.9911127812236745,0.008887218776325478
0.6098654148106992,0.9769257415362852,0.023074258463714803
0.6013142700794496,0.945144933435745,0.054855066564254984
0.7712333346563369,0.9253833107529796,0.07461668924702036
0.9483636243099633,0.8525543865060377,0.14744561349396235
0.48443199991746383,0.9816589247375715,0.018341075262428452
0.6278559225139222,0.9588988782539244,0.04110112174607561
0.46578002595191387,0.9959461095480191,0.004053890451980846
0.5993702817388552,0.9749660671200302,0.0250339328799698
0.4778270358492712,0.9813029466906046,0.018697053309395417
0.5352516391589739,0.9731067550505307,0.02689324494946932
0.5885447782735143,0.9617388665513037,0.038261133448696305
0.452443478033275,0.9794543733373635,0.02054562666263643
0.7365858100341229,0.9464779076369333,0.05352209236306671
0.5958211762756723,0.9651771099064604,0.03482289009353956
0.38208419701292573,0.9683021497619155,0.031697850238084524
0.7418172439337317,0.9333888288731292,0.06661117112687076
0.2414616141700433,0.9182026324196568,0.08179736758034317
0.5396358631673441,0.984813603463014,0.015186396536985947
0.7756725554615987,0.9286328279380911,0.0713671720619089
0.6914799143721939,0.9541065850273089,0.04589341497269106
0.5326604544218154,0.9600498030254258,0.03995019697457425
0.7470485585041573,0.9376155625230342,0.06238443747696576
0.7349383134072037,0.959732029240345,0.04026797075965505
0.3799074064059738,0.9889382090759407,0.01106179092405929
0.18554845604864498,0.9145290511451437,0.08547094885485626
0.5982435255969776,0.977602695640666,0.022397304359333958
0.5036164345247962,0.9708582493787352,0.02914175062126484
0.5113815062729499,0.9811513058852455,0.01884869411475454
0.6565093874929873,0.9635093075946761,0.03649069240532388
0.23088224198536755,0.9392569751933355,0.060743024806664436
0.378720668268208,0.9725615593430579,0.02743844065694212
0.44690745723053216,0.9779053913811593,0.02209460861884066
0.8849204962994914,0.9137632796214805,0.08623672037851948
0.21548081596133312,0.9256832946136004,0.07431670538639956
0.7439965577306121,0.949108454902045,0.050891545097955015
0.1370998116796077,0.9073542123646852,0.09264578763531486
0.5240758533285038,0.9688066298386456,0.031193370161354372
0.8753577299902006,0.9026724908847201,0.09732750911527988
0.2507626658911288,0.9478605943846776,0.05213940561532243
0.5344114064969876,0.9903591510426561,0.00964084895734385
0.40210408532108644,0.965353181935964,0.03464681806403602
0.48790260604106644,0.9987861060638621,0.0012138939361378553
0.6350333581178461,0.9750465756619169,0.02495342433808312
0.41511771458500957,0.9852250195416289,0.014774980458371112
0.5259077876367493,0.9898338267290598,0.01016617327094016
0.3332226292519368,0.9731829601101013,0.026817039889898697
0.63206952145004,0.9839103902589772,0.016089609741022803
0.4539473299765881,0.9834859036323726,0.01651409636762735
0.20744146432499852,0.900659642115475,0.09934035788452503
0.16708456907576674,0.9189519568101945,0.08104804318980549
0.3430218226849115,0.9454363776060061,0.05456362239399393
0.9269038768999571,0.9047576139421658,0.0952423860578342
0.52402886841504,0.9984703951738668,0.0015296048261331796
0.9138059763491142,0.8747536817618982,0.12524631823810184
0.5048727839462336,0.9839466726032433,0.01605332739675669
0.401450712722884,0.9739079770621195,0.026092022937880488
0.5744119067343589,0.962541140656805,0.03745885934319504
0.42550026224389637,0.9638389110818152,0.036161088918184814
0.7906562911441364,0.9138462328597106,0.08615376714028944
0.5511918374384313,0.9797184487941397,0.020281551205860282
0.24460497428259126,0.9470497925526187,0.05295020744738127
0.45807738313419677,0.9847463913551071,0.015253608644892891
0.5938759869216618,0.9593857645473577,0.04061423545264231
0.8242667920265071,0.923889144067748,0.07611085593225198
0.5331505925147659,0.9590304424569073,0.04096955754309273
0.6845739836948765,0.9512985544956106,0.048701445504389373
0.7233613011058685,0.9489659136812391,0.05103408631876094
0.703200511019223,0.9380045582212249,0.06199544177877514
0.43939603995275567,0.9946688301389781,0.005331169861021945
0.46060156419527115,0.9898448251811547,0.01015517481884537
0.6168412283882971,0.9460833552713511,0.05391664472864888
0.401040462164521,0.9870686761971569,0.01293132380284312
0.34668997851426353,0.9640868215217113,0.03591317847828873
0.5869008857089897,0.9812123896735516,0.01878761032644838
0.4967470731380473,0.9729126051834684,0.02708739481653155
0.6176125590709,0.9897838640819169,0.010216135918083125
0.4541762843819842,0.9849505579192637,0.01504944208073633
0.539347586458355,0.9851185541476454,0.014881445852354624
0.579848228280819,0.9855721001997956,0.014427899800204425
0.4715764860957967,0.9977070235086873,0.002292976491312715
0.6066301916546646,0.9592965025779706,0.04070349742202939
0.36720339866207063,0.9900857458339338,0.009914254166066228
0.33811262358037975,0.9873109938950841,0.012689006104915801
0.5217252382503131,0.9932985063382533,0.00670149366174666
0.628757123916157,0.9815853207376619,0.018414679262338085
0.46457737953822686,0.9883329271350354,0.011667072864964545
0.2741771043752204,0.9592015522273516,0.040798447772648405
0.569184833855569,0.9718664192344078,0.028133580765592248
0.9126089247000982,0.8804736500324997,0.11952634996750033
0.27091353873976065,0.9414442634687492,0.058555736531250735
0.3632690242695541,0.972960176778997,0.0270398232210029
0.8588112337211274,0.9173487285895993,0.08265127141040074
0.3324210083466147,0.958480977565718,0.04151902243428196
0.5073070242835821,0.9829761362535089,0.01702386374649112
0.4180591300761922,0.9620025171701092,0.03799748282989074
0.3330376903054045,0.9583678156966609,0.04163218430333915
0.5123153390947847,0.9985824643718292,0.0014175356281708185
0.35273156578127385,0.9710857479782042,0.028914252021795706
0.43121731139168323,0.9979517260872787,0.0020482739127213323
0.7339171132612246,0.9466586802341137,0.0533413197658863
0.4278550414951173,0.9777150682894538,0.022284931710546185
0.8181697078804255,0.8880787708570929,0.11192122914290714
0.2545205224622819,0.9382621104895172,0.06173788951048276
0.46805163243441167,0.9994164007097989,0.0005835992902011311
0.39004196442180916,0.9909386210546967,0.0090613789453034
0.42288407742580114,0.9900972203794541,0.009902779620545865
0.5500295143979536,0.9952811782527736,0.004718821747226376
0.4542848020829335,0.986378506233512,0.013621493766487969
0.6082012329741375,0.9764142842290866,0.023585715770913396
0.4101306871763604,0.997067612202009,0.002932387797991043
0.3805828353041524,0.9868238904476455,0.013176109552354487
0.4549497876387901,0.9838821665029851,0.0161178334970149
0.6273353635275494,0.9789505228260007,0.021049477173999298
0.20004944829665158,0.9289591849223852,0.07104081507761481
0.34969353368482237,0.9537084091287806,0.04629159087121931
0.2383132114764764,0.9231533327224956,0.07684666727750447
0.5714142129452735,0.9782125937620482,0.021787406237951834
0.9389728132088663,0.8900602310936641,0.10993976890633594
0.5836579741351924,0.9766709693217541,0.023329030678245877
0.16964009160702043,0.9096732755868173,0.09032672441318274
0.5005940294760682,0.9921897790250629,0.00781022097493711
0.5115005402647426,0.9902608334309919,0.009739166569008084
0.42005344230704594,0.9629229285735235,0.03707707142647648
0.5373976467141306,0.9808174702874503,0.019182529712549745
0.2798495638955877,0.9366953157758833,0.06330468422411667
0.4557437921939343,0.9992967256597268,0.0007032743402731745
0.4790816913524531,0.9997438635273399,0.00025613647266015116
0.46413527203857174,0.9764156139929488,0.02358438600705115
0.456861635204559,0.9887344271468794,0.01126557285312052
0.5639729255479393,0.9840896321772341,0.015910367822765892
0.6396362313668547,0.9418754387595674,0.05812456124043264
0.3854494248933139,0.9777438723342935,0.022256127665706504
0.25637341375194744,0.9406692777739007,0.05933072222609925
0.4812311371471979,0.9828469491252187,0.01715305087478125
0.3994588421675649,0.9753963775986849,0.02460362240131503
0.6755127196131213,0.955699973743512,0.04430002625648799
0.3990469581411223,0.997633983446415,0.0023660165535850375
0.5036764035858905,0.9782958788297623,0.021704121170237678
0.47379832916848563,0.9834897984984942,0.01651020150150584
0.3054424313555029,0.9649238437108876,0.03507615628911237
0.2828946611174654,0.96386304193863,0.03613695806137002
0.6156534345755609,0.9758602310080465,0.02413976899195347
0.3182090988567968,0.9501713503385059,0.049828649661494195
0.49961293071444446,0.9865841140823691,0.013415885917630876
0.5189487704960407,0.9878810336469291,0.012118966353070859
0.6668912538421723,0.945126065629558,0.05487393437044197
0.46234776564520474,0.9782170715026398,0.021782928497360188
0.4472088031210625,0.976393690257056,0.02360630974294403
0.7386114535504847,0.9270055648756989,0.07299443512430115
0.6120852521717104,0.9674583250735925,0.03254167492640747
0.5043981847969451,0.9838201584390247,0.016179841560975294
0.6029339488709669,0.9883504842341728,0.011649515765827179
0.7025172832592272,0.937949284330922,0.06205071566907805
0.16027436625145708,0.9213862067057594,0.07861379329424062
0.74410448165772,0.9256821051181299,0.07431789488187013
0.7603848544434442,0.9372563331689436,0.06274366683105637
0.5730528132261785,0.9719233206919278,0.028076679308072228
0.47125001035679887,0.9853873044143997,0.014612695585600355
0.6437761674453675,0.9643406683101585,0.03565933168984148
0.4201628770426503,0.9940578013169667,0.005942198683033306
0.42289338083830763,0.988467196663825,0.011532803336174957
0.7927054653627437,0.9500921979197439,0.049907802080256136
0.4541432992212421,0.9854742397973044,0.014525760202695637
0.3314251858070495,0.9443660821173088,0.05563391788269123
0.5199645353344235,0.9941413396025733,0.005858660397426663
0.6260051770453052,0.9547298041347895,0.04527019586521053
0.7991747386314028,0.9145091201640869,0.08549087983591308
0.7308423244536285,0.931431861014297,0.06856813898570302
0.5790092945768969,0.9885557810693988,0.011444218930601213
0.35383436321876943,0.9374135027215884,0.06258649727841153
0.485231630354354,0.9972467427519037,0.0027532572480962747
0.4799663707734404,0.9983999269112129,0.0016000730887870684
0.7283173721616302,0.9347955080184674,0.06520449198153255
0.6729880078830046,0.9614484611408367,0.03855153885916329
0.2616118262609398,0.9339745237752164,0.06602547622478366
0.5397967519159834,0.9942073368338605,0.005792663166139467
0.12479903963102673,0.8987418935318099,0.10125810646819008
0.45516966502747347,0.9986525290407763,0.0013474709592237177
0.582084536383116,0.9929278184439722,0.007072181556027846
0.4668056504690484,0.986231782210511,0.013768217789489001
0.6148451846553387,0.9641781495173026,0.03582185048269737
0.7632011515059991,0.9478735920339136,0.05212640796608636
0.6996538592906942,0.957917718861096,0.042082281138904
0.6964488768268776,0.971708908509841,0.02829109149015896
0.5457116851982855,0.9948853022491543,0.00511469775084572
0.6422960277183014,0.983034270939547,0.016965729060453016
0.5785074655757161,0.9715488486043329,0.028451151395667118
0.45256209574037953,0.9918157902797511,0.008184209720248858
0.5910804788426618,0.9681909962559141,0.031809003744085906
0.2842453003169573,0.9536904125933932,0.046309587406606845
0.42677844405513976,0.9980325521440203,0.0019674478559796316
0.39343598890531806,0.9823486515481066,0.017651348451893423
0.6419643553016048,0.9481001449853159,0.05189985501468408
0.4293006422641146,0.9791646777817841,0.020835322218215935
0.32546316076373916,0.9809049242112335,0.019095075788766513
0.7500594824306124,0.9413573589007352,0.05864264109926476
0.19221385871874017,0.9448545116497462,0.05514548835025376
0.4316209056964807,0.9815803786421962,0.01841962135780384
0.3050775223474109,0.9557053333627967,0.04429466663720327
0.5979386394838764,0.9843090287384948,0.015690971261505204
0.5166212700707616,0.9833056863256813,0.016694313674318728
0.4951630915586114,0.9894185402062958,0.010581459793704229
0.3576736532844069,0.9730470932522837,0.026952906747716276
0.37967499203004895,0.9830647435969037,0.016935256403096344
0.6972394428747756,0.9362975379659682,0.06370246203403185
0.5983850965320602,0.9797999068046331,0.020200093195366864
0.45130077325585405,0.9741830231379365,0.02581697686206358
0.2564471772236856,0.9435644354142505,0.056435564585749554
0.6421595492530516,0.9674484247465337,0.0325515752534663
0.47512875582988257,0.9967681102939533,0.003231889706046709
0.3632522438525381,0.9904416633055775,0.009558336694422465
0.40640293062505123,0.9795951861821619,0.02040481381783804
0.4298716886706026,0.9970628729851169,0.002937127014883134
0.1670995834197277,0.9264274451501111,0.07357255484988895
0.7635735300336142,0.9180288475017764,0.08197115249822362
0.695866677291805,0.9597449528808752,0.040255047119124754
0.2705367135565879,0.9403159073234856,0.05968409267651442
0.7026282703668939,0.9667812364823222,0.03321876351767783
0.7686578889467501,0.9137383801864012,0.08626161981359881
0.7382625147583741,0.9411206043356666,0.05887939566433342
0.8864914563036893,0.9025282962976635,0.09747170370233649
0.5793944428835008,0.9660289546307467,0.03397104536925333
0.6472747091674009,0.9616741792079058,0.038325820792094234
0.5288840278448147,0.9908524524407717,0.009147547559228308
0.3422092388425208,0.9762605156717543,0.023739484328245686
0.25040424937018824,0.930654454313729,0.06934554568627099
0.6751064802728952,0.9486328571625668,0.051367142837433155
0.3582763475210069,0.9643868886448957,0.035613111355104254
0.8992830213111551,0.8978527515676492,0.10214724843235079
0.597852681563465,0.9486123578113181,0.05138764218868186
0.44763274660945074,0.9922076595701828,0.007792340429817246
0.6692396456904399,0.9760940433762352,0.023905956623764824
0.43066997170901905,0.9929076865963502,0.007092313403649797
0.6964449451695536,0.9516434060658504,0.048356593934149594
0.7206352993156145,0.9419756275443387,0.05802437245566128
0.7616918852349098,0.9403146946533999,0.059685305346600104
0.6697633658607326,0.9612392180977481,0.03876078190225185
0.48634585001464725,0.9831372491353296,0.016862750864670373
0.8292176069382089,0.906566945050426,0.09343305494957399
0.686500650611661,0.9448552069566772,0.05514479304332276
0.567952817048941,0.9643467965600495,0.03565320343995049
0.8829280868463831,0.9030495811205993,0.0969504188794007
0.29946747757964487,0.9522818978706797,0.04771810212932032
0.6276328076454729,0.9561367702717748,0.043863229728225206
0.44052362182044413,0.9951254548156425,0.004874545184357482
0.2717016683877994,0.9504754742484678,0.049524525751532156
0.4835407100580586,0.9975427910557646,0.002457208944235456
0.6976137054641212,0.9371022047983235,0.06289779520167649
0.38698081208592344,0.995593258228523,0.004406741771477096
0.4369812379489514,0.9990580598774692,0.0009419401225307933
0.521071930998643,0.9839095725683537,0.016090427431646348
0.4373622276846156,0.9936550913043294,0.00634490869567067
0.7342088974875506,0.9187250353339367,0.08127496466606332
0.824795091412929,0.9241010702199217,0.07589892978007828
0.5794678982625429,0.9620013600150397,0.037998639984960336
0.5318912833163466,0.96789540714879,0.032104592851210034
0.6555640862000776,0.9427338803751582,0.05726611962484185
0.3637255196767691,0.9751659289994312,0.024834071000568725
0.4211714880839073,0.9934935074295707,0.006506492570429345
0.45813931675467623,0.9816433896932366,0.018356610306763443
0.20347538327092612,0.927585160681313,0.07241483931868692
0.18338246874129888,0.9207012490585191,0.07929875094148092
0.6505656368535703,0.9714500301322792,0.028549969867720848
0.6057548942564794,0.9794836631917011,0.020516336808298896
0.30173265960165985,0.948247079732998,0.051752920267001956
0.5654410444598195,0.9812476024647898,0.018752397535210186
0.2417755375301888,0.9499995360590798,0.05000046394092014
0.7039901261679287,0.9399075459123769,0.06009245408762309
0.4714004066364398,0.9994929630803836,0.0005070369196163993
0.4729481222655634,0.9896827088354678,0.010317291164532172
0.7363569107874502,0.929148348765182,0.07085165123481796
0.39196042561131494,0.9921857366040308,0.007814263395969245
0.2512366249970198,0.9376001602190427,0.06239983978095737
0.2364078889503607,0.955502861068106,0.04449713893189394
0.3733281636713167,0.9836360289286838,0.016363971071316097
0.7404288774566715,0.9414780622330234,0.05852193776697656
0.45372307841923065,0.9972609587366115,0.0027390412633884753
0.46836880489567584,0.9858633581336482,0.014136641866351718
0.3381665589129529,0.9790105968306045,0.02098940316939546
0.32875494000021255,0.9789192261828996,0.021080773817100384
0.4256916372985432,0.9928021789802697,0.007197821019730266
0.3677411678090269,0.9879515997388484,0.012048400261151615
0.3369792703888694,0.9492011363580286,0.05079886364197139
0.5153793702974748,0.9754694086579072,0.024530591342092845
0.6285162505000482,0.9595066752649954,0.040493324735004554
0.6958516772086776,0.9642815716123498,0.03571842838765016
0.5171679768040891,0.9759768079542208,0.02402319204577924
0.6200064795047396,0.958734600787306,0.04126539921269401
0.42844548324920323,0.9792866606403952,0.020713339359604843
0.7645819297058578,0.8968491199526214,0.1031508800473786
0.5396409931508906,0.9679809392352773,0.03201906076472272
0.22071812773841226,0.9404620295557138,0.05953797044428627
0.1924041592635015,0.9387627478808577,0.0612372521191423
0.499301024672351,0.9800330857107096,0.019966914289290483
0.5016962584165882,0.9967066149836628,0.0032933850163371914
0.23027498826334936,0.9417793364412319,0.05822066355876815
0.4962452854995731,0.9880076474720314,0.011992352527968542
0.8716270607265748,0.8993164039385546,0.10068359606144539
0.42335426464850645,0.9985476558291065,0.0014523441708934604
0.5964766272960721,0.9775111349553228,0.022488865044677175
0.393280464862271,0.9864949541303122,0.013505045869687815
0.39097930468769615,0.9904685719696736,0.009531428030326361
0.6370575022494275,0.9593076365343075,0.040692363465692494
0.34291558106425774,0.967154485042856,0.03284551495714405
0.6033347739990328,0.9470971407211237,0.05290285927887628
0.33313996161777526,0.95702842286094,0.04297157713905991
0.16711430195089977,0.9159906254517423,0.0840093745482578
0.4901952912095684,0.9945490436742597,0.00545095632574033
0.38160535799168294,0.9847946545981943,0.015205345401805737
0.46872613125281526,0.9989493108736225,0.0010506891263774576
0.0520173728592144,0.895136702155386,0.10486329784461404
0.33186527144683375,0.9569320170283895,0.04306798297161052
0.5266945335295976,0.9780343504043728,0.02196564959562719
0.16580543796296054,0.9008334339542728,0.09916656604572716
0.3810022697764569,0.9756836579569808,0.02431634204301919
0.8259268395837538,0.9177327757197818,0.08226722428021815
0.5410473600210535,0.9833947983103815,0.016605201689618543
0.6435228626553222,0.9667980306314212,0.033201969368578776
0.4523157910778365,0.9758576220070376,0.024142377992962316
0.47114301778274936,0.9966990572443912,0.0033009427556088267
0.35353708487769603,0.9438679532414649,0.056132046758535115
0.44990107181120925,0.9947817120669675,0.005218287933032528
0.438656689217826,0.9808358342050104,0.019164165794989585
0.40887667737915595,0.9792373602864327,0.020762639713567288
0.21592676618132195,0.9225744001677472,0.07742559983225289
0.8239276441816101,0.9188565190414772,0.08114348095852275
0.41349064271497904,0.9526141111105233,0.04738588888947676
0.32291614955581194,0.9637982612617262,0.03620173873827376
0.380317180254774,0.9678396179870501,0.03216038201294996
0.4479560357690693,0.9841263258626667,0.01587367413733337
0.6071354239120972,0.9688405138160465,0.031159486183953478
0.4247753350046663,0.9640251372749169,0.035974862725083046
0.5821828684533411,0.9618024221300545,0.03819757786994549
0.2834317212197677,0.9402885415832315,0.059711458416768504
0.834927894730972,0.9117587079960824,0.08824129200391762
0.5630522496463548,0.9735025061567777,0.02649749384322231
0.4579136718009275,0.9720797154487721,0.027920284551227803
0.6098176111495366,0.9522819592365696,0.04771804076343045
0.6167795735390099,0.9785543003142325,0.021445699685767483
0.7615935053558169,0.9468422923490551,0.05315770765094485
0.5517082339845911,0.9975809969514563,0.0024190030485436997
0.6844314325568066,0.9592964903598921,0.04070350964010794
0.4729631356819676,0.991503393604633,0.008496606395366979
0.6059274108477619,0.9645972872093667,0.03540271279063334
0.3699937498347192,0.9549324678880076,0.04506753211199249
0.6342068870772207,0.9690390441340853,0.03096095586591474
0.638362586947935,0.9645018371814125,0.03549816281858753
0.4415201964420147,0.9786238365749018,0.021376163425098127
0.45941170013085975,0.9902578553816639,0.009742144618336168
0.32629873681175114,0.9591388908252547,0.040861109174745225
0.682428271183784,0.9762368170596698,0.023763182940330196
0.4383469421258912,0.9826265697217114,0.017373430278288582
0.6186701909232195,0.930967239466185,0.06903276053381502
0.6863944798528246,0.9439181197521518,0.056081880247848215
0.2808484702961193,0.9795200931799053,0.020479906820094707
0.4540058980311667,0.9923589463982465,0.007641053601753434
0.2905396839415007,0.9693258810684073,0.03067411893159261
0.49098458040541293,0.9993726242639331,0.0006273757360668042
0.7554020091705467,0.955493889274828,0.044506110725171966
0.5866540467524848,0.975849980707673,0.024150019292326963
0.32399629342097697,0.9490218846139468,0.050978115386053235
0.6886593012500236,0.9557113304863889,0.0442886695136111
0.8028631176171594,0.9068795606837239,0.09312043931627612
0.6465338368515892,0.9598537389235454,0.04014626107645458
0.7025138855748756,0.9649326515009916,0.03506734849900839
0.48388169046136786,0.9987740076811567,0.0012259923188432942
0.27323377922637393,0.9777320884216305,0.022267911578369548
0.8389621565405585,0.907623145879858,0.09237685412014196
0.35972536504936764,0.9675975699998167,0.032402430000183335
0.14336420011009723,0.9429320156798398,0.05706798432016019
0.5499237261017637,0.991883107260541,0.008116892739459036
0.28778138567278777,0.9451195025287485,0.054880497471251455
0.8049466106684405,0.9306446228882165,0.06935537711178352
0.349452548680222,0.9769871644099566,0.023012835590043468
0.5246603343135591,0.9833877383237153,0.016612261676284712
0.46672363848204745,0.9878213972557432,0.01217860274425675
0.38082566585485844,0.9971050245019117,0.0028949754980883147
0.6439381231077899,0.9482402427258051,0.051759757274194906
0.39445524906613166,0.9769813401153777,0.023018659884622206
0.4221294360825625,0.9868894335148372,0.013110566485162845
0.41400919893387456,0.9920481401713703,0.007951859828629615
0.851257818880519,0.8891391159772319,0.11086088402276806
0.1354585686825816,0.9078972990131222,0.09210270098687773
0.4817190872073261,0.9972965788735061,0.00270342112649391
0.4082456145488038,0.9673449874666578,0.03265501253334224
0.3923905378744124,0.9933051514857176,0.0066948485142824254
0.7590966845950169,0.909810909313096,0.09018909068690395
0.5249719146171482,0.9740988004444765,0.025901199555523502
0.44551520107555764,0.9993583985242414,0.0006416014757587019
0.5711359327201558,0.967351676652263,0.03264832334773704
0.5138772617336181,0.9936799125406491,0.006320087459350865
0.35894202447276,0.9596101257980666,0.04038987420193341
0.3042421749236741,0.9502866125208782,0.04971338747912174
0.5422805015457304,0.9898962025398633,0.010103797460136676
0.42487876952973375,0.9875506625722935,0.012449337427706486
0.7618970743771726,0.9372285750037115,0.06277142499628852
0.5888251477302696,0.9435502343832172,0.05644976561678283
0.6083789639212167,0.95299431883676,0.04700568116324
0.27656896014278365,0.936410983491523,0.06358901650847704
0.530945052012121,0.9813058232829384,0.01869417671706164
0.45983116648353595,0.9708298248159685,0.029170175184031533
0.3733424611055359,0.9703618959502402,0.02963810404975975
0.5646645971861276,0.9752691753072694,0.02473082469273058
0.3695945162167928,0.97483091844739,0.025169081552609995
0.28843847292314245,0.9346882336883324,0.06531176631166763
0.4050342376270903,0.9832288864924252,0.01677111350757482
0.4452117334338117,0.9742736494417796,0.025726350558220368
0.67556414171084,0.9419945331932366,0.05800546680676344
0.632706309569978,0.9615257810927396,0.03847421890726044
0.8033457964720528,0.9175257258367552,0.08247427416324482
0.15143257598448961,0.9283477114440303,0.07165228855596975
0.5633363047683768,0.98059281305656,0.019407186943440013
0.3595893747521426,0.9853284216607094,0.014671578339290614
0.7494947208271083,0.9287529271158014,0.07124707288419863
0.24264337788031395,0.907533973730918,0.09246602626908193
0.23479377166807835,0.9305091030898096,0.06949089691019045
0.34647076561857965,0.9760724877815188,0.023927512218481217
0.6667932566691308,0.9735639688081177,0.026436031191882314
0.49029672435778204,0.9998001583962972,0.00019984160370284387
0.03668847955498056,0.8890617720437263,0.1109382279562737
0.460613559534007,0.9905864943632671,0.009413505636732933
0.5296955403040526,0.9906736782280405,0.009326321771959467
0.3336498473391433,0.9721887354410538,0.027811264558946225
0.5851932486380157,0.9916501510620779,0.008349848937922122
0.29542754207927907,0.9356940167773887,0.06430598322261127
0.3102685974197604,0.9263057443150009,0.07369425568499904
0.47773170557867956,0.9995548707174859,0.00044512928251400075
0.2441978652846939,0.9567168640725238,0.043283135927476235
0.3566956238404259,0.96897714134844,0.03102285865155996
0.5119899898807335,0.9860790408375174,0.013920959162482593
0.5952579664872232,0.9734372704326706,0.026562729567329413
0.5132472100670183,0.9859029119054082,0.014097088094591759
0.3131324143229304,0.9598637669355492,0.040136233064450744
0.20049751803217838,0.9562984391144822,0.043701560885517854
0.5542544666656224,0.9807275869963912,0.019272413003608824
0.4920929494571324,0.9747925887918373,0.025207411208162722
0.8020160386665328,0.9435366186696932,0.05646338133030682
0.5673680692215384,0.9731832131074781,0.02681678689252187
0.447530996702434,0.9514199317722288,0.04858006822777117
0.5611777478595574,0.9627588039037481,0.03724119609625187
0.48626878263099244,0.9786891685174015,0.021310831482598436
0.1778721931594195,0.9156022915261275,0.08439770847387251
0.484341463534394,0.9740642089138567,0.0259357910861433
0.4664357820234634,0.9817630402434333,0.018236959756566695
0.8181436765857373,0.9120374294113415,0.08796257058865853
0.6744452722623858,0.9299760308722387,0.07002396912776132
0.7072960580296977,0.9334093639803616,0.06659063601963844
0.5394516775811593,0.9871087171216207,0.012891282878379262
0.5010513422373177,0.9767514023270492,0.023248597672950788
0.7773691492219296,0.9083501779255664,0.09164982207443362
0.825193998701458,0.8984589044055571,0.10154109559444291
0.5732652189127714,0.9548038558749312,0.04519614412506878
0.6012186217539559,0.9603550036629891,0.03964499633701091
0.27309649303730604,0.9494895553803908,0.05051044461960924
0.1373431544990169,0.9362992350499046,0.06370076495009536
0.09534220685041814,0.9189058777232136,0.08109412227678639
0.21427819178849888,0.9350211402243427,0.06497885977565737
0.7898410988492861,0.9108770543249992,0.08912294567500079
0.7576611354471855,0.9568391122880587,0.043160887711941265
0.4038729287195098,0.9715902664487288,0.028409733551271132
0.46539911481760127,0.9880972289325155,0.011902771067484497
0.13601926771103656,0.911856469488483,0.08814353051151697
0.5864153304713519,0.9986394728499862,0.0013605271500137794
0.7490093358846168,0.9204245168707784,0.07957548312922158
0.6582080900446056,0.9581347826382314,0.041865217361768625
0.5718295431833378,0.9697940848057898,0.03020591519421023
0.6743290093124813,0.9344201394140258,0.0655798605859742
0.8403271268328062,0.894312618417372,0.10568738158262803
0.397990314219585,0.9890438281657332,0.010956171834266781
0.6860026714181209,0.9593104096445324,0.0406895903554676
0.6857724206356977,0.9499440048436434,0.050055995156356614
0.5029921928769657,0.970397001469266,0.029602998530734004
0.5362143415035338,0.9846194503890875,0.015380549610912508
0.7263745747343533,0.9247023194273759,0.07529768057262409
0.41186153331854797,0.9576761851880804,0.0423238148119196
0.6034509451770821,0.9785788214005782,0.02142117859942183
0.43240626014535594,0.9939058465424078,0.006094153457592233
0.5961186510434348,0.9832220975943847,0.016777902405615275
0.38901653422066235,0.9860112602357025,0.013988739764297542
0.4218959913383561,0.9623713960948542,0.037628603905145774
0.35569135139491076,0.9739310686015017,0.026068931398498307
0.6348757939224954,0.9499133250286695,0.05008667497133046
0.20566444960126512,0.9271251380076988,0.07287486199230125
0.1917735978160795,0.9414382786319508,0.05856172136804916
0.210959893757697,0.952589176754992,0.04741082324500803
0.7031604656850982,0.9480570077700022,0.051942992229997764
0.7606571336516983,0.916913149686834,0.08308685031316598
0.3388492479409379,0.9624459811217849,0.03755401887821508
0.5720637420316786,0.9779602940321612,0.022039705967838774
0.7504409903061785,0.9436347420743914,0.05636525792560865
0.6050418653019918,0.9981937248284658,0.0018062751715341996
0.2122479130404602,0.936195832581048,0.06380416741895195
0.8176999464779203,0.9045635155456124,0.09543648445438757
0.6301858333145234,0.9648976103319489,0.035102389668051126
0.5891051486944516,0.9635187077762227,0.03648129222377727
0.7509742164185905,0.9399830285843085,0.06001697141569151
0.4152646811359446,0.9618030139059355,0.03819698609406452
0.4909732352894882,0.9915164291360388,0.008483570863961176
0.5760791571783457,0.9558479352349293,0.04415206476507072
0.3521564730630839,0.9666906799472632,0.033309320052736735
0.8161414204140262,0.9104732540937045,0.0895267459062955
0.39623804705747345,0.9836944099426727,0.016305590057327346
0.5149988210255553,0.9831017504035641,0.016898249596435932
0.31315480733595086,0.9764452838951576,0.023554716104842444
0.5376660412606735,0.9775326793716652,0.022467320628334786
0.5492113127921104,0.9796919121439818,0.02030808785601823
0.5390212875939534,0.9747189029572976,0.025281097042702427
0.46205632988455103,0.981512297389961,0.01848770261003896
0.7273392041225933,0.9457182047857648,0.05428179521423515
0.7664139690381901,0.9011436526780925,0.09885634732190751
0.7219995122223614,0.9391294842170642,0.060870515782935786
0.4724214577581967,0.9986689167989129,0.0013310832010871576
0.6018455825092174,0.987479712404419,0.012520287595580992
0.6479801275268309,0.9555529697054289,0.04444703029457109
0.543298807067411,0.978283696424344,0.021716303575656015
0.7636593790437537,0.9259027419790947,0.07409725802090528
