event_id,category,event_date,tickets_sold,gross_revenue,net_profit,roi,conversions,total_marketing_cost,payment_processing_fee,platform_fee,total_costs,conversion_rate,marketing_start_days_before,marketing_duration_days
event_0000,technology,1776319675.5756068,42,1050.0,799.3483028132939,3.189079953517622,42,114.15169718670614,31.5,105.0,250.65169718670614,0.1667360356408286,11.430362761312214,9.271594413410678
event_0001,health,1767832458.3763173,63,1575.0,1103.8613052713777,2.342964646338815,63,266.38869472862234,47.25,157.5,471.13869472862234,0.197527067876165,7.293953583147668,12.48432668175742
event_0002,science,1766476378.716503,96,2400.0,1535.9237777993817,1.7775327434513943,96,552.0762222006183,72.0,240.0,864.0762222006183,0.24308487845186272,7.639810866129491,11.330514009065588
event_0003,business,1772283939.3855016,39,975.0,540.537883634463,1.2441542387085334,39,307.71211636553704,29.25,97.5,434.46211636553704,0.16258274576652262,11.90929698016102,12.54026371055649
event_0004,health,1770934818.638433,57,1425.0,1003.2567159403525,2.378832701929786,57,236.49328405964755,42.75,142.5,421.7432840596475,0.16929652990501584,12.6386776361061,10.071032286676182
event_0005,technology,1772287033.0577989,60,1500.0,1116.6806989609254,2.913186724315492,60,188.31930103907453,45.0,150.0,383.3193010390745,0.1794714596440897,10.397114932137592,10.062500029155414
event_0006,business,1774682253.373556,89,2225.0,1461.6361543713258,1.9147306526779297,89,474.1138456286742,66.75,222.5,763.3638456286742,0.233134959339112,12.126816870858988,8.927271240008121
event_0007,technology,1779483343.0687816,37,925.0,589.1082141375347,1.7538631158391937,37,215.6417858624653,27.75,92.5,335.8917858624653,0.18671127070045396,9.069708628475144,8.843444882268024
event_0008,business,1781039441.8833284,56,1400.0,863.7428029382017,1.6106875724386112,56,354.2571970617982,42.0,140.0,536.2571970617983,0.22760165677979388,7.131038996116386,12.997805018339502
event_0009,art,1770461467.5017385,61,1525.0,980.3776372997072,1.800105365558064,61,346.3723627002928,45.75,152.5,544.6223627002928,0.19975491595695472,9.712435881265149,10.668488381673166
event_0010,technology,1779767182.4571257,57,1425.0,1081.3672009177917,3.1468684124622612,57,158.38279908220815,42.75,142.5,343.6327990822082,0.15666798430962656,7.773248938275829,10.662403774352649
event_0011,business,1766553862.8592446,76,1900.0,1200.9879062220543,1.7181217848908503,76,452.01209377794555,57.0,190.0,699.0120937779456,0.2071012181354699,10.397592010656867,7.691275106539726
event_0012,technology,1773136779.1843958,45,1125.0,637.5930200615562,1.3081327233805309,45,341.1569799384438,33.75,112.5,487.4069799384438,0.210595362423245,8.791569712337846,9.564478140660073
event_0013,science,1768030211.1221397,48,1200.0,787.2902718326338,1.907612586038592,48,256.7097281673662,36.0,120.0,412.7097281673662,0.2301019949010884,13.228371276144266,7.559697622630104
event_0014,science,1775690096.1835153,58,1450.0,1131.3527030085288,3.550485799472543,58,130.14729699147134,43.5,145.0,318.6472969914713,0.23236429662774005,9.583480556009315,11.959036494851858
event_0015,art,1781102267.7792642,55,1375.0,910.8018530371841,1.962097132434574,55,285.44814696281594,41.25,137.5,464.19814696281594,0.15971192501576625,13.61222437405065,13.724107218059874
event_0016,health,1772955951.251994,58,1450.0,1001.0157591130903,2.229512013908806,58,260.4842408869096,43.5,145.0,448.9842408869096,0.1678897891628917,8.741341203378093,11.377275374774065
event_0017,science,1769869802.9915047,81,2025.0,1518.6806710128758,2.9994522904170946,81,243.06932898712407,60.75,202.5,506.3193289871241,0.21652423547735436,9.505743561099827,10.21104414699862
event_0018,health,1767290914.8284504,71,1775.0,1252.1599439348386,2.394919687979649,71,292.0900560651615,53.25,177.5,522.8400560651614,0.24984335720532813,9.362590093930983,8.10723519129532
event_0019,art,1768433023.8773613,64,1600.0,985.2668094917749,1.6027551866480716,64,406.73319050822516,48.0,160.0,614.7331905082251,0.2264184367904371,9.272578760340647,9.6020365870476
event_0020,technology,1779809699.116634,60,1500.0,838.8053607727196,1.2686209340006263,60,466.1946392272804,45.0,150.0,661.1946392272804,0.24261469225926574,8.497496952306044,12.359957537439993
event_0021,health,1768555425.0904076,63,1575.0,868.7402603883842,1.230057741739773,63,501.5097396116158,47.25,157.5,706.2597396116158,0.20957628266237857,12.084192948361041,13.880695298249835
event_0022,health,1779377211.0091531,55,1375.0,858.642669309889,1.6628846310021668,55,337.6073306901109,41.25,137.5,516.357330690111,0.15217013714575994,8.553206924377081,12.990042978557444
event_0023,health,1768935746.5180264,34,850.0,598.9462263297598,2.385728832407345,34,140.5537736702401,25.5,85.0,251.0537736702401,0.16547147862187558,10.894261598547379,13.481457151482125
event_0024,science,1773944023.8000379,50,1250.0,867.5605254566708,2.2684910507541733,50,219.9394745433292,37.5,125.0,382.4394745433292,0.23110742367826584,11.075089944519089,8.630959039879642
event_0025,health,1773790325.0240679,61,1525.0,952.3581930157369,1.6630958155695903,61,374.3918069842631,45.75,152.5,572.6418069842631,0.16729024908563225,12.065063687211605,12.55032936019996
event_0026,science,1781019012.9766567,70,1750.0,1349.5394937124015,3.3699690044920514,70,172.9605062875986,52.5,175.0,400.4605062875986,0.22307893619562771,11.16661841791706,9.102752776902923
event_0027,art,1774505626.7979429,71,1775.0,1031.7209449843604,1.3880667536940772,71,512.5290550156396,53.25,177.5,743.2790550156396,0.19165217126179193,9.435511448670532,12.719991900325795
event_0028,health,1771292497.7624097,62,1550.0,1111.1205778489216,2.531721748089691,62,237.37942215107833,46.5,155.0,438.8794221510783,0.22774186181440473,11.216111440215798,7.080040666738225
event_0029,business,1774242828.767836,36,900.0,552.9790281099727,1.5935031969342026,36,230.02097189002734,27.0,90.0,347.02097189002734,0.17207971748202852,8.047060134171108,10.51681127313063
event_0030,art,1781676196.6870208,44,1100.0,764.8988853761906,2.2825912896018865,44,192.1011146238094,33.0,110.0,335.1011146238094,0.17220856281514144,11.165925339063882,10.533105422784244
event_0031,business,1768792835.8988104,41,1025.0,686.3015135609745,2.0262904649399034,41,205.4484864390255,30.75,102.5,338.6984864390255,0.18991912995469418,11.000084133574404,7.345177686490616
event_0032,science,1772962760.4209008,65,1625.0,1207.271272846644,2.890084388195385,65,206.4787271533561,48.75,162.5,417.7287271533561,0.19878610998043328,7.944095346081685,10.915073241194783
event_0033,business,1773246735.8864498,60,1500.0,852.3102908777702,1.31592378089942,60,452.68970912222983,45.0,150.0,647.6897091222298,0.22767718987916835,8.723720883549792,7.501507862387594
event_0034,technology,1772117356.9971235,57,1425.0,1117.4712640253379,3.6337133194519056,57,122.27873597466203,42.75,142.5,307.528735974662,0.18207383628526697,9.96478421655948,9.43815499792567
event_0035,art,1769642420.3302495,44,1100.0,857.1523265541175,3.5295883810273763,44,99.84767344588253,33.0,110.0,242.84767344588255,0.19422101052342516,11.313546961181524,13.931114275899322
event_0036,art,1781557266.230132,52,1300.0,1009.9841398311327,3.4825134709634495,52,121.0158601688673,39.0,130.0,290.01586016886733,0.23527641451792003,9.616745532243986,12.304136478151435
event_0037,art,1779813233.7752821,51,1275.0,973.1989343511602,3.2246371703787307,51,136.0510656488398,38.25,127.5,301.80106564883977,0.15137332926934313,13.08126646151478,12.740937695009974
event_0038,health,1769834599.1812599,51,1275.0,928.1006509517669,2.67541767806178,51,181.14934904823315,38.25,127.5,346.89934904823315,0.17038013528766052,8.463066787869415,10.766038205348902
event_0039,science,1767454941.582506,47,1175.0,741.1350075561006,1.7082157363777917,47,281.1149924438994,35.25,117.5,433.8649924438994,0.15183885125563043,7.989431946467593,11.89128662405777
event_0040,art,1781466980.3086076,44,1100.0,696.1439218407379,1.7237425892255878,44,260.85607815926215,33.0,110.0,403.85607815926215,0.21179647763913978,8.988094787335935,12.524319461551954
event_0041,science,1780364407.6122248,80,2000.0,1570.8424045115867,3.660292678086826,80,169.15759548841322,60.0,200.0,429.1575954884132,0.21601003733293647,8.899172653562363,12.96458061330081
event_0042,art,1769439600.33378,54,1350.0,964.2922659439554,2.5000594512420133,54,210.20773405604464,40.5,135.0,385.7077340560446,0.24766119398898542,8.61818034096472,9.664908420739936
event_0043,technology,1771045921.9212115,75,1875.0,1471.5801938035445,3.647763870787547,75,159.66980619645548,56.25,187.5,403.4198061964555,0.19579862621477806,8.304921711922633,10.504555760082152
event_0044,technology,1769081783.2475908,44,1100.0,776.0949462814642,2.396056922766844,44,180.90505371853575,33.0,110.0,323.9050537185358,0.16570052505908325,9.33498744241543,9.753798724790922
event_0045,science,1771386930.0268524,75,1875.0,1085.845226613978,1.3759597777695085,75,545.4047733860222,56.25,187.5,789.1547733860222,0.23118928600997454,13.847709870711824,10.508760228240101
event_0046,technology,1776699564.868205,40,1000.0,574.6779244073989,1.3511594092704928,40,295.32207559260115,30.0,100.0,425.32207559260115,0.1780193844628205,7.206261289186454,10.884575461177638
event_0047,health,1770183101.2514963,68,1700.0,1250.2093851993084,2.77953639773763,68,228.7906148006916,51.0,170.0,449.7906148006916,0.21124483933501054,9.675449852980858,13.724239854112001
event_0048,health,1766461543.0176725,56,1400.0,1036.529555713901,2.851757473017574,56,181.47044428609914,42.0,140.0,363.4704442860991,0.18292847383705466,13.79376021166652,13.368147754949199
event_0049,health,1780643803.6708007,61,1525.0,1013.037193038315,1.9787320079955144,61,313.71280696168503,45.75,152.5,511.96280696168503,0.18089983961621828,12.600735414148655,13.038113631060476
event_0050,health,1777561458.6517537,93,2325.0,1659.587114350198,2.4940712002136016,93,363.16288564980204,69.75,232.5,665.4128856498021,0.2433029946422907,13.830438363480194,8.016066764247583
event_0051,health,1770688056.169879,82,2050.0,1242.905973815961,1.539976673712296,82,540.594026184039,61.5,205.0,807.094026184039,0.23796381216162654,7.828711035020251,9.223183124338519
event_0052,health,1768721028.3994093,91,2275.0,1287.695483392973,1.304253613483174,91,691.5545166070269,68.25,227.5,987.3045166070269,0.2433768524391193,9.878762342955445,10.101031409347565
event_0053,technology,1778347173.8570275,72,1800.0,1306.7153511820648,2.6490087504514173,72,259.2846488179352,54.0,180.0,493.2846488179352,0.22624474837329656,7.747400029903807,8.293225476021972
event_0054,technology,1777800338.9188726,62,1550.0,1047.203974143563,2.082761040841183,62,301.296025856437,46.5,155.0,502.796025856437,0.18592613345345513,8.62527773988535,11.811645196248527
event_0055,health,1779446854.0779388,70,1750.0,1324.7446566165218,3.115174629144919,70,197.7553433834782,52.5,175.0,425.2553433834782,0.2352129432465585,11.98413389583662,9.617715807913507
event_0056,business,1776371352.531831,49,1225.0,749.4942014711075,1.5762041257748556,49,316.25579852889246,36.75,122.5,475.50579852889246,0.17698587026461812,12.351771978897641,7.105099823162299
event_0057,art,1781168436.4780612,92,2300.0,1546.5515200220034,2.0526307519621887,92,454.4484799779967,69.0,230.0,753.4484799779967,0.2485627639586368,7.462954269644225,13.489722443244556
event_0058,health,1776511398.4043427,53,1325.0,925.7910143358715,2.3190635671582274,53,226.95898566412845,39.75,132.5,399.2089856641285,0.1541826275050118,8.727486886031105,9.8340673776977
event_0059,technology,1776786733.9575186,75,1875.0,1127.136061956507,1.5071405433791047,75,504.11393804349285,56.25,187.5,747.8639380434929,0.20252305317028896,12.197274982955612,11.156640609749523
event_0060,health,1777547201.625115,75,1875.0,1303.2249615138487,2.2792617267173925,75,328.0250384861513,56.25,187.5,571.7750384861513,0.2495836371524048,12.789070711615448,7.296911412063684
event_0061,science,1781276813.9857678,39,975.0,677.1086653996331,2.273005578722192,39,171.1413346003669,29.25,97.5,297.8913346003669,0.1549295449181276,10.61288678166359,11.414539871649042
event_0062,science,1778758235.6785562,44,1100.0,732.5200123297395,1.9933602833007313,44,224.4799876702604,33.0,110.0,367.4799876702604,0.21131342792438926,10.229430147747742,9.95723527715309
event_0063,health,1766572076.2453692,57,1425.0,805.0078794668601,1.298416306927615,57,434.7421205331399,42.75,142.5,619.9921205331399,0.1613171586243595,10.161886614807587,12.05852754044983
event_0064,science,1774489515.414377,53,1325.0,820.1322635645957,1.624449740748146,53,332.61773643540425,39.75,132.5,504.86773643540425,0.16788785789436156,9.894915135683316,10.15620098392952
event_0065,health,1771387790.8805122,86,2150.0,1327.8186446252214,1.6149948377507977,86,542.6813553747786,64.5,215.0,822.1813553747786,0.24071624630054067,8.750576058540668,11.84202199831631
event_0066,business,1772269351.6637926,55,1375.0,825.1980239017817,1.500900432839415,55,371.0519760982183,41.25,137.5,549.8019760982183,0.20238173060661488,10.145788926173053,9.540603724100782
event_0067,art,1770671838.8961499,86,2150.0,1406.7063454866889,1.8925310837044107,86,463.79365451331125,64.5,215.0,743.2936545133113,0.22682603237843885,9.650750419888059,9.664249064828027
event_0068,art,1778707001.9711835,62,1550.0,1109.3591903774427,2.5176042848316618,62,239.14080962255724,46.5,155.0,440.64080962255724,0.22120474878796226,13.081729762347427,8.252067352712881
event_0069,science,1772992745.3011813,39,975.0,624.5708832509621,1.7823030490307477,39,223.67911674903792,29.25,97.5,350.4291167490379,0.16315710318120857,11.385169947630704,7.822877848817359
event_0070,business,1781163357.8252285,56,1400.0,1026.0728730494557,2.7440450266801975,56,191.92712695054422,42.0,140.0,373.9271269505442,0.15057505488990539,12.987877394933221,10.804508117230101
event_0071,technology,1774534462.5943668,52,1300.0,856.2294178100583,1.9294415902575015,52,274.77058218994165,39.0,130.0,443.77058218994165,0.21001021042955892,9.871059559979495,7.555834421578913
event_0072,art,1768343928.1975455,54,1350.0,1054.6023792095384,3.570111283860388,54,119.89762079046149,40.5,135.0,295.3976207904615,0.16482561681796903,12.776767532925778,7.342431599601208
event_0073,science,1766566061.5592856,50,1250.0,862.4129228433926,2.225081726589476,50,225.08707715660745,37.5,125.0,387.58707715660745,0.24203846982695362,12.866101050548242,9.089090826494825
event_0074,business,1767391531.1088817,74,1850.0,1382.7258452994063,2.959131874488947,74,226.7741547005937,55.5,185.0,467.2741547005937,0.20949689863047197,11.277628292340578,11.840595326564667
event_0075,business,1767700043.493368,49,1225.0,856.3418306324047,2.3228613978672796,49,209.40816936759526,36.75,122.5,368.6581693675953,0.17992944815965134,13.52035873570204,7.651884014752387
event_0076,science,1774502358.072335,55,1375.0,995.691880891928,2.625021270921535,55,200.55811910807202,41.25,137.5,379.308119108072,0.1634545789078051,10.853297579694399,9.049828993497176
event_0077,science,1778237397.4529142,55,1375.0,878.6870623040768,1.7704294922942816,55,317.56293769592327,41.25,137.5,496.31293769592327,0.16093022344363261,11.870806481416201,11.284376214498966
event_0078,science,1766416922.84391,63,1575.0,1014.1067385787694,1.808020898680713,63,356.14326142123065,47.25,157.5,560.8932614212306,0.24862784423441114,11.820579947780416,13.537241723517283
event_0079,science,1778627611.4763997,50,1250.0,831.5882599446519,1.9874878745865214,50,255.9117400553481,37.5,125.0,418.4117400553481,0.16297131375543025,13.96517034890286,9.47697341061933
event_0080,business,1768955741.2239504,87,2175.0,1717.4247612081163,3.753316647427336,87,174.8252387918839,65.25,217.5,457.57523879188386,0.2208587067503393,8.259350621593338,11.265840304114308
event_0081,health,1774054813.2572446,91,2275.0,1571.183537819693,2.23237679458708,91,408.06646218030704,68.25,227.5,703.8164621803071,0.2299564351255506,7.825480067448903,12.936488519991308
event_0082,health,1766697943.3410537,43,1075.0,645.3795602656774,1.5022086953422893,43,289.8704397343226,32.25,107.5,429.6204397343226,0.17011871389300903,11.462524805116395,7.079080875846208
event_0083,health,1779038447.3834853,58,1450.0,893.409968301768,1.6051490638016863,58,368.09003169823205,43.5,145.0,556.590031698232,0.2185835788646958,9.26746687568149,7.04291883704705
event_0084,health,1771504416.58197,61,1525.0,869.4343225384714,1.3262352689132257,61,457.31567746152854,45.75,152.5,655.5656774615286,0.1837936855273543,8.229403617665984,9.31360382465107
event_0085,art,1771402863.930154,73,1825.0,1294.9719713139393,2.443214134399976,73,292.7780286860607,54.75,182.5,530.0280286860607,0.23920583267899181,10.370468661842525,11.390403413953823
event_0086,science,1772001702.5995166,61,1525.0,1089.2759600341703,2.499921647930175,61,237.47403996582963,45.75,152.5,435.72403996582966,0.17993437466393608,12.198092523158758,12.84574015175933
event_0087,health,1777234494.4588978,64,1600.0,891.6684957047322,1.258829362096311,64,500.3315042952678,48.0,160.0,708.3315042952678,0.23880294695182352,11.798453102425,12.596747334400602
event_0088,art,1774963923.9195933,73,1825.0,1271.1199720347527,2.2949373652348193,73,316.63002796524734,54.75,182.5,553.8800279652473,0.23424057749358526,13.885331382056217,11.385575933306754
event_0089,technology,1777519924.9318142,37,925.0,638.8709559346057,2.2328070819283656,37,165.87904406539428,27.75,92.5,286.1290440653943,0.1814499398394227,12.260781460687294,11.936863288318637
event_0090,technology,1780050591.9260278,44,1100.0,839.3709441215326,3.2205578203565124,44,117.62905587846741,33.0,110.0,260.6290558784674,0.17161398792646856,10.163344307290034,13.655087248373038
event_0091,science,1766415204.9195344,45,1125.0,753.7353367239162,2.030183347030298,45,225.01466327608375,33.75,112.5,371.26466327608375,0.152493477462996,13.393476923169409,10.106418650909982
event_0092,art,1774958729.676275,51,1275.0,740.4795104558395,1.385315483579163,51,368.77048954416045,38.25,127.5,534.5204895441605,0.2275533209199741,12.127087467291606,10.665395730529061
event_0093,technology,1772763684.291977,64,1600.0,989.9478820853896,1.622726735986766,64,402.05211791461045,48.0,160.0,610.0521179146104,0.22245706322532335,11.737021021165269,7.929020095142049
event_0094,business,1768338691.9940653,45,1125.0,762.6935063296543,2.10510581414975,45,216.05649367034573,33.75,112.5,362.30649367034573,0.2094287580787205,13.526361408145798,11.809366315132888
event_0095,health,1767539038.9226758,54,1350.0,777.4480706454069,1.3578647294434623,54,397.05192935459314,40.5,135.0,572.5519293545931,0.2077559834409459,11.6128900067425,9.187365600149048
event_0096,art,1771300024.271962,43,1075.0,810.7252535176726,3.067736377799865,43,124.52474648232736,32.25,107.5,264.2747464823274,0.1941115622752339,8.936546770676454,9.234048533510489
event_0097,health,1773124434.3373382,46,1150.0,820.5981643288554,2.4911766586148976,46,179.90183567114457,34.5,115.0,329.40183567114457,0.17065773795733505,11.36061473874286,10.598424633716249
event_0098,business,1772204838.6341755,50,1250.0,885.8783322410798,2.4329184739085816,50,201.62166775892024,37.5,125.0,364.12166775892024,0.15712428712202425,8.98287387206093,8.71377551703844
event_0099,art,1775854126.2756803,33,825.0,567.3097824484146,2.2015185048103283,33,150.44021755158542,24.75,82.5,257.6902175515854,0.1605926918861267,10.295149053059866,11.728471564897834
event_0100,technology,1773610928.6359193,71,1775.0,1269.1502826096603,2.5089472999157945,71,275.0997173903396,53.25,177.5,505.8497173903396,0.2199365499957176,11.149293567287138,12.853220826617436
event_0101,health,1769473532.7761314,86,2150.0,1458.2011926697248,2.107839992232825,86,412.29880733027517,64.5,215.0,691.7988073302752,0.24736818888990877,11.696091858037551,10.734394502265895
event_0102,art,1779284054.1623266,65,1625.0,1006.7657981892492,1.6284537400883439,65,406.9842018107508,48.75,162.5,618.2342018107508,0.19555841707467414,13.437823294775157,10.277931337660856
event_0103,health,1780436733.089969,80,2000.0,1391.8030791877995,2.288408624840048,80,348.1969208122006,60.0,200.0,608.1969208122006,0.21169420872483607,8.566561177418022,13.02767393939127
event_0104,science,1778126048.5448203,40,1000.0,675.9197531112068,2.085655511559598,40,194.08024688879323,30.0,100.0,324.0802468887932,0.1953283067699572,12.521450944435157,13.17682723159587
event_0105,business,1777764969.1169808,47,1175.0,899.223116692875,3.2606906928142902,47,123.02688330712502,35.25,117.5,275.776883307125,0.21044402314326038,8.195610813616227,12.375590603353888
event_0106,business,1780581859.433129,70,1750.0,1214.157080590538,2.2658824752758284,70,308.34291940946207,52.5,175.0,535.8429194094621,0.2292430939541147,9.281088098086782,11.5461598895227
event_0107,art,1771643009.6331167,50,1250.0,743.3252885325405,1.4670660913383273,50,344.1747114674595,37.5,125.0,506.6747114674595,0.18838164587770398,10.835643120953009,13.817242118542065
event_0108,science,1778888257.0457976,50,1250.0,788.7163229220989,1.709829248497127,50,298.7836770779011,37.5,125.0,461.2836770779011,0.20445268801907684,10.047475956160413,12.511287394131763
event_0109,art,1776831554.0863926,61,1525.0,1001.5879013557633,1.9135742256438415,61,325.1620986442367,45.75,152.5,523.4120986442367,0.2092163135082092,11.019318035671393,10.406412145497352
event_0110,art,1775863308.3159797,58,1450.0,877.0725041530038,1.5308612529694883,58,384.42749584699624,43.5,145.0,572.9274958469962,0.16087446338348735,13.691184124652713,7.4872534438059795
event_0111,technology,1767080543.61087,87,2175.0,1246.7503655396104,1.3431196945898844,87,645.4996344603896,65.25,217.5,928.2496344603896,0.23170335899212713,11.62115331314784,7.633731033826487
event_0112,technology,1777932625.175918,56,1400.0,911.8150445949608,1.867765555860775,56,306.1849554050392,42.0,140.0,488.1849554050392,0.20312558210753145,8.027077478365374,8.044515022418059
event_0113,science,1772137791.9242277,62,1550.0,873.5800133314458,1.291475755519773,62,474.91998666855426,46.5,155.0,676.4199866685542,0.24132042652335683,9.216184020773674,10.991934854987461
event_0114,science,1772567177.7299502,59,1475.0,1022.1641147131963,2.257250690425757,59,261.0858852868036,44.25,147.5,452.8358852868036,0.1508119252409717,9.40985238501448,7.6250118321112454
event_0115,art,1767161907.0038188,52,1300.0,770.9249755043296,1.4571184422080736,52,360.0750244956704,39.0,130.0,529.0750244956704,0.1553127311176384,9.584560255017355,10.842195956224923
event_0116,art,1769733785.431029,61,1525.0,1088.315404679558,2.492223028570415,61,238.434595320442,45.75,152.5,436.684595320442,0.22022218822700074,13.059757457809845,8.646688193246785
event_0117,health,1774776740.7911255,46,1150.0,802.3517640772578,2.3079414223047126,46,198.14823592274215,34.5,115.0,347.6482359227422,0.19748714129557376,10.815831515777948,11.637412922187677
event_0118,art,1770075622.3439088,49,1225.0,946.656677017909,3.401039647280558,49,119.09332298209098,36.75,122.5,278.34332298209097,0.21700660819228673,8.079871036256076,13.982192301073296
event_0119,technology,1767363764.6152542,53,1325.0,842.5167579331292,1.746209369519115,53,310.2332420668709,39.75,132.5,482.4832420668709,0.24902176420075875,10.406909358542315,10.057145810312221
event_0120,science,1773498787.309653,45,1125.0,751.2079731038684,2.009695015010613,45,227.54202689613152,33.75,112.5,373.7920268961315,0.19257041709367073,12.522498971728485,11.231006588877566
event_0121,business,1780522977.3003898,66,1650.0,968.1656608772153,1.419942653699153,66,467.3343391227848,49.5,165.0,681.8343391227847,0.2104573257322833,9.487150613815981,8.300537235836707
event_0122,technology,1774903349.2683098,73,1825.0,1192.9004849666994,1.8872036073368201,73,394.8495150333005,54.75,182.5,632.0995150333006,0.18669700252522667,9.875864695652954,10.823163822550075
event_0123,technology,1776557405.9213896,56,1400.0,775.5174230281873,1.2418559806564338,56,442.48257697181265,42.0,140.0,624.4825769718127,0.1642087479905676,10.370730360837014,11.833480854037715
event_0124,art,1773012343.83136,51,1275.0,862.6798188613144,2.09225708156921,51,246.57018113868557,38.25,127.5,412.3201811386856,0.23899154783045545,10.254554291208438,7.547642213579248
event_0125,business,1767877080.0612528,60,1500.0,1166.0012620293296,3.4910349335862483,60,138.9987379706703,45.0,150.0,333.9987379706703,0.22980982406409714,7.546573428724096,11.435813648807857
event_0126,health,1779961651.8589778,68,1700.0,1171.2254282832955,2.2149806192094834,68,307.77457171670443,51.0,170.0,528.7745717167045,0.19692323921171226,10.282081672387148,10.588641772735011
event_0127,technology,1776588872.9900615,84,2100.0,1292.6062561001563,1.6009614464643447,84,534.3937438998436,63.0,210.0,807.3937438998436,0.24228645160618165,9.024459102545359,7.247283681223974
event_0128,science,1778929216.7701511,61,1525.0,908.6941446372784,1.4744207551013355,61,418.05585536272156,45.75,152.5,616.3058553627216,0.1551619884791373,10.312123723678198,8.183554686680584
event_0129,art,1778232302.8296304,59,1475.0,1118.331277966556,3.1354901870584895,59,164.91872203344408,44.25,147.5,356.66872203344406,0.23514452560526342,7.5775711677055755,10.539172765150933
event_0130,health,1766852089.2000096,53,1325.0,998.6888749181368,3.060541912776008,53,154.0611250818632,39.75,132.5,326.3111250818632,0.16746138476590178,7.099421070441634,7.780845830043783
event_0131,science,1780113047.659619,71,1775.0,1035.0318536602217,1.3987519040920393,71,509.2181463397783,53.25,177.5,739.9681463397783,0.19849185137510983,8.828768115324483,11.905424108008825
event_0132,technology,1775816556.0737123,49,1225.0,675.6358410313228,1.2298506009196082,49,390.11415896867715,36.75,122.5,549.3641589686772,0.1654150298518048,8.015491762524906,13.537592982888716
event_0133,health,1774570189.2403576,59,1475.0,1043.0931953100016,2.415088588517801,59,240.15680468999838,44.25,147.5,431.90680468999835,0.1710856747461538,10.081295058742118,11.46302266546326
event_0134,technology,1769660420.850824,49,1225.0,748.3817396552413,1.5701910772657013,49,317.36826034475877,36.75,122.5,476.61826034475877,0.18987448027449244,7.811960550901759,8.17320277726728
event_0135,science,1769953991.862414,45,1125.0,653.7750113205741,1.3873946140944933,45,324.9749886794259,33.75,112.5,471.2249886794259,0.19745895807640637,9.658605559055282,11.939254632074338
event_0136,business,1772664894.705815,82,2050.0,1599.3193334050234,3.5486752637701233,82,184.1806665949765,61.5,205.0,450.6806665949765,0.24617627228070305,10.141744365349625,11.749453836752625
event_0137,science,1777100125.3648689,89,2225.0,1578.8774048659643,2.4436189304576668,89,356.87259513403575,66.75,222.5,646.1225951340357,0.24180420164172792,13.693285591227376,10.022501150320462
event_0138,art,1772530273.6755462,79,1975.0,1212.1854219699221,1.5890957735762168,79,506.064578030078,59.25,197.5,762.814578030078,0.2273151015306198,11.580402970978898,9.738076345829368
event_0139,health,1781277599.5295935,51,1275.0,801.372630919563,1.6919897016835284,51,307.877369080437,38.25,127.5,473.627369080437,0.1679916652390881,9.361846221566402,11.831948302332341
event_0140,technology,1778181647.8204584,47,1175.0,848.3602406156458,2.5972350769992687,47,173.88975938435422,35.25,117.5,326.6397593843542,0.19459422033393114,7.683891316330804,7.727350993443257
event_0141,technology,1780092922.937323,79,1975.0,1109.7182333163287,1.282493490611155,79,608.5317666836714,59.25,197.5,865.2817666836714,0.21566055185643357,7.6435889780385295,13.569538274101689
event_0142,business,1771848715.4521773,53,1325.0,760.5826855895366,1.347553780103236,53,392.16731441046335,39.75,132.5,564.4173144104634,0.16299072532054665,7.839839768444781,12.995085770136122
event_0143,technology,1774261228.7011673,51,1275.0,720.7782896670063,1.3005233758055783,51,388.47171033299367,38.25,127.5,554.2217103329937,0.17533357388866588,13.272011412500706,11.86957543559254
event_0144,technology,1774172574.284716,84,2100.0,1496.0043195955632,2.476846057233117,84,330.9956804044369,63.0,210.0,603.9956804044368,0.24033914928702949,8.934684935104205,9.988883792203294
event_0145,art,1769058946.1966481,38,950.0,532.6219005784496,1.276113675625571,38,293.8780994215503,28.5,95.0,417.3780994215503,0.18326547369059815,12.439741651987372,9.679593017102277
event_0146,art,1767189698.5347097,49,1225.0,823.0851554283607,2.047909318466713,49,242.66484457163926,36.75,122.5,401.91484457163926,0.21103018849539343,10.442052504837168,13.500104087626069
event_0147,health,1771559756.3908036,82,2050.0,1568.6827389512096,3.259144987929685,82,214.8172610487905,61.5,205.0,481.3172610487905,0.24126092228411264,8.528705487383634,11.503367168782264
event_0148,science,1772233426.5737774,54,1350.0,859.0313727536713,1.7496665267018752,54,315.4686272463286,40.5,135.0,490.9686272463286,0.23965123928912085,8.75417445183292,10.121174366260718
event_0149,health,1772002460.560375,75,1875.0,1249.327648666333,1.9967761816600953,75,381.9223513336669,56.25,187.5,625.6723513336669,0.24046175434539493,8.865055367806944,11.90038639537108
event_0150,art,1770975468.7709224,81,2025.0,1337.2474435287597,1.9443729157329266,81,424.50255647124027,60.75,202.5,687.7525564712403,0.22809370369633708,10.052403672243575,12.908344075786857
event_0151,business,1780004970.4045744,80,2000.0,1407.7192032333385,2.3767767094902656,80,332.2807967666615,60.0,200.0,592.2807967666615,0.20672438855119352,12.725836615702578,10.37446439153273
event_0152,business,1778957557.9338202,48,1200.0,671.2534496639812,1.2695183528618752,48,372.7465503360188,36.0,120.0,528.7465503360188,0.1590666974822844,11.42590768619709,13.711767208051091
event_0153,health,1770014523.7962942,34,850.0,593.1306102664041,2.3090747047811,34,146.36938973359582,25.5,85.0,256.8693897335958,0.16766183045094868,12.365556627733339,11.534548002644206
event_0154,technology,1778476695.0333006,40,1000.0,638.1300954139524,1.7634240574493918,40,231.86990458604765,30.0,100.0,361.86990458604765,0.185926112150031,13.275224884952426,11.414319402142599
event_0155,health,1767970785.514141,62,1550.0,1201.0667413257138,3.4421102358914344,62,147.4332586742861,46.5,155.0,348.9332586742861,0.2092945428479352,8.35164903236592,12.038173243214821
event_0156,technology,1780133072.2468522,77,1925.0,1503.6362818721702,3.568499652872367,77,171.1137181278297,57.75,192.5,421.3637181278297,0.19493072775496106,10.737580327351964,12.839752045888055
event_0157,art,1772205951.902983,76,1900.0,1291.9831136712362,2.1249132100134496,76,361.0168863287638,57.0,190.0,608.0168863287638,0.23071037058074023,7.299701734174453,7.827309761060381
event_0158,art,1773722929.1247497,50,1250.0,945.0228583315878,3.0986678318307157,50,142.47714166841217,37.5,125.0,304.9771416684122,0.24248158117535223,8.042675407136683,11.055419986180212
event_0159,health,1769729172.5919616,49,1225.0,917.1087913662011,2.978678070853905,49,148.64120863379884,36.75,122.5,307.89120863379884,0.22012968111692846,13.42613353080008,7.3206118546335235
event_0160,health,1776061259.9648285,53,1325.0,786.6895434710713,1.4614049085052365,53,366.06045652892874,39.75,132.5,538.3104565289287,0.16706893878828893,12.555879732080143,10.193292150486865
event_0161,science,1768608217.0254996,65,1625.0,967.2567984014793,1.4705690549909816,65,446.49320159852067,48.75,162.5,657.7432015985207,0.2304453530927309,12.594226556341347,8.544007669700463
event_0162,technology,1774516541.8470013,47,1175.0,692.3775599744673,1.4346153484654334,47,329.8724400255327,35.25,117.5,482.6224400255327,0.2075967010452485,9.269644587081798,13.830972886000712
event_0163,science,1767052357.3861835,36,900.0,621.3266659654753,2.229587800777879,36,161.67333403452471,27.0,90.0,278.6733340345247,0.16207454895518225,11.151596771285933,9.348526093680809
event_0164,science,1778373699.3761463,33,825.0,483.9713913710823,1.4191518808842938,33,233.7786086289177,24.75,82.5,341.0286086289177,0.15406988943619346,10.07062848437959,13.479728714182233
event_0165,art,1777190003.6530325,35,875.0,672.5303395955588,3.3216351440119603,35,88.71966040444121,26.25,87.5,202.4696604044412,0.15063495785536168,7.109412283877942,10.408772323765294
event_0166,science,1769477464.8599284,76,1900.0,1406.990940323114,2.853884553856361,76,246.00905967688604,57.0,190.0,493.00905967688607,0.22725627085269426,9.91355569552276,12.651882622731364
event_0167,science,1779783288.4318476,43,1075.0,802.8098795187676,2.949445329240455,43,132.44012048123238,32.25,107.5,272.1901204812324,0.21105379886304854,9.88421927150172,13.566627273126263
event_0168,business,1774112793.8060508,36,900.0,660.1019744168891,2.751594027555686,36,122.89802558311088,27.0,90.0,239.8980255831109,0.18478535668461463,11.390341578315088,12.478081212255347
event_0169,art,1771475120.3738618,69,1725.0,1271.969680665542,2.807692170656876,69,228.78031933445797,51.75,172.5,453.030319334458,0.22611282392351487,7.669786984715213,9.53330913215218
event_0170,science,1780552625.6601112,77,1925.0,1073.2688869304525,1.2601029485262158,77,601.4811130695475,57.75,192.5,851.7311130695475,0.2296612971642743,8.934986087467395,8.356032951092375
event_0171,science,1776941503.778724,55,1375.0,942.8083580512107,2.181459025445302,55,253.44164194878925,41.25,137.5,432.19164194878925,0.21448608365967353,11.690998445888692,7.301809209422717
event_0172,health,1770045510.162287,86,2150.0,1607.7419941607748,2.9649022731763157,86,262.7580058392252,64.5,215.0,542.2580058392252,0.2240416884813134,12.30885614582921,7.303222378573921
event_0173,technology,1778242799.7114012,70,1750.0,1245.5916279851806,2.4694110904816338,70,276.90837201481935,52.5,175.0,504.40837201481935,0.22214030805589324,7.812455598235253,13.26555422430559
event_0174,health,1766778314.283109,39,975.0,597.6169993538608,1.583582191912848,39,250.6330006461392,29.25,97.5,377.3830006461392,0.18261322247071718,9.279794712442477,12.452826952717677
event_0175,health,1770816601.6079516,75,1875.0,1416.0264276171154,3.0852025319571967,75,215.2235723828846,56.25,187.5,458.97357238288464,0.19844077159042608,8.544639308115155,10.296931818840248
event_0176,health,1781422822.353908,72,1800.0,1000.5598549506959,1.2515756947494652,72,565.4401450493041,54.0,180.0,799.4401450493041,0.221982121612247,9.711312127220598,7.954832302065054
event_0177,business,1778718876.1675472,60,1500.0,1019.9115870106177,2.124424500603755,60,285.0884129893823,45.0,150.0,480.0884129893823,0.16365014993482027,11.845473706578172,7.417562037439861
event_0178,art,1774991451.398251,74,1850.0,1189.9815278494607,1.8029518537142477,74,419.5184721505394,55.5,185.0,660.0184721505394,0.22895469650221273,13.20486280371346,11.225451879929876
event_0179,science,1772763995.7225745,70,1750.0,964.3209782920338,1.2273726950170094,70,558.1790217079662,52.5,175.0,785.6790217079662,0.23569737637174784,12.985028152226777,7.605320326103813
event_0180,health,1769205200.7056487,55,1375.0,978.2423373810792,2.465591542514618,55,218.00766261892076,41.25,137.5,396.7576626189208,0.22361788591191056,8.954196148377113,12.110124282514844
event_0181,business,1768936056.912441,41,1025.0,568.6247258418862,1.245958661741352,41,323.1252741581138,30.75,102.5,456.3752741581138,0.20737007848788186,11.142401424227405,8.042787912460291
event_0182,art,1771084838.280195,59,1475.0,882.7517998768736,1.4905098904367333,59,400.49820012312637,44.25,147.5,592.2482001231264,0.2031121726291777,12.380244735848265,7.2353438808015245
event_0183,art,1776087210.3289583,52,1300.0,730.6206245719044,1.2831877235148839,52,400.3793754280956,39.0,130.0,569.3793754280956,0.1512422991493045,8.683580447596615,10.909408765074243
event_0184,health,1778303056.3882403,51,1275.0,792.0388266999978,1.639963770354693,51,317.21117330000214,38.25,127.5,482.96117330000214,0.19797829513924986,11.533481389229458,7.635106534596615
event_0185,business,1773428828.3617086,84,2100.0,1454.6983723848116,2.25429211725511,84,372.30162761518847,63.0,210.0,645.3016276151884,0.22718350078063004,7.170894316099178,10.183885583626662
event_0186,art,1771236593.0342782,50,1250.0,719.4696679173023,1.356132956796056,50,368.03033208269767,37.5,125.0,530.5303320826977,0.23603826509960368,10.250070511753218,11.433816120099614
event_0187,health,1771338200.2713318,75,1875.0,1123.7345610319385,1.495788975166355,75,507.5154389680616,56.25,187.5,751.2654389680615,0.2446095493529001,9.981315771268427,8.888525663959866
event_0188,business,1779814786.2068262,60,1500.0,942.1249320280806,1.6887740394154025,60,362.87506797191935,45.0,150.0,557.8750679719194,0.1554811675211314,13.165930735691358,12.150325495941214
event_0189,health,1774124335.7161055,43,1075.0,705.0820618282453,1.9060499345151305,43,230.16793817175477,32.25,107.5,369.91793817175477,0.18655711439731196,9.559136012624727,11.33393415276796
event_0190,business,1771863534.4278839,38,950.0,641.4034899762075,2.0784534793564453,38,185.0965100237925,28.5,95.0,308.59651002379246,0.17386327053579229,8.432988151675765,13.868761355761496
event_0191,art,1780099261.5332358,55,1375.0,969.8551491177238,2.393847896636694,55,226.3948508822762,41.25,137.5,405.14485088227616,0.22450167146391115,13.713726117610225,8.468557829202819
event_0192,science,1772383806.9320753,54,1350.0,895.8548378886478,1.9726178161268013,54,278.64516211135225,40.5,135.0,454.14516211135225,0.1845226581785162,8.940017337957173,7.443584260416749
event_0193,health,1772061220.322198,58,1450.0,867.1334542161923,1.487704965207975,58,394.36654578380774,43.5,145.0,582.8665457838077,0.17922643531261262,11.748158043456474,10.729988256813275
event_0194,art,1771554759.055636,69,1725.0,1329.5594530124772,3.362223381342906,69,171.19054698752277,51.75,172.5,395.4405469875228,0.23919032132922036,13.586131209000293,7.459393138576113
event_0195,business,1775608915.8503628,60,1500.0,1006.321655406212,2.0384156332282326,60,298.678344593788,45.0,150.0,493.678344593788,0.1775942736208622,13.69638850941234,7.765554444144394
event_0196,business,1778766440.8722315,76,1900.0,1440.7955198280465,3.137590293736958,76,212.20448017195343,57.0,190.0,459.20448017195343,0.24695746055424464,11.390933380714296,9.05218609359679
event_0197,art,1773847249.4903164,58,1450.0,1064.6498338985314,2.762811405193978,58,196.8501661014686,43.5,145.0,385.35016610146863,0.15629495085927592,11.512791090833963,9.04061758014131
event_0198,business,1773234341.7872949,56,1400.0,906.631962301378,1.8376382193919134,56,311.36803769862195,42.0,140.0,493.36803769862195,0.2146051226458135,9.881842106960208,9.39954735033455
event_0199,science,1779949371.0149941,58,1450.0,1085.7354803482804,2.980623754919565,58,175.76451965171964,43.5,145.0,364.26451965171964,0.16319542519620203,10.116794125780832,9.128576367875647
event_0200,technology,1773523997.2559583,41,1025.0,697.5920718518748,2.1306511293039665,41,194.15792814812517,30.75,102.5,327.40792814812517,0.15473189364994938,13.795068338640213,12.388248159874944
event_0201,science,1770209175.6017113,90,2250.0,1403.355994756937,1.657551445550066,90,554.1440052430631,67.5,225.0,846.6440052430631,0.24732060892534208,11.982685206437235,8.996726075380769
event_0202,technology,1773837212.8436282,40,1000.0,727.5022726601264,2.669755376538415,40,142.49772733987356,30.0,100.0,272.49772733987356,0.18166258377918987,8.665337270635526,7.288060195419276
event_0203,technology,1770848537.0787728,50,1250.0,825.5400211167357,1.9449183955780605,50,261.9599788832642,37.5,125.0,424.4599788832642,0.18438470151122227,7.242823620579189,9.21860635165988
event_0204,health,1779251614.8989468,45,1125.0,765.0790012589913,2.1256859253425375,45,213.6709987410087,33.75,112.5,359.9209987410087,0.19994169158378106,13.443037831593129,9.831936318557577
event_0205,business,1769996384.184092,62,1550.0,1048.2052293918757,2.0889122222648067,62,300.2947706081242,46.5,155.0,501.7947706081242,0.18312806460801062,12.169464869968735,13.829207253097469
event_0206,technology,1768831609.6232224,51,1275.0,729.7444788946109,1.3383532135817897,51,379.50552110538916,38.25,127.5,545.2555211053891,0.16470834746925248,13.864828452158422,11.016093080254004
event_0207,business,1769986798.544275,50,1250.0,895.0753397685388,2.521874189257018,50,192.42466023146122,37.5,125.0,354.9246602314612,0.16394232934564973,12.121483648962293,13.301221283380436
event_0208,technology,1769272828.5056484,51,1275.0,828.7199788906518,1.856950658088271,51,280.53002110934824,38.25,127.5,446.28002110934824,0.15550336361538708,10.121808838112315,7.647367919121424
event_0209,health,1774056635.9671457,58,1450.0,911.7978938426595,1.6941551945099604,58,349.70210615734044,43.5,145.0,538.2021061573405,0.20384122941602123,8.945490184202862,7.157840524503043
event_0210,technology,1773512347.8594851,81,2025.0,1158.2447821941341,1.3362997515332589,81,603.5052178058658,60.75,202.5,866.7552178058658,0.21050778218474675,8.361150275418591,9.22430468516203
event_0211,health,1779236655.768687,47,1175.0,829.1678805732722,2.397602287340317,47,193.0821194267278,35.25,117.5,345.8321194267278,0.1872831150980225,12.976628489743794,9.587409769764456
event_0212,health,1772340658.9297833,77,1925.0,1149.4472969141825,1.4821008196357126,77,525.3027030858175,57.75,192.5,775.5527030858175,0.19442203621680115,7.61319041632016,12.094973498691871
event_0213,art,1776760719.6633387,54,1350.0,876.2536581029656,1.8496262252794626,54,298.2463418970344,40.5,135.0,473.7463418970344,0.23964288265570535,13.792524712414036,9.96682538911878
event_0214,art,1780622969.766739,52,1300.0,727.4502669551089,1.2705451159437928,52,403.5497330448912,39.0,130.0,572.5497330448911,0.24866383473233636,10.322291910042441,13.0726807391428
event_0215,business,1777291892.190049,59,1475.0,913.8225596022429,1.6284021662640864,59,369.4274403977571,44.25,147.5,561.1774403977571,0.19145140139378086,9.86622447126837,13.400873474130794
event_0216,science,1774589458.431576,42,1050.0,621.2854270629421,1.4491819646031872,42,292.214572937058,31.5,105.0,428.714572937058,0.20538669265105247,8.302044926777377,9.672386728422659
event_0217,art,1768705814.241249,30,750.0,545.2181357590073,2.6624336963618034,30,107.28186424099275,22.5,75.0,204.78186424099275,0.15268400146903063,10.914967396698835,10.24416283943982
event_0218,business,1774357340.4634616,67,1675.0,1125.5116256733918,2.048290151821126,67,331.7383743266081,50.25,167.5,549.4883743266081,0.2392686525640555,10.30778818480103,11.576690805415765
event_0219,business,1767511065.193027,53,1325.0,809.6601475995815,1.5711188331898625,53,343.0898524004185,39.75,132.5,515.3398524004185,0.24943329540686707,7.835482644684825,8.940519239391026
event_0220,technology,1772734008.5918508,66,1650.0,1256.1448611334854,3.1893575509731216,66,179.35513886651452,49.5,165.0,393.8551388665145,0.19760407132972682,13.078421427349603,11.395972332368714
event_0221,art,1772323633.0383663,40,1000.0,579.2038565398161,1.3764476351352801,40,290.7961434601838,30.0,100.0,420.7961434601838,0.1558510393993088,12.916960476463736,8.139930628773431
event_0222,health,1781816063.0675485,65,1625.0,1170.7060829270706,2.5769794376074224,65,243.04391707292942,48.75,162.5,454.2939170729294,0.2412104621195468,8.908692475618006,9.936598036093487
event_0223,technology,1772273817.6368513,36,900.0,548.4322426013548,1.5599617173638693,36,234.56775739864526,27.0,90.0,351.56775739864526,0.16832474974147182,10.597065451418636,12.365097063751591
event_0224,technology,1766876353.6874697,60,1500.0,937.1952088884401,1.6652225135422987,60,367.8047911115599,45.0,150.0,562.8047911115599,0.18010723089535458,12.787753976247938,11.79477005898312
event_0225,business,1776826621.6066265,55,1375.0,926.2333218309418,2.0639529779927503,55,270.01667816905814,41.25,137.5,448.76667816905814,0.2018170746277405,12.763203717813063,7.090283646871493
event_0226,science,1779808042.7399945,40,1000.0,574.7063841366974,1.3513167437750082,40,295.2936158633027,30.0,100.0,425.2936158633027,0.17211135017244036,7.716925006547075,8.081884402958156
event_0227,science,1775356198.3232381,71,1775.0,1353.700170324821,3.2131514778169272,71,190.549829675179,53.25,177.5,421.299829675179,0.2051112828420586,10.67956977279848,10.724669575600549
event_0228,technology,1780056620.43826,51,1275.0,896.3040188808868,2.3668168229093713,51,212.9459811191132,38.25,127.5,378.6959811191132,0.19795182298735522,12.731913208355195,13.463868268740592
event_0229,business,1776816028.9508352,62,1550.0,1213.801452152884,3.6103708951915285,62,134.69854784711598,46.5,155.0,336.19854784711595,0.18420451296285328,11.1835404758293,12.345126821032018
event_0230,science,1777379544.3605227,38,950.0,720.8102384530531,3.1450368183458464,38,105.68976154694691,28.5,95.0,229.1897615469469,0.1726574430670055,12.997706464377863,7.9965153546357906
event_0231,health,1776432879.4092634,79,1975.0,1540.0969700584533,3.541242217294854,79,178.1530299415467,59.25,197.5,434.9030299415467,0.22746923080403722,12.488208061322982,7.544147082653975
event_0232,technology,1766990353.5690172,40,1000.0,774.1006333202497,3.426749905048053,40,95.89936667975032,30.0,100.0,225.8993666797503,0.1618922217998872,10.594354347528764,7.414856659498635
event_0233,technology,1771553570.967844,64,1600.0,1193.0437793619137,2.9316268405758317,64,198.95622063808622,48.0,160.0,406.9562206380862,0.17054011865526664,12.476595698792895,13.440686495695589
event_0234,health,1777193690.0012736,65,1625.0,1221.1326389498722,3.023598232287718,65,192.61736105012784,48.75,162.5,403.86736105012784,0.2448791605083282,12.921030657167629,13.592914856535415
event_0235,business,1774674636.7875676,50,1250.0,983.304706523928,3.686996848379516,50,104.19529347607211,37.5,125.0,266.6952934760721,0.15991056846051402,8.692757655191157,10.99164750038355
event_0236,science,1772140512.9440887,80,2000.0,1532.6308551160141,3.2792726518060067,80,207.36914488398585,60.0,200.0,467.3691448839859,0.2037126489015884,8.972997540253505,13.311622040555813
event_0237,technology,1775458174.1010728,59,1475.0,826.2073014975125,1.2734534519339151,59,457.0426985024875,44.25,147.5,648.7926985024875,0.20893805711353255,11.95429263504601,9.565241179517884
event_0238,business,1781048070.6105704,38,950.0,526.0082929160006,1.2406098612956837,38,300.49170708399936,28.5,95.0,423.99170708399936,0.1727554212567046,9.657305396859668,8.499918003378488
event_0239,science,1777577626.036402,68,1700.0,1326.4317062381122,3.5507074031383903,68,152.56829376188784,51.0,170.0,373.56829376188784,0.220473091519081,7.95138658933872,12.335915755694757
event_0240,technology,1776767398.13684,71,1775.0,1213.1247993095064,2.159064500121533,71,331.1252006904936,53.25,177.5,561.8752006904936,0.181200691079383,8.985280098010751,11.202726558992422
event_0241,business,1769776838.3520005,57,1425.0,963.0685354682353,2.0848732104543832,57,276.6814645317647,42.75,142.5,461.9314645317647,0.15696091569569307,12.987559668687966,8.3214948996709
event_0242,science,1774954470.6652818,46,1150.0,726.7406793332163,1.7170104563517747,46,273.75932066678365,34.5,115.0,423.25932066678365,0.16051718845693003,13.991063279800954,10.441538614814492
event_0243,health,1777228414.3593175,61,1525.0,846.855681495721,1.2487838626496985,61,479.89431850427906,45.75,152.5,678.144318504279,0.16017221565651307,9.80437001485571,11.133900626324087
event_0244,art,1770300917.7950757,55,1375.0,809.6739866573187,1.4322248889094051,55,386.5760133426814,41.25,137.5,565.3260133426813,0.24906613186321336,9.370421524359617,11.164725809605468
event_0245,health,1779253331.4541402,63,1575.0,1000.8818146695265,1.743337591881713,63,369.36818533047347,47.25,157.5,574.1181853304735,0.1772972790571324,11.994456651522256,11.073430367973073
event_0246,technology,1774149107.7356799,50,1250.0,757.100133326721,1.5360120473081167,50,330.399866673279,37.5,125.0,492.899866673279,0.1984532859261442,11.22215802707502,9.831105194335152
event_0247,technology,1780747834.9202862,35,875.0,680.1509916457115,3.4906566750856243,35,81.09900835428846,26.25,87.5,194.84900835428846,0.16346083807179593,10.480916474876944,11.398597207641759
event_0248,health,1778074371.5210483,50,1250.0,800.9099715428815,1.7834062677687725,50,286.5900284571185,37.5,125.0,449.0900284571185,0.2179204362086623,13.804507853490634,9.678430879355128
event_0249,art,1778126545.2878187,55,1375.0,867.7592330105106,1.7107442648206772,55,328.4907669894895,41.25,137.5,507.2407669894895,0.22927314152272182,12.26126822560759,12.373004760185722
event_0250,art,1775922142.1192703,79,1975.0,1545.2723000079595,3.595933657608253,79,172.97769999204036,59.25,197.5,429.72769999204036,0.20466200338130472,9.405309547978424,13.01770618396776
event_0251,health,1772213950.64765,54,1350.0,1055.8534260592937,3.5895486114760295,54,118.64657394070635,40.5,135.0,294.14657394070633,0.18763365629505824,9.685409137240116,9.201914384738505
event_0252,business,1777443313.117107,45,1125.0,695.5047387998422,1.6193536963745825,45,283.24526120015776,33.75,112.5,429.49526120015776,0.19914796086451494,9.121312001294655,11.942414426423682
event_0253,business,1773291842.1784122,68,1700.0,1148.828289468585,2.0843382697579598,68,330.1717105314151,51.0,170.0,551.1717105314151,0.2185374167109969,11.72517206098047,11.620550124917084
event_0254,technology,1767769062.2361577,79,1975.0,1393.0399728916054,2.3937038765587606,79,325.2100271083946,59.25,197.5,581.9600271083946,0.24708707584276624,9.739693737355894,10.462837913165359
event_0255,health,1772406368.7534425,62,1550.0,948.4547461179218,1.576697247625278,62,400.04525388207816,46.5,155.0,601.5452538820782,0.23369341519952572,7.197028906146019,7.315829164515335
event_0256,health,1768644888.336685,50,1250.0,882.1192218591663,2.39783993694139,50,205.38077814083374,37.5,125.0,367.88077814083374,0.18451430275436156,9.388795671343905,7.681450344600061
event_0257,art,1774086029.5019038,51,1275.0,913.9467883927508,2.531335434808249,51,195.30321160724918,38.25,127.5,361.0532116072492,0.24103890187143628,11.536579774206107,11.147721667547465
event_0258,health,1776020538.911817,73,1825.0,1046.9324877971887,1.3455548154596322,73,540.8175122028113,54.75,182.5,778.0675122028113,0.23633685217982012,9.282817864877309,10.226365704867053
event_0259,technology,1769498952.3582845,52,1300.0,848.3679428213059,1.8784493468443895,52,282.6320571786941,39.0,130.0,451.6320571786941,0.18777375934299345,11.115924635199121,13.90035347056091
event_0260,business,1775331384.5938213,70,1750.0,1239.8934415729088,2.4306557543508336,70,282.60655842709116,52.5,175.0,510.10655842709116,0.20027685225863545,11.725779067288027,9.351772237398622
event_0261,business,1778313303.7072923,83,2075.0,1220.7405166218691,1.4290043486488504,83,584.5094833781308,62.25,207.5,854.2594833781308,0.23473340941526535,10.051937925907302,10.47866198009334
event_0262,art,1768539823.7221632,46,1150.0,703.4629049271962,1.575373944716738,46,297.0370950728039,34.5,115.0,446.5370950728039,0.190202735218855,7.332719527790262,13.973593853523171
event_0263,art,1781782685.9617136,56,1400.0,946.3098286426994,2.0858063241961644,56,271.6901713573007,42.0,140.0,453.6901713573007,0.1567269776511403,7.66313530611286,9.357866428148409
event_0264,technology,1780596078.2262478,65,1625.0,1073.1704441293505,1.944749846601012,65,340.57955587064964,48.75,162.5,551.8295558706496,0.2304126711934127,11.560757694886421,9.112929102275347
event_0265,technology,1776406835.2891479,53,1325.0,1040.8341435666803,3.6627698930146253,53,111.91585643331983,39.75,132.5,284.16585643331985,0.22634422149327582,11.374747131821398,10.172600237286998
event_0266,art,1775053223.6169565,85,2125.0,1440.4293901723076,2.104135599006896,85,408.32060982769235,63.75,212.5,684.5706098276924,0.24621170746081172,11.037903066683004,8.490669635129299
event_0267,science,1770969871.899492,60,1500.0,959.3669502321079,1.7745251620188394,60,345.63304976789203,45.0,150.0,540.6330497678921,0.1933724484850734,11.300956085096466,12.383834156005463
event_0268,technology,1778572277.0075562,56,1400.0,959.7093685131711,2.1797178951373626,56,258.290631486829,42.0,140.0,440.290631486829,0.21853066367322957,8.034205821772051,8.053308578022083
event_0269,business,1777429344.8546634,69,1725.0,1095.288341399417,1.7393489963858884,69,405.4616586005829,51.75,172.5,629.711658600583,0.1912438379726818,7.450992706697377,8.424906290484733
event_0270,business,1771522861.1291528,42,1050.0,621.0383363198025,1.4477711854055177,42,292.46166368019743,31.5,105.0,428.96166368019743,0.1691916011480273,9.841061574737608,7.794910036397992
event_0271,business,1775925901.0959978,35,875.0,662.5995679488794,3.119577307589491,35,98.65043205112063,26.25,87.5,212.40043205112062,0.15370037347226626,10.052930377082035,11.528454358425657
event_0272,technology,1767348301.4688382,92,2300.0,1548.8152350202722,2.0618299348257816,92,452.1847649797278,69.0,230.0,751.1847649797278,0.235252101750845,11.610694988481274,8.231896553263491
event_0273,technology,1772419427.791705,89,2225.0,1540.408341267132,2.2501126351996774,89,395.34165873286804,66.75,222.5,684.591658732868,0.2367171779748661,7.587506787459056,11.211198181553588
event_0274,art,1768458465.7195976,50,1250.0,953.9202908330261,3.2218360843331673,50,133.5797091669739,37.5,125.0,296.0797091669739,0.22242344531621805,7.6321440471579525,13.602134994258531
event_0275,technology,1775650924.3188777,94,2350.0,1714.480255037558,2.697760799137532,94,330.0197449624421,70.5,235.0,635.519744962442,0.24496745003395964,10.653702912103533,12.802871078721719
event_0276,art,1773990222.797331,57,1425.0,992.3868712514801,2.2939360951025582,57,247.36312874851993,42.75,142.5,432.6131287485199,0.1829285910966502,7.855937834175945,12.646810719325188
event_0277,health,1773911947.921209,65,1625.0,1112.3545890356118,2.169832334874609,65,301.39541096438813,48.75,162.5,512.6454109643881,0.167515425543568,9.9600829893802,8.009945360926524
event_0278,art,1767661003.5782208,64,1600.0,1101.2679744486213,2.2081356681097484,64,290.73202555137857,48.0,160.0,498.73202555137857,0.24487108894658188,10.432510061072481,9.622934892008633
event_0279,science,1775172305.9783523,63,1575.0,933.7738915794433,1.456231864730959,63,436.47610842055667,47.25,157.5,641.2261084205567,0.18629980122687054,13.15603478617901,13.558806039500093
event_0280,business,1778144849.648377,83,2075.0,1295.2901372693946,1.6612463163325732,83,509.9598627306054,62.25,207.5,779.7098627306054,0.21622234344403543,11.240703130093708,12.890310765625149
event_0281,health,1771796379.1495304,66,1650.0,981.8488816368704,1.4695012170933028,66,453.6511183631296,49.5,165.0,668.1511183631296,0.24584836117969214,10.869095323181387,9.164879511837984
event_0282,business,1777846667.1021209,66,1650.0,916.2148296572345,1.2486145355448552,66,519.2851703427655,49.5,165.0,733.7851703427655,0.24097890999968943,13.003529974049474,9.719297103994062
event_0283,technology,1775241106.216397,64,1600.0,912.2979323229432,1.3265889041231675,64,479.7020676770568,48.0,160.0,687.7020676770568,0.17103864912645275,12.758954080169465,8.64822318465978
event_0284,technology,1774375491.9048095,57,1425.0,844.2163591044084,1.4535815055027945,57,395.53364089559153,42.75,142.5,580.7836408955916,0.15338816812190154,12.367186304263818,9.844021711686416
event_0285,health,1777438922.6951365,83,2075.0,1230.7698273956998,1.4578605069266757,83,574.4801726043,62.25,207.5,844.2301726043,0.22173860179064125,9.89072922978908,12.888144264586682
event_0286,technology,1772209990.0486543,76,1900.0,1164.5698026045684,1.5835218715915653,76,488.4301973954317,57.0,190.0,735.4301973954317,0.21021159420105187,10.54434159744211,9.462994426087242
event_0287,art,1779550456.2600772,76,1900.0,1438.9419461980272,3.1209561015846847,76,214.0580538019729,57.0,190.0,461.0580538019729,0.21301563415184988,7.3646917603135815,11.49114757989479
event_0288,business,1774069116.8703728,50,1250.0,696.6006239482597,1.2587665510543162,50,390.8993760517404,37.5,125.0,553.3993760517403,0.16578224394440916,9.196052618553232,7.575624359963815
event_0289,health,1767089814.3858328,60,1500.0,1012.7884272153519,2.0787446025281784,60,292.21157278464807,45.0,150.0,487.21157278464807,0.22926422949091957,12.9287230086186,11.800273648442428
event_0290,business,1777084290.9534776,54,1350.0,932.2031584448944,2.2312355329807843,54,242.2968415551056,40.5,135.0,417.79684155510563,0.22995286679401794,11.812268101805023,12.787380265392832
event_0291,health,1772539214.05492,67,1675.0,952.1588345428627,1.3172448942371744,67,505.0911654571373,50.25,167.5,722.8411654571373,0.17244871334786313,13.61330008389617,13.190390013104185
event_0292,health,1774453707.0540988,57,1425.0,1068.035462923156,2.991993186968147,57,171.71453707684407,42.75,142.5,356.96453707684407,0.16982662026717005,13.347913463583856,13.818893002249109
event_0293,science,1773804504.16083,72,1800.0,1371.3045758746741,3.198785195042771,72,194.69542412532593,54.0,180.0,428.6954241253259,0.18679201541105128,8.821104459798025,7.623428871529028
event_0294,technology,1779024807.9560752,48,1200.0,742.4936509541731,1.6229144196637146,48,301.50634904582694,36.0,120.0,457.50634904582694,0.21736100427370447,13.439923342302396,10.175955055585518
event_0295,science,1776484424.36102,45,1125.0,657.5388135330111,1.4066169182999002,45,321.211186466989,33.75,112.5,467.461186466989,0.1994168157741975,12.474853604014367,9.01573380995617
event_0296,business,1767723482.3024528,53,1325.0,1000.3401730272931,3.081194807361824,53,152.40982697270698,39.75,132.5,324.659826972707,0.1918330991121902,8.98077071522889,11.740320558291243
event_0297,science,1768549949.102351,62,1550.0,1054.0629505522938,2.125396664205945,62,294.4370494477063,46.5,155.0,495.9370494477063,0.18696377395309738,11.323761680400645,13.35129764481057
event_0298,technology,1769570401.8146966,74,1850.0,1146.9467940036866,1.6313797934799559,74,462.55320599631347,55.5,185.0,703.0532059963134,0.21868524492697244,9.262721857583479,11.851164905599378
event_0299,science,1774591221.6685493,45,1125.0,643.528834911723,1.3365885261139845,45,335.22116508827696,33.75,112.5,481.47116508827696,0.18328625405659124,7.666955954574047,7.411266195511731
event_0300,art,1778356058.355531,46,1150.0,838.4907003398718,2.6917035904055058,46,162.00929966012828,34.5,115.0,311.50929966012825,0.22482418403763543,13.770468910155738,11.187624461702717
event_0301,business,1778305404.7363431,76,1900.0,1236.2979690894952,1.8627304294872657,76,416.7020309105049,57.0,190.0,663.7020309105048,0.2468057810457244,9.76287770046915,9.596308491570262
event_0302,health,1768791735.1508257,42,1050.0,695.8332021750639,1.9647047844360968,42,217.66679782493617,31.5,105.0,354.16679782493617,0.1631919533682227,13.512288588093497,13.145277263794796
event_0303,science,1779539582.1326592,86,2150.0,1312.6231422568442,1.5675416989604196,86,557.8768577431558,64.5,215.0,837.3768577431558,0.23716795591516157,7.309135130417467,7.895100463140564
event_0304,technology,1776734179.6164098,56,1400.0,1000.8285338698289,2.507264719025421,56,217.17146613017113,42.0,140.0,399.1714661301711,0.22615639189386136,13.138554698545594,11.290520994418294
event_0305,business,1772158623.3952167,61,1525.0,964.1344711704946,1.719011815867145,61,362.6155288295053,45.75,152.5,560.8655288295054,0.16512647461568913,13.96195546119603,12.345727895575425
event_0306,art,1781539296.747116,38,950.0,589.5404673330017,1.6355246952995257,38,236.95953266699829,28.5,95.0,360.45953266699826,0.15358622481692397,8.040345649286882,8.609023818984548
event_0307,science,1768821794.8320744,63,1575.0,1060.8445835334571,2.0632761020470323,63,309.4054164665428,47.25,157.5,514.1554164665429,0.1856520116245885,13.490444387975153,7.2855419597822255
event_0308,science,1779729641.4758554,59,1475.0,1101.2981427045643,2.9469967066123424,59,181.9518572954356,44.25,147.5,373.7018572954356,0.15935778782049842,13.068155102702796,7.865579638236985
event_0309,science,1779710919.8013663,65,1625.0,904.8153316854757,1.2563657232568552,65,508.93466831452423,48.75,162.5,720.1846683145243,0.2085677401813836,8.909540876319495,13.236261655702917
event_0310,art,1768232233.2642925,75,1875.0,1081.9345358915925,1.364243665695293,75,549.3154641084075,56.25,187.5,793.0654641084075,0.2268253426984778,9.914932939729782,7.537848239564165
event_0311,technology,1773608454.6609533,81,2025.0,1192.9790766295819,1.433833024050603,81,568.7709233704182,60.75,202.5,832.0209233704182,0.20903384978260728,11.764475866063957,9.759188619367094
event_0312,art,1770147976.2737348,76,1900.0,1230.04285773597,1.8360023054298755,76,422.95714226402987,57.0,190.0,669.9571422640299,0.19540555151429528,12.814894579007824,11.616775262050224
event_0313,business,1774797420.9555924,63,1575.0,966.6772064954041,1.5890859537356803,63,403.5727935045959,47.25,157.5,608.3227935045959,0.1824915468301016,11.593209299121455,13.656271779326453
event_0314,business,1770079292.4359782,56,1400.0,1087.34023194077,3.4777107355071855,56,130.6597680592298,42.0,140.0,312.6597680592298,0.21436440295201092,8.479568027279912,7.34077574022789
event_0315,science,1774458605.371978,65,1625.0,946.1989508153667,1.3939267653636191,65,467.55104918463326,48.75,162.5,678.8010491846333,0.16780108007794628,9.66973650938166,9.792009478704237
event_0316,business,1775206057.9723434,62,1550.0,981.1880808372937,1.7249780600266023,62,367.31191916270626,46.5,155.0,568.8119191627063,0.1784935888999462,8.140584787126782,12.456447816020054
event_0317,art,1767536849.00759,60,1500.0,1137.7367993499643,3.1406358617393053,60,167.26320065003583,45.0,150.0,362.26320065003586,0.18101013072113264,10.02650893592257,12.64447237142845
event_0318,health,1768253007.740932,70,1750.0,1146.0160276879137,1.8974278792546382,70,376.48397231208617,52.5,175.0,603.9839723120862,0.23854130386418815,10.588572579615555,10.427361250803596
event_0319,technology,1777044834.923556,55,1375.0,1072.9054304256836,3.551554839060901,55,123.34456957431645,41.25,137.5,302.09456957431644,0.19341059225103724,12.676960517299563,11.297074484113535
event_0320,art,1767136590.010756,49,1225.0,782.6594830879251,1.7693596972567094,49,283.09051691207486,36.75,122.5,442.34051691207486,0.16550697008570106,8.569611486295418,11.803655751015606
event_0321,business,1767960173.0923789,45,1125.0,854.2467679473403,3.1550750529219727,45,124.50323205265968,33.75,112.5,270.75323205265965,0.19776113651722166,10.061488632517172,13.350453977367376
event_0322,health,1776177697.4818764,33,825.0,642.8212090756292,3.528518362724715,33,74.92879092437084,24.75,82.5,182.17879092437084,0.15477282743975096,10.661644399122316,9.06837143733911
event_0323,art,1776421698.2061555,51,1275.0,929.262777468683,2.687771859405477,51,179.98722253131695,38.25,127.5,345.73722253131695,0.20684782103659566,7.661390537415411,11.62598677756019
event_0324,health,1780747406.6014936,39,975.0,678.2979830161441,2.286125284591684,39,169.95201698385583,29.25,97.5,296.70201698385586,0.1679552195863255,7.797548436996438,11.63104826390857
event_0325,technology,1766914178.1549022,65,1625.0,1040.463946275001,1.779982500043527,65,373.2860537249989,48.75,162.5,584.536053724999,0.1954998148660021,9.083532610517922,11.110458717261722
event_0326,technology,1776369842.0847187,58,1450.0,935.2896000575829,1.8171181312097402,58,326.2103999424171,43.5,145.0,514.7103999424171,0.16850873908267952,13.099413727745727,8.310342136602689
event_0327,health,1775172316.1472144,37,925.0,624.8293879914568,2.081580817690685,37,179.92061200854323,27.75,92.5,300.17061200854323,0.16166782603659077,10.74063202087139,7.040929487083382
event_0328,technology,1781795605.1479821,64,1600.0,890.0139934060721,1.2535655423348508,64,501.9860065939278,48.0,160.0,709.9860065939279,0.19867224939376113,13.760626652909277,11.213212080906182
event_0329,science,1780640529.4789252,40,1000.0,786.6697796747648,3.6875684020549806,40,83.33022032523527,30.0,100.0,213.33022032523527,0.1802656658646726,11.832053480488927,9.764980663601198
event_0330,science,1775590173.412779,56,1400.0,887.687418451621,1.7327066529748978,56,330.31258154837894,42.0,140.0,512.312581548379,0.17092294803344993,13.793642545622198,13.013084211853943
event_0331,art,1779387619.2730746,52,1300.0,879.1154046980566,2.088732670454184,52,251.88459530194336,39.0,130.0,420.88459530194336,0.18009178695806946,12.530080756322128,8.336401169021837
event_0332,health,1773808994.7499502,72,1800.0,1050.5679355696511,1.4018187710826049,72,515.4320644303488,54.0,180.0,749.4320644303488,0.2463866870738915,8.066955679442497,11.918186739957791
event_0333,health,1779539780.7696204,31,775.0,494.99376225725496,1.7677954828707392,31,179.25623774274504,23.25,77.5,280.00623774274504,0.15509221802193676,10.986013232217395,12.836869729624194
event_0334,business,1768824810.4413238,64,1600.0,1152.3425797357067,2.5741616860843566,64,239.6574202642933,48.0,160.0,447.6574202642933,0.20958395505776892,12.940313827022333,12.159548193593539
event_0335,science,1775919712.1600726,79,1975.0,1328.9846910691012,2.057203092088421,79,389.26530893089875,59.25,197.5,646.0153089308988,0.2178667917140373,11.137274928929651,11.28046705236261
event_0336,health,1768355831.7741702,59,1475.0,1017.5833398345428,2.2246311261738074,59,265.6666601654572,44.25,147.5,457.4166601654572,0.1563510568945474,9.954031832775648,9.210951051658316
event_0337,art,1775743658.5621872,44,1100.0,792.9651536962449,2.5826552368318163,44,164.03484630375513,33.0,110.0,307.0348463037551,0.2197514440389201,13.572751332247694,9.427348793583196
event_0338,art,1780143810.586791,64,1600.0,1032.7935490032564,1.8208423884960114,64,359.20645099674357,48.0,160.0,567.2064509967436,0.24090701541675186,8.624721791993466,8.537916415286146
event_0339,science,1777579182.1265187,86,2150.0,1268.630335169601,1.4393850682547855,86,601.8696648303988,64.5,215.0,881.3696648303988,0.22113851859448197,7.918109969662233,9.0537582938445
event_0340,art,1767952726.9654663,75,1875.0,1354.1442531286634,2.599845084291964,75,277.10574687133646,56.25,187.5,520.8557468713365,0.23445312839897406,12.571808645921006,12.598285412762994
event_0341,science,1768003993.9602432,46,1150.0,793.688316104687,2.2275113390272057,46,206.81168389531297,34.5,115.0,356.31168389531297,0.21057490072562227,7.903675878145082,8.396389559613159
event_0342,science,1781698323.9153848,57,1425.0,1003.6409948057732,2.381914192965074,57,236.10900519422682,42.75,142.5,421.3590051942268,0.1518130595675012,8.466030589474839,7.329345352909181
event_0343,science,1781529154.2443502,44,1100.0,705.9633887123598,1.7916187696503618,44,251.03661128764023,33.0,110.0,394.0366112876402,0.15636655862460638,13.261202294560912,7.223790054378724
event_0344,health,1779436727.2653494,38,950.0,550.3812884464778,1.3772660602074023,38,276.1187115535222,28.5,95.0,399.6187115535222,0.1855240976582273,8.804754987028538,9.382269497917598
event_0345,health,1773845377.2431386,73,1825.0,1035.8851408774758,1.3127178241572515,73,551.8648591225241,54.75,182.5,789.1148591225241,0.21694858901511282,11.830949076383336,10.607712099179821
event_0346,health,1771170822.0846207,51,1275.0,767.9101851234843,1.5143474836119168,51,341.33981487651573,38.25,127.5,507.08981487651573,0.16058918593947022,12.89117881872021,7.776515914668279
event_0347,business,1772120244.6990113,79,1975.0,1128.4427447660519,1.3329786470900946,79,589.807255233948,59.25,197.5,846.557255233948,0.212992611615404,7.293786060446054,7.737877586255402
event_0348,business,1768725694.2546246,48,1200.0,761.6372243705673,1.7374587139087119,48,282.3627756294327,36.0,120.0,438.3627756294327,0.22325518941170924,10.090625370545332,10.54127631700588
event_0349,business,1779103147.907576,67,1675.0,1224.6329420239108,2.7191885381832894,67,232.6170579760892,50.25,167.5,450.3670579760892,0.19157498387189156,12.940165642002466,10.073759226407532
event_0350,technology,1775258922.439333,65,1625.0,1143.0990714916456,2.3720623967874936,65,270.65092850835435,48.75,162.5,481.90092850835435,0.18724363574027997,10.535159097603206,7.596637031898717
event_0351,technology,1772959636.440146,62,1550.0,1070.711696226124,2.233961663148109,62,277.78830377387595,46.5,155.0,479.28830377387595,0.17281820039301687,12.27455019732976,9.952055465508328
event_0352,art,1767417479.8998017,38,950.0,717.3067782551451,3.082628590882044,38,109.19322174485492,28.5,95.0,232.69322174485492,0.18617743696551042,12.966733355917686,12.562251424606073
event_0353,health,1768702547.3602743,71,1775.0,1332.247685589531,3.0090134872890233,71,212.00231441046887,53.25,177.5,442.7523144104689,0.1814804571879289,13.605499882154675,7.5934475017199325
event_0354,technology,1770483162.8783994,50,1250.0,798.0177313535353,1.7655952162533517,50,289.48226864646466,37.5,125.0,451.98226864646466,0.2402511131573895,11.621233205926657,11.490260281090919
event_0355,art,1772622857.8639534,63,1575.0,1034.9852581307252,1.916587044546409,63,335.2647418692747,47.25,157.5,540.0147418692748,0.19020028180314813,10.638448542420775,9.070070974045523
event_0356,art,1778718186.8416424,54,1350.0,768.2740083069859,1.3206802159055258,54,406.2259916930141,40.5,135.0,581.7259916930141,0.17797807447627823,13.364615972407918,7.055315634526497
event_0357,science,1779218514.4618285,75,1875.0,1167.3880654918942,1.6497574568232802,75,463.8619345081059,56.25,187.5,707.6119345081058,0.22883415789767164,8.435934999682443,10.810977037031336
event_0358,health,1779143772.4925706,37,925.0,656.4925707088518,2.4449698559253012,37,148.2574292911482,27.75,92.5,268.50742929114824,0.18015314123353432,9.831539939551073,8.381070279827883
event_0359,business,1766825511.7797372,38,950.0,624.6928258896355,1.92031678243192,38,201.8071741103645,28.5,95.0,325.3071741103645,0.178392785946827,7.882039521957099,13.943467786800351
event_0360,health,1770636208.062263,73,1825.0,1336.0431767365612,2.7324358985716244,73,251.70682326343874,54.75,182.5,488.95682326343876,0.22965986992413748,8.120191381603123,7.195238577069605
event_0361,art,1781313322.929005,42,1050.0,671.4986378558737,1.7740983389121314,42,242.00136214412632,31.5,105.0,378.50136214412635,0.1559945738625403,13.908682901687339,7.773093343704217
event_0362,technology,1768908845.9778595,62,1550.0,1055.9292562745463,2.1372025558779235,62,292.5707437254538,46.5,155.0,494.0707437254538,0.17979611126514916,11.556736935596177,7.8732486377742745
event_0363,science,1766687164.2698224,77,1925.0,1274.370640693925,1.9586737402276124,77,400.37935930607495,57.75,192.5,650.629359306075,0.23943388978953617,13.923000552290356,10.959180586058869
event_0364,science,1777407404.1971529,73,1825.0,1128.8642712576866,1.6216151888902046,73,458.8857287423133,54.75,182.5,696.1357287423133,0.22148544682023355,8.991748464617555,12.493524839770455
event_0365,technology,1772551826.3076363,63,1575.0,1207.2105996057605,3.2823420096167313,63,163.0394003942395,47.25,157.5,367.78940039423946,0.2322842722971361,9.29492874156805,11.076583321004263
event_0366,science,1771017207.6110811,70,1750.0,1195.1110834420433,2.1537843841889335,70,327.3889165579567,52.5,175.0,554.8889165579567,0.23885092968498417,7.573630144042822,7.435355707810872
event_0367,health,1776506916.5274084,47,1175.0,787.580699790403,2.032889686611677,47,234.66930020959705,35.25,117.5,387.41930020959705,0.18947824751735837,11.117676205283248,10.632614995924929
event_0368,art,1771345507.4062848,90,2250.0,1699.5530620729596,3.0875874584267904,90,257.94693792704027,67.5,225.0,550.4469379270403,0.24732724831769046,13.517249253651054,10.426787466719885
event_0369,health,1779065970.636764,52,1300.0,960.6555278443179,2.830915505243873,52,170.344472155682,39.0,130.0,339.344472155682,0.23632716575945995,7.9056963158862485,11.931672793569403
event_0370,business,1779448922.984353,78,1950.0,1349.265905919393,2.246028516134707,78,347.23409408060695,58.5,195.0,600.734094080607,0.24518217527774427,13.60848692739894,9.5853244174412
event_0371,technology,1780365751.6928864,74,1850.0,1326.8525232782388,2.536287724434409,74,282.6474767217613,55.5,185.0,523.1474767217612,0.18714673541853172,7.281974991108793,8.073131574870612
event_0372,technology,1771527954.1201594,58,1450.0,836.108092228682,1.3619793348703697,58,425.39190777131796,43.5,145.0,613.891907771318,0.154865104658023,7.994978640128281,11.127369708957513
event_0373,technology,1779866635.0870566,69,1725.0,1189.8738861143065,2.2235391905551287,69,310.87611388569354,51.75,172.5,535.1261138856935,0.18486489435103873,10.42155559371859,7.856295338517137
event_0374,technology,1779787260.6127687,67,1675.0,1079.7546964929293,1.8139659231769196,67,377.4953035070707,50.25,167.5,595.2453035070707,0.19752275484387574,13.3020110157487,12.469445441969778
event_0375,business,1770629215.3189476,72,1800.0,1281.506564210474,2.4715965058633462,72,284.493435789526,54.0,180.0,518.4934357895261,0.1949074738837649,10.226553151993091,10.149505739439615
event_0376,science,1773120389.9210067,58,1450.0,812.0883367559727,1.2730419955424388,58,449.4116632440273,43.5,145.0,637.9116632440273,0.1895397129200383,9.867398289670392,8.62975598351442
event_0377,health,1780247793.417444,69,1725.0,1033.1402644854754,1.4932799402138155,69,467.6097355145245,51.75,172.5,691.8597355145246,0.22072086261570756,11.521415707615832,13.061675013298567
event_0378,health,1775530316.5483797,54,1350.0,879.5987910518995,1.869890583442242,54,294.9012089481005,40.5,135.0,470.4012089481005,0.16924267333385967,7.866471279467636,10.91546976265359
event_0379,health,1771629322.2775755,53,1325.0,749.0441844230048,1.3005236932499915,53,403.7058155769952,39.75,132.5,575.9558155769952,0.2396864280243695,8.325771110161469,10.330849845099982
event_0380,science,1768415822.2408297,83,2075.0,1418.0237242716948,2.15840933175207,83,387.2262757283052,62.25,207.5,656.9762757283052,0.22056177022972512,12.507299322192631,8.717006860731795
event_0381,business,1772210302.7189643,48,1200.0,822.1389831007548,2.1757708425369904,48,221.86101689924527,36.0,120.0,377.86101689924527,0.2361974335714048,9.812585056738936,7.314885507824355
event_0382,science,1768176073.3852186,35,875.0,655.9372415399264,2.994289153258688,35,105.31275846007364,26.25,87.5,219.06275846007364,0.16146446241422452,9.221677047566152,8.800244552174028
event_0383,business,1772920702.8963404,44,1100.0,706.7784868051368,1.797405439653269,44,250.22151319486318,33.0,110.0,393.2215131948632,0.1907276434291963,7.627399944361981,9.147559528538235
event_0384,technology,1768148433.2253351,51,1275.0,908.0393560161599,2.474487035334904,51,201.21064398384016,38.25,127.5,366.96064398384016,0.18200414638404588,7.409512475774961,9.729577978634905
event_0385,art,1766988147.5710292,71,1775.0,1192.2407581756065,2.045854741733761,71,352.00924182439337,53.25,177.5,582.7592418243934,0.2252133738972281,7.846763844513497,8.41791620610178
event_0386,business,1780479108.4544735,55,1375.0,926.4734017138248,2.065592999955609,55,269.77659828617516,41.25,137.5,448.52659828617516,0.19648235332453332,7.8055696031824695,7.424423845323585
event_0387,art,1781751042.561132,82,2050.0,1498.3124808118841,2.7158716278679953,82,285.18751918811586,61.5,205.0,551.6875191881159,0.24634746878309002,13.203091272192893,8.88411816864108
event_0388,business,1777861087.1309497,51,1275.0,944.9921865048873,2.863544885487635,51,164.25781349511269,38.25,127.5,330.0078134951127,0.15839083555808503,9.132289893759186,9.84722144992557
event_0389,science,1773182646.1709824,57,1425.0,814.0194857130791,1.3323166069594319,57,425.73051428692094,42.75,142.5,610.9805142869209,0.20375356298134673,13.897161008248613,12.474165638656395
event_0390,science,1772373957.3027267,70,1750.0,1382.2719686830528,3.758951863780173,70,140.22803131694727,52.5,175.0,367.7280313169473,0.17892494548340054,10.252564376054712,12.805602493473213
event_0391,art,1780546708.5972948,50,1250.0,797.8379177762104,1.7644954080455921,50,289.6620822237897,37.5,125.0,452.1620822237897,0.18801535144391796,11.185074260504713,12.876414051353816
event_0392,science,1768407261.6911268,53,1325.0,921.0430414371153,2.280052421212927,53,231.70695856288464,39.75,132.5,403.95695856288467,0.20630815779412925,7.318393112196878,12.174280619163998
event_0393,science,1776918460.5856953,62,1550.0,868.3408113839847,1.2738635756484005,62,480.1591886160153,46.5,155.0,681.6591886160153,0.19319624320480985,10.895353570519006,8.95620808860626
event_0394,art,1773106960.6573477,65,1625.0,1187.8379688539503,2.7171572191206836,65,225.91203114604977,48.75,162.5,437.1620311460498,0.22526940011065757,9.398446794198373,8.829523733686525
event_0395,technology,1775058679.5751822,51,1275.0,809.4383526726747,1.7386276496774609,51,299.8116473273254,38.25,127.5,465.5616473273254,0.15158746161611245,10.218595390863335,11.196595671021942
event_0396,health,1779896461.9554875,72,1800.0,1118.1745403763807,1.6399718206381355,72,447.8254596236194,54.0,180.0,681.8254596236194,0.19131630327983995,13.310114957891779,11.70894482891822
event_0397,art,1770030030.0058544,32,800.0,472.2398979910995,1.4408095893815518,32,223.76010200890053,24.0,80.0,327.7601020089005,0.15775231163103082,12.511136644609586,11.54368093281139
event_0398,business,1767971618.9416492,63,1575.0,1177.2734512448526,2.9600072082932996,63,192.97654875514735,47.25,157.5,397.72654875514735,0.2327466835091344,9.470963126452812,12.689468731244169
event_0399,technology,1780218314.7045171,70,1750.0,1289.4612788250993,2.7998976406055447,70,233.0387211749007,52.5,175.0,460.53872117490073,0.24362478494121942,7.059019631693863,10.238847722063692
event_0400,health,1779506134.8267152,51,1275.0,914.4773690598098,2.536532496378901,51,194.7726309401902,38.25,127.5,360.5226309401902,0.15899665192982615,13.449790827664618,9.50474713251428
event_0401,technology,1771898431.4009397,67,1675.0,1039.0488613723007,1.633850147063868,67,418.2011386276993,50.25,167.5,635.9511386276993,0.17807563580038985,10.456660701118972,9.54099425120333
event_0402,health,1772739355.7022443,74,1850.0,1242.1589732789112,2.0435589548464,74,367.3410267210888,55.5,185.0,607.8410267210888,0.236991623250654,12.747864294566607,9.772603256826294
event_0403,health,1779399584.9313793,43,1075.0,816.1624301190589,3.153183792037892,43,119.08756988094112,32.25,107.5,258.83756988094115,0.20651402337516012,10.959949334749794,11.776685209727345
event_0404,science,1766442768.7914658,72,1800.0,1339.1201313868744,2.905573062708379,72,226.87986861312555,54.0,180.0,460.87986861312555,0.2023079959518454,10.989323034795767,8.595756226532322
event_0405,business,1780530452.483054,54,1350.0,919.427935923387,2.1353636536897818,54,255.07206407661292,40.5,135.0,430.57206407661295,0.17529210722497132,11.850900707722761,10.730590621390908
event_0406,technology,1775846379.92823,69,1725.0,950.7759186890228,1.2280371298695516,69,549.9740813109772,51.75,172.5,774.2240813109772,0.24387593293413465,13.601519566403407,7.363039582796533
event_0407,science,1768524285.4537861,84,2100.0,1545.8277041340607,2.7894351913037783,84,281.1722958659394,63.0,210.0,554.1722958659394,0.22590217146535566,10.266107093312018,9.530302901720988
event_0408,business,1777485418.304106,36,900.0,587.4869627471467,1.8798798536901122,36,195.5130372528534,27.0,90.0,312.5130372528534,0.16946081395052806,10.142030479115945,7.036114988796504
event_0409,business,1777422715.6184793,39,975.0,731.7613113892186,3.008408389177541,39,116.48868861078145,29.25,97.5,243.23868861078145,0.15744403669014215,13.846669277748784,9.966741798106057
event_0410,technology,1774678566.4091883,73,1825.0,1167.4318665448081,1.7753778006402732,73,420.3181334551918,54.75,182.5,657.5681334551919,0.2308059074163612,7.677082681619444,10.359764941212852
event_0411,health,1778591906.6652246,38,950.0,674.4418322556771,2.4475479633812163,38,152.05816774432293,28.5,95.0,275.55816774432293,0.18408019679227286,7.754884573184219,8.668514487978955
event_0412,business,1779874996.1370633,73,1825.0,1188.176702464566,1.8657871140439137,73,399.573297535434,54.75,182.5,636.823297535434,0.22640985704635885,12.430246302483624,11.336965889257986
event_0413,health,1772309683.0381668,50,1250.0,949.2392627999137,3.1561275970952813,50,138.2607372000863,37.5,125.0,300.7607372000863,0.23476921446126972,7.233405728949352,9.192956039537385
event_0414,business,1776447288.8660634,52,1300.0,852.5114878990696,1.9051025106691162,52,278.48851210093034,39.0,130.0,447.48851210093034,0.15657902591066628,9.110297518038529,11.383296482435412
event_0415,business,1769078171.8966036,55,1375.0,868.5410695826807,1.714928925958533,55,327.70893041731927,41.25,137.5,506.45893041731927,0.17331119840188527,7.67081175983782,12.263743503971071
event_0416,science,1779532522.7835896,56,1400.0,790.971489645088,1.2987429589858586,56,427.028510354912,42.0,140.0,609.028510354912,0.2119230554262384,12.566152743970902,13.159567172389291
event_0417,business,1776669026.5669165,51,1275.0,986.5813915176446,3.420657899672243,51,122.66860848235537,38.25,127.5,288.41860848235535,0.1602689653726582,9.297355682512324,8.347369222015486
event_0418,art,1774821292.5778298,49,1225.0,754.7108272572596,1.6047803585520872,49,311.0391727427405,36.75,122.5,470.2891727427405,0.1756286102200979,11.012484929575557,11.4615461495689
event_0419,technology,1769772571.0905106,51,1275.0,713.5691464735439,1.270983135307719,51,395.6808535264561,38.25,127.5,561.4308535264561,0.18116668580809406,12.579179088089582,7.423438280029336
event_0420,science,1775919589.4674792,42,1050.0,743.0891204673937,2.421188592594183,42,170.41087953260626,31.5,105.0,306.91087953260626,0.16474090626055282,13.196553370267196,12.428469650591708
event_0421,technology,1774777080.6968725,46,1150.0,677.99171937698,1.4363979345491042,46,322.50828062302,34.5,115.0,472.00828062302,0.15573176461263546,11.1050793871562,11.748102620334944
event_0422,technology,1767057291.03647,85,2125.0,1504.5585189270128,2.4249805417991066,85,344.1914810729872,63.75,212.5,620.4414810729872,0.24085002184008153,8.367849907544072,8.402603324382628
event_0423,science,1776800361.8877666,57,1425.0,796.3818079173872,1.2668768068562783,57,443.36819208261284,42.75,142.5,628.6181920826128,0.18311454344690492,13.873462790785855,11.198336123279459
event_0424,business,1777905174.548176,47,1175.0,866.3775414271138,2.807240747913699,47,155.87245857288622,35.25,117.5,308.6224585728862,0.22891913869272398,8.135959906383867,10.18011465767576
event_0425,technology,1775054635.5670924,60,1500.0,842.0682375634092,1.2798716913208226,60,462.93176243659076,45.0,150.0,657.9317624365908,0.1739019039874868,8.61191807140229,11.367440123051178
event_0426,technology,1772432843.0453744,67,1675.0,1293.610074938309,3.3918307483582932,67,163.63992506169106,50.25,167.5,381.3899250616911,0.24898780435824797,8.437214522080033,8.289711585511194
event_0427,business,1768025929.9531517,73,1825.0,1422.5196862728487,3.5343832673446,73,165.23031372715133,54.75,182.5,402.4803137271513,0.20856863924317715,9.034033507726019,8.360824111248121
event_0428,technology,1768496314.4770348,59,1475.0,968.9552458742905,1.9147619612189222,59,314.2947541257094,44.25,147.5,506.0447541257094,0.2218836673902605,8.219026264046246,13.197675606861651
event_0429,art,1767024965.8865469,50,1250.0,873.8231726254467,2.3229053706580247,50,213.67682737455334,37.5,125.0,376.17682737455334,0.1520993760462446,12.900169945005477,13.37454265138754
event_0430,health,1779617198.0620537,62,1550.0,978.6419579405647,1.7128348354266478,62,369.85804205943526,46.5,155.0,571.3580420594353,0.1740149932873552,13.552798729178768,9.135506646286142
event_0431,technology,1775197845.2128308,50,1250.0,944.1703262566259,3.08724236827618,50,143.32967374337414,37.5,125.0,305.82967374337414,0.2378387836448417,13.983864399510818,13.171646565467316
event_0432,health,1771929525.7653418,59,1475.0,819.3985347360775,1.2498424395775505,59,463.8514652639225,44.25,147.5,655.6014652639225,0.18742553019371003,8.34176904505404,9.647368705723265
event_0433,science,1775460320.8015983,72,1800.0,1280.4419788511236,2.46448313129636,72,285.5580211488765,54.0,180.0,519.5580211488765,0.2035468342111876,11.312196054393658,8.32371515021509
event_0434,business,1779440701.6401465,93,2325.0,1719.9954339874344,2.842946203403878,93,302.75456601256565,69.75,232.5,605.0045660125656,0.24683843075043127,13.109960443416309,12.960518468602645
event_0435,health,1767650164.8808656,70,1750.0,1111.569943014702,1.7410990144536687,70,410.93005698529805,52.5,175.0,638.430056985298,0.2008613805384307,11.644515389980414,7.454111286789438
event_0436,science,1780249329.8374217,63,1575.0,973.7343481237128,1.619474428790525,63,396.5156518762872,47.25,157.5,601.2656518762872,0.1873878721337584,10.249870942927819,9.252761930133463
event_0437,technology,1774768368.526651,43,1075.0,792.6122190737707,2.8068219399366714,43,142.63778092622928,32.25,107.5,282.3877809262293,0.2083982621503899,9.806622493764305,13.448296565818573
event_0438,business,1774168777.567249,75,1875.0,1060.2754918553367,1.301391428950451,75,570.9745081446633,56.25,187.5,814.7245081446633,0.23887089295467956,9.771299828068585,9.141993254238068
event_0439,science,1768851537.0493956,52,1300.0,844.8037858841078,1.8559112744927666,52,286.19621411589225,39.0,130.0,455.19621411589225,0.19445053154142256,7.940312208692426,7.588197045515002
event_0440,science,1770486591.860034,68,1700.0,1213.6556662962441,2.4954658298445627,68,265.34433370375586,51.0,170.0,486.34433370375586,0.19089527753555174,9.982716405079204,10.27285692116275
event_0441,business,1766995907.8783822,40,1000.0,587.775186595145,1.4258607620931305,40,282.22481340485496,30.0,100.0,412.22481340485496,0.18590929351856994,8.636532797361717,11.517483968520306
event_0442,technology,1775242440.6871448,34,850.0,663.6905974195204,3.5623032881168064,34,75.80940258047964,25.5,85.0,186.30940258047963,0.15984091097011258,12.50111307155322,13.486241434471243
event_0443,technology,1771863579.822669,77,1925.0,1393.9473748946427,2.624876159152952,77,280.8026251053572,57.75,192.5,531.0526251053573,0.23155647797024462,9.304689047859352,9.119009079161877
event_0444,health,1776382664.3471327,85,2125.0,1674.3977220152408,3.7159104687701427,85,174.3522779847592,63.75,212.5,450.6022779847592,0.22398210059339227,13.98883568484332,12.266683496633899
event_0445,art,1772823382.036589,60,1500.0,949.0889373102735,1.7227625320800668,60,355.91106268972646,45.0,150.0,550.9110626897265,0.19057584838707842,12.481897778644385,9.826677990113982
event_0446,business,1775587500.8200817,46,1150.0,701.7381672119684,1.565464904400633,46,298.7618327880316,34.5,115.0,448.2618327880316,0.18975052850513047,12.328123760673567,8.044968001978567
event_0447,health,1775140490.3367157,64,1600.0,959.9046828674054,1.4996277228951558,64,432.09531713259463,48.0,160.0,640.0953171325946,0.2222510351347906,12.501822537692686,12.303349094697596
event_0448,health,1772763556.086867,49,1225.0,803.5666357066438,1.9067466028799935,49,262.18336429335625,36.75,122.5,421.43336429335625,0.17095847535035075,12.390917462062152,11.885588883786015
event_0449,technology,1772370013.206391,54,1350.0,796.1871623776061,1.4376466349096628,54,378.3128376223939,40.5,135.0,553.8128376223939,0.15096811540409938,7.8984194855317735,13.603478008245196
event_0450,art,1769134579.8164928,69,1725.0,1227.7530809864447,2.469101434398179,69,272.9969190135554,51.75,172.5,497.2469190135554,0.22786434046217696,11.80033964118647,9.823581020086191
event_0451,science,1766393975.606749,65,1625.0,1038.1126702452684,1.7688449172673577,65,375.63732975473147,48.75,162.5,586.8873297547315,0.24526375457216604,13.45500933359521,8.075838676398272
event_0452,health,1772304299.9948776,47,1175.0,777.5236562268858,1.9561507707505443,47,244.72634377311425,35.25,117.5,397.47634377311425,0.1704204618548547,13.06861328882129,13.861204807976112
event_0453,technology,1769314964.81133,52,1300.0,994.4542886423745,3.2546825292481922,52,136.54571135762546,39.0,130.0,305.54571135762546,0.2394743794982474,10.986605083447449,10.160747285731308
event_0454,art,1768782426.4908872,35,875.0,489.0211432349849,1.2669635516659976,35,272.2288567650151,26.25,87.5,385.9788567650151,0.16866921052262093,11.823171848234143,10.420293258040171
event_0455,art,1778564787.4666066,47,1175.0,879.795147849994,2.9802868802540314,47,142.45485215000602,35.25,117.5,295.204852150006,0.15574531806159933,11.61698925249852,7.489856028427525
event_0456,health,1778415582.6249678,60,1500.0,1160.245323329885,3.4149502655895034,60,144.75467667011497,45.0,150.0,339.754676670115,0.20364530192197353,8.099248185211165,7.775207638025013
event_0457,science,1772604833.2227225,65,1625.0,1098.5857905304083,2.0869227516432916,65,315.16420946959175,48.75,162.5,526.4142094695917,0.19322006763361105,7.909525983729537,8.43973903483376
event_0458,art,1775710327.1162405,55,1375.0,1083.7937081079326,3.721738637809481,55,112.45629189206724,41.25,137.5,291.20629189206727,0.2184835929117772,11.112443673765732,10.517325148116084
event_0459,health,1781685446.8670073,77,1925.0,1114.5414011417115,1.3751984403790538,77,560.2085988582885,57.75,192.5,810.4585988582885,0.20258565048045774,9.79465840186134,12.652960827409334
event_0460,health,1774433629.849997,69,1725.0,1072.8189525540715,1.6449710655583218,69,427.9310474459286,51.75,172.5,652.1810474459286,0.23809940734423388,12.161034976226976,9.015382494956954
event_0461,technology,1771969986.4591699,41,1025.0,588.3587034049393,1.3474646305628317,41,303.3912965950607,30.75,102.5,436.6412965950607,0.16751262874532696,11.291192581981473,12.669893353796805
event_0462,art,1772680883.442449,57,1425.0,802.3249224056807,1.2885129841801788,57,437.4250775943193,42.75,142.5,622.6750775943193,0.20686152659023863,13.37583166817993,8.284110232365535
event_0463,health,1779058197.4119534,68,1700.0,1058.1980510322198,1.6487922056549311,68,420.80194896778016,51.0,170.0,641.8019489677802,0.1791889590521581,8.916433939173004,11.396582422883531
event_0464,business,1771662459.5960648,81,2025.0,1562.5546528464342,3.3788958251266634,81,199.19534715356585,60.75,202.5,462.4453471535659,0.20528238946291105,10.45441304057052,13.946728053190004
event_0465,business,1781324494.6618805,52,1300.0,882.803744134784,2.1160394699706804,52,248.19625586521605,39.0,130.0,417.196255865216,0.17527666181875176,9.28209195189679,10.156551883771074
event_0466,technology,1769951183.5213282,83,2075.0,1441.7061847387868,2.276520234362512,83,363.5438152612133,62.25,207.5,633.2938152612132,0.2245957437152727,12.24815298790729,9.668088975590496
event_0467,science,1778020463.0337727,66,1650.0,1276.4780802079345,3.4174114357693717,66,159.02191979206543,49.5,165.0,373.52191979206543,0.2248676027836245,13.419958829547197,9.289772538036623
event_0468,science,1770559976.5749445,85,2125.0,1591.7495612231428,2.984994376890185,85,257.00043877685727,63.75,212.5,533.2504387768572,0.23204266896779974,13.650128968537341,7.981790321286872
event_0469,technology,1779360304.351977,40,1000.0,606.7386287250329,1.5428381047392605,40,263.2613712749671,30.0,100.0,393.2613712749671,0.1890849502149622,9.059012575962093,10.742576831505637
event_0470,business,1774796312.947976,51,1275.0,941.1030511314437,2.818543428804807,51,168.14694886855622,38.25,127.5,333.89694886855625,0.1534444845413325,9.506608927589518,8.516707032925531
event_0471,science,1778261117.6911693,84,2100.0,1462.1283319299314,2.292198266704206,84,364.8716680700685,63.0,210.0,637.8716680700685,0.2216410433203283,12.680582781583974,11.487085324807312
event_0472,business,1766881724.2926517,87,2175.0,1522.6854647817402,2.334281060090529,87,369.5645352182599,65.25,217.5,652.3145352182598,0.226711423845394,7.0326601292241575,12.406867866529291
event_0473,technology,1766559134.3133395,43,1075.0,676.6610404826831,1.6987066525017294,43,258.5889595173168,32.25,107.5,398.3389595173168,0.18371166424492488,9.951779113677212,13.925034374758003
event_0474,technology,1773705673.1184022,38,950.0,655.7249577280132,2.22827241027784,38,170.77504227198676,28.5,95.0,294.27504227198676,0.16678828874529264,12.578469156084175,12.813154664998958
event_0475,technology,1770724108.4857981,52,1300.0,734.0559528656404,1.2970468663510293,52,396.94404713435955,39.0,130.0,565.9440471343596,0.17071193153733563,10.934378820564636,8.32683275172646
event_0476,business,1778817492.556455,50,1250.0,870.7440021348716,2.295926780423726,50,216.75599786512834,37.5,125.0,379.25599786512834,0.19021394897549804,9.49603428142946,8.215350904352679
event_0477,technology,1779585021.9702387,39,975.0,719.1067598894488,2.8101827136143944,39,129.14324011055126,29.25,97.5,255.89324011055126,0.18689799610073785,12.705594241240645,11.549614968652769
event_0478,health,1769726257.843704,81,2025.0,1186.423993612575,1.414807941767467,81,575.326006387425,60.75,202.5,838.576006387425,0.20361815302912872,13.881717450419963,7.712695129124207
event_0479,health,1770383290.9714258,73,1825.0,1015.8533184537589,1.255462503427081,73,571.8966815462411,54.75,182.5,809.1466815462411,0.2196315365944545,11.199070016074776,13.869911264003198
event_0480,science,1769089737.9792542,67,1675.0,1129.4335876469283,2.070203667369461,67,327.8164123530717,50.25,167.5,545.5664123530717,0.18179669751079494,11.447474161774025,13.18776922533941
event_0481,art,1770831324.6685855,52,1300.0,843.7098132085481,1.8490641211053853,52,287.2901867914519,39.0,130.0,456.2901867914519,0.21405919547514163,11.09525840090499,9.676599797436467
event_0482,science,1779577414.811182,62,1550.0,942.8045833811237,1.5527201911883044,62,405.69541661887627,46.5,155.0,607.1954166188763,0.180884862867293,11.314440722112263,13.277455984565565
event_0483,science,1775790257.1064615,39,975.0,761.3798285595553,3.5641757209797067,39,86.87017144044464,29.25,97.5,213.62017144044464,0.16516705853920274,9.62166539945517,9.07630311261179
event_0484,business,1779660012.6143909,46,1150.0,730.865828236908,1.7437514702332995,46,269.634171763092,34.5,115.0,419.134171763092,0.18286898518671618,13.621135481492306,12.17478945211562
event_0485,technology,1773734295.515514,36,900.0,528.0620733626142,1.41975860901499,36,254.93792663738574,27.0,90.0,371.9379266373858,0.17884551044594565,13.842972531201346,11.53632497555743
event_0486,technology,1776559267.77604,53,1325.0,828.1727512820332,1.6669229665222345,53,324.57724871796677,39.75,132.5,496.82724871796677,0.2165006019088449,10.775182264883204,13.346424403963589
event_0487,art,1766819650.7550354,39,975.0,566.7011828642763,1.3879569547611443,39,281.54881713572365,29.25,97.5,408.29881713572365,0.19423608901335487,9.67040144391584,9.251458937561647
event_0488,art,1781453631.304342,37,925.0,599.1859954309161,1.8390430952266448,37,205.56400456908386,27.75,92.5,325.81400456908386,0.17042200127658322,11.440568714917362,7.990724076091659
event_0489,business,1780510882.8611581,58,1450.0,894.3575295154556,1.609591737534996,58,367.1424704845445,43.5,145.0,555.6424704845444,0.2224989104770677,8.654170897245198,7.547151595232476
event_0490,business,1779562573.793317,63,1575.0,1141.4866233617302,2.633105885252081,63,228.7633766382698,47.25,157.5,433.5133766382698,0.19482711923698023,8.742786013496705,8.99747023012454
event_0491,technology,1775659912.3606048,48,1200.0,802.47574437033,2.0186837230830736,48,241.5242556296701,36.0,120.0,397.5242556296701,0.16677660381102075,13.807886403181207,9.787711312204767
event_0492,science,1768914477.1973665,41,1025.0,599.6556162649745,1.4098119998653578,41,292.09438373502553,30.75,102.5,425.34438373502553,0.15198110771322942,12.737226655157674,12.554910208091178
event_0493,science,1777022835.8019564,55,1375.0,933.2450925489545,2.112585682259512,55,263.0049074510455,41.25,137.5,441.7549074510455,0.22266482351399908,11.166283531191823,8.069590962454415
event_0494,art,1770607540.0027735,47,1175.0,884.6177034799068,3.046389928315397,47,137.63229652009312,35.25,117.5,290.3822965200931,0.16366563492630673,11.242177496596502,7.503577547763578
event_0495,science,1768319919.6884508,76,1900.0,1072.2300467196087,1.2953237097703778,76,580.7699532803912,57.0,190.0,827.7699532803912,0.19914537176829222,10.504898660723718,12.077417631594871
event_0496,science,1773586530.8399374,58,1450.0,1131.9882396058706,3.5595798035988855,58,129.51176039412925,43.5,145.0,318.0117603941293,0.20883090054335768,10.426857800444035,11.487341053133118
event_0497,business,1773687032.675653,48,1200.0,685.0312333669194,1.3302384100801394,48,358.96876663308063,36.0,120.0,514.9687666330806,0.1936297945358581,10.95926014435691,8.359597402368903
event_0498,health,1781842324.6893046,72,1800.0,1021.7438972653044,1.3128633282476334,72,544.2561027346956,54.0,180.0,778.2561027346956,0.21964554120429203,10.420352901852564,11.819425766000627
event_0499,health,1780935329.5217447,71,1775.0,1105.1271740378602,1.6497566869510845,71,439.12282596213976,53.25,177.5,669.8728259621398,0.21309527136874118,7.2415530044606315,12.691884871795029
