user_id,ground_truth,calculated,error,exploration_path,credentials_path,influence_path,professional_path,community_path,local_path
user_0000,0.9140000000000001,0.9140000000000001,0.0,1.0,0.6,1.0,0.21600000000000003,0.22000000000000003,0.77
user_0001,0.9604500000000001,0.9604500000000001,0.0,1.0,0.8,1.0,0.269,0.308,0.47
user_0002,1.0645499999999999,1.0645499999999999,0.0,1.0,1.0,1.0,0.37500000000000006,0.652,0.22999999999999998
user_0003,1.1062,1.1062,0.0,1.0,1.0,1.0,0.5720000000000001,0.5880000000000001,0.25
user_0004,0.9089,0.9089,0.0,1.0,0.2,1.0,0.362,0.6160000000000001,0.76
user_0005,0.9960884765793901,0.9960884765793901,0.0,0.8950961914484756,1.0,1.0,0.425,0.512,0.05
user_0006,1.21825,1.21825,0.0,1.0,1.0,1.0,0.6890000000000001,0.8600000000000001,0.67
user_0007,1.1167,1.1167,0.0,1.0,1.0,1.0,0.586,0.468,0.5
user_0008,0.9664500000000001,0.9664500000000001,0.0,1.0,0.8,1.0,0.265,0.548,0.18
user_0009,1.0692,1.0692,0.0,1.0,1.0,1.0,0.604,0.328,0.19
user_0010,0.8115474760426014,0.8115474760426014,0.0,0.6507436901065038,0.3,1.0,0.46499999999999997,0.4600000000000001,0.91
user_0011,0.9090964841576807,0.9090964841576807,0.0,0.6978662103942019,1.0,1.0,0.343,0.42800000000000005,0.3
user_0012,0.9884500000000002,0.9884500000000002,0.0,1.0,1.0,1.0,0.105,0.448,0.44999999999999996
user_0013,1.0160479845548223,1.0160479845548223,0.0,0.9347449613870558,1.0,1.0,0.267,0.256,0.87
user_0014,1.0524499999999999,1.0524499999999999,0.0,1.0,0.9,1.0,0.43699999999999994,0.388,0.6
user_0015,1.1081000000000003,1.1081000000000003,0.0,1.0,1.0,1.0,0.482,0.42400000000000004,0.74
user_0016,1.12835,1.12835,0.0,1.0,0.7,1.0,0.7070000000000001,0.8440000000000001,0.5
user_0017,1.0356600319628546,1.0356600319628546,0.0,0.7681500799071366,1.0,1.0,0.704,0.5760000000000001,0.16
user_0018,0.9898421847162696,0.9898421847162696,0.0,0.9844804617906735,1.0,1.0,0.32499999999999996,0.252,0.27
user_0019,1.01615,1.01615,0.0,1.0,0.7000000000000001,1.0,0.611,0.45600000000000007,0.2
user_0020,1.0515231858775518,1.0515231858775518,0.0,1.0,0.8999999999999999,0.939115929387758,0.39,0.508,0.65
user_0021,1.0240378008630693,1.0240378008630693,0.0,0.9767195021576736,1.0,1.0,0.251,0.464,0.51
user_0022,1.0735,1.0735,0.0,1.0,0.7,1.0,0.662,0.44000000000000006,0.6699999999999999
user_0023,1.2069500000000002,1.2069500000000002,0.0,1.0,1.0,1.0,0.719,0.7480000000000002,0.65
user_0024,1.1929500000000002,1.1929500000000002,0.0,1.0,1.0,1.0,0.7749999999999999,0.448,0.8200000000000001
user_0025,1.0417060332944557,1.0417060332944557,0.0,0.7947650832361391,1.0,1.0,0.528,0.552,0.59
user_0026,1.1585,1.1585,0.0,1.0,1.0,1.0,0.502,0.8000000000000002,0.63
user_0027,1.10945,1.10945,0.0,1.0,1.0,1.0,0.601,0.508,0.33
user_0028,1.1001000000000003,1.1001000000000003,0.0,1.0,1.0,1.0,0.618,0.264,0.56
user_0029,1.08525,1.08525,0.0,1.0,1.0,1.0,0.589,0.38,0.31
user_0030,1.0213580005490466,1.0213580005490466,0.0,1.0,1.0,0.8872900027452328,0.486,0.15600000000000003,0.49
user_0031,1.1291000000000002,1.1291000000000002,0.0,1.0,1.0,1.0,0.44200000000000006,0.804,0.48
user_0032,1.0994910148057555,1.0994910148057555,0.0,0.883602537014389,1.0,1.0,0.6490000000000001,0.552,0.51
user_0033,1.09635,1.09635,0.0,1.0,0.7,1.0,0.655,0.6040000000000001,0.6699999999999999
user_0034,1.2054500000000001,1.2054500000000001,0.0,1.0,1.0,1.0,0.733,0.668,0.72
user_0035,1.0651000000000002,1.0651000000000002,0.0,1.0,1.0,1.0,0.358,0.4240000000000001,0.62
user_0036,0.9483134155146362,0.9483134155146362,0.0,0.7126585387865908,1.0,1.0,0.265,0.4,0.87
user_0037,1.0773330976792908,1.0773330976792908,0.0,1.0,1.0,0.9909154883964537,0.41500000000000004,0.516,0.48
user_0038,1.0091532362717341,1.0091532362717341,0.0,0.9932220925679727,1.0,0.978571996222725,0.199,0.4160000000000001,0.54
user_0039,1.0200999999999998,1.0200999999999998,0.0,1.0,0.7,1.0,0.41000000000000003,0.864,0.13
user_0040,1.1102319555207654,1.1102319555207654,0.0,0.9117048888019136,1.0,1.0,0.587,0.672,0.48
user_0041,0.8651500000000001,0.8651500000000001,0.0,1.0,0.2,1.0,0.375,0.45600000000000007,0.53
user_0042,1.148059293087308,1.148059293087308,0.0,1.0,0.8999999999999999,0.8350464654365405,0.8049999999999999,0.8119999999999999,0.33
user_0043,1.0793000000000001,1.0793000000000001,0.0,1.0,1.0,1.0,0.37,0.49200000000000005,0.63
user_0044,1.0835,1.0835,0.0,1.0,1.0,1.0,0.478,0.42000000000000004,0.51
user_0045,1.013086165328355,1.013086165328355,0.0,0.9196962132017834,1.0,0.6912884002382073,0.427,0.508,0.74
user_0046,1.05775,1.05775,0.0,1.0,0.8999999999999999,1.0,0.555,0.41999999999999993,0.31
user_0047,1.1029,1.1029,0.0,1.0,1.0,1.0,0.51,0.45599999999999996,0.5700000000000001
user_0048,1.18405,1.18405,0.0,1.0,1.0,1.0,0.821,0.492,0.55
user_0049,1.1689856511153927,1.1689856511153927,0.0,1.0,1.0,0.9609282555769638,0.72,0.772,0.31
user_0050,1.1555000000000002,1.1555000000000002,0.0,1.0,1.0,1.0,0.67,0.7200000000000001,0.3
user_0051,1.0483,1.0483,0.0,1.0,0.9,1.0,0.44200000000000006,0.452,0.45
user_0052,1.08135,1.08135,0.0,1.0,1.0,1.0,0.47900000000000004,0.28400000000000003,0.69
user_0053,1.1665,1.1665,0.0,1.0,1.0,1.0,0.6140000000000001,0.66,0.64
user_0054,1.0411668053485188,1.0411668053485188,0.0,0.8316670133712971,1.0,1.0,0.406,0.5,0.82
user_0055,1.056521625899754,1.056521625899754,0.0,1.0,1.0,0.9373581294987711,0.42100000000000004,0.4720000000000001,0.43
user_0056,1.0671000000000002,1.0671000000000002,0.0,1.0,1.0,1.0,0.266,0.364,0.96
user_0057,1.10485,1.10485,0.0,1.0,1.0,1.0,0.48500000000000004,0.5840000000000001,0.46
user_0058,0.9822443943970042,0.9822443943970042,0.0,1.0,1.0,0.8729719719850203,0.361,0.15600000000000003,0.44000000000000006
user_0059,1.0402500000000001,1.0402500000000001,0.0,1.0,1.0,1.0,0.30100000000000005,0.5,0.4
user_0060,1.08175,1.08175,0.0,1.0,1.0,1.0,0.31900000000000006,0.6600000000000001,0.53
user_0061,1.0114,1.0114,0.0,1.0,1.0,1.0,0.424,0.29600000000000004,0.11
user_0062,1.0381590035835735,1.0381590035835735,0.0,0.7133975089589341,1.0,1.0,0.752,0.45200000000000007,0.47
user_0063,0.9841000000000001,0.9841000000000001,0.0,1.0,1.0,1.0,0.182,0.4040000000000001,0.28
user_0064,1.1088500000000001,1.1088500000000001,0.0,1.0,0.9999999999999999,1.0,0.501,0.524,0.55
user_0065,0.8897499999999999,0.8897499999999999,0.0,1.0,0.1,1.0,0.319,0.7600000000000001,0.71
user_0066,1.0920500000000002,1.0920500000000002,0.0,1.0,1.0,1.0,0.621,0.392,0.28
user_0067,1.0633136186612344,1.0633136186612344,0.0,1.0,1.0,0.9688180933061716,0.571,0.372,0.21000000000000002
user_0068,1.14565,1.14565,0.0,1.0,1.0,1.0,0.917,0.07600000000000001,0.55
user_0069,1.0797500000000002,1.0797500000000002,0.0,1.0,1.0,1.0,0.623,0.24000000000000002,0.38
user_0070,1.1578499999999998,1.1578499999999998,0.0,1.0,1.0,1.0,0.677,0.7440000000000001,0.27
user_0071,1.0905,1.0905,0.0,1.0,1.0,1.0,0.35,0.56,0.69
user_0072,1.1056,1.1056,0.0,1.0,1.0,1.0,0.5720000000000001,0.504,0.37
user_0073,1.1313906082364653,1.1313906082364653,0.0,0.7247265205911626,1.0,1.0,0.698,0.86,0.88
user_0074,1.0195,1.0195,0.0,1.0,1.0,1.0,0.362,0.24,0.43000000000000005
user_0075,1.0608000000000002,1.0608000000000002,0.0,1.0,1.0,1.0,0.54,0.332,0.26
user_0076,1.14935,1.14935,0.0,1.0,1.0,1.0,0.5990000000000001,0.804,0.29
user_0077,1.1304,1.1304,0.0,1.0,0.7999999999999999,1.0,0.5960000000000001,0.856,0.53
user_0078,1.0441500000000001,1.0441500000000001,0.0,1.0,1.0,1.0,0.263,0.29600000000000004,0.84
user_0079,1.09555,1.09555,0.0,1.0,1.0,1.0,0.20700000000000002,0.7520000000000001,0.81
user_0080,1.1245,1.1245,0.0,1.0,1.0,1.0,0.486,0.7,0.48
user_0081,1.0499,1.0499,0.0,1.0,1.0,1.0,0.206,0.536,0.68
user_0082,1.0250477825493007,1.0250477825493007,0.0,0.8783874421942761,1.0,0.9662140283579511,0.173,0.848,0.6
user_0083,1.06565,1.06565,0.0,1.0,0.4,1.0,0.865,0.536,0.69
user_0084,1.0665281882079494,1.0665281882079494,0.0,1.0,1.0,0.9616409410397468,0.408,0.388,0.64
user_0085,1.0372000000000001,1.0372000000000001,0.0,1.0,1.0,1.0,0.30400000000000005,0.30800000000000005,0.65
user_0086,0.808936675726937,0.808936675726937,0.0,0.5995916893173423,1.0,1.0,0.274,0.22400000000000003,0.16999999999999998
user_0087,1.0944500000000001,1.0944500000000001,0.0,1.0,1.0,1.0,0.333,0.528,0.82
user_0088,1.06935,1.06935,0.0,1.0,1.0,1.0,0.463,0.22400000000000003,0.7
user_0089,1.1848,1.1848,0.0,1.0,1.0,1.0,0.6319999999999999,0.532,0.97
user_0090,0.9631768998173812,0.9631768998173812,0.0,0.5991922495434531,1.0,1.0,0.582,0.5,0.53
user_0091,1.0868,1.0868,0.0,1.0,1.0,1.0,0.296,0.6920000000000001,0.5900000000000001
user_0092,1.0521690178398921,1.0521690178398921,0.0,0.7790475445997304,1.0,1.0,0.615,0.512,0.6
user_0093,1.0902500000000002,1.0902500000000002,0.0,1.0,1.0,1.0,0.625,0.16000000000000003,0.6
user_0094,1.05915,1.05915,0.0,1.0,1.0,1.0,0.47100000000000003,0.41600000000000004,0.29000000000000004
user_0095,1.1028,1.1028,0.0,1.0,1.0,1.0,0.5800000000000001,0.5920000000000001,0.19
user_0096,1.2457500000000001,1.2457500000000001,0.0,1.0,1.0,1.0,0.827,0.7200000000000001,0.81
user_0097,1.0650499999999998,1.0650499999999998,0.0,1.0,0.9000000000000001,1.0,0.509,0.45200000000000007,0.45
user_0098,1.0991011966458588,1.0991011966458588,0.0,1.0,1.0,0.8802559832292941,0.609,0.372,0.65
user_0099,0.9676499999999999,0.9676499999999999,0.0,1.0,0.6000000000000001,1.0,0.509,0.096,0.76
user_0100,1.0969,1.0969,0.0,1.0,1.0,1.0,0.47000000000000003,0.496,0.55
user_0101,1.1247,1.1247,0.0,1.0,1.0,1.0,0.534,0.7280000000000001,0.32
user_0102,1.2029500000000002,1.2029500000000002,0.0,1.0,1.0,1.0,0.7470000000000001,0.628,0.72
user_0103,1.160524071848521,1.160524071848521,0.0,1.0,1.0,0.9931203592426056,0.698,0.596,0.48
user_0104,1.0668,1.0668,0.0,1.0,0.9,1.0,0.4,0.43200000000000005,0.77
user_0105,1.2017,1.2017,0.0,1.0,1.0,1.0,0.622,0.648,0.99
user_0106,1.0767706364466167,1.0767706364466167,0.0,0.9014265911165419,1.0,1.0,0.536,0.32799999999999996,0.8300000000000001
user_0107,1.019320640577427,1.019320640577427,0.0,0.8569266014435675,1.0,1.0,0.41900000000000004,0.6320000000000001,0.27
user_0108,0.9319999999999999,0.9319999999999999,0.0,1.0,0.4,1.0,0.408,0.3600000000000001,0.76
user_0109,1.04515,1.04515,0.0,1.0,1.0,1.0,0.343,0.456,0.41000000000000003
user_0110,0.9691598608149775,0.9691598608149775,0.0,0.7926496520374438,1.0,1.0,0.514,0.28400000000000003,0.31
user_0111,1.0667,1.0667,0.0,1.0,1.0,1.0,0.406,0.6280000000000001,0.21000000000000002
user_0112,1.10565,1.10565,0.0,1.0,1.0,1.0,0.553,0.45600000000000007,0.49
user_0113,1.1683000000000001,1.1683000000000001,0.0,1.0,1.0,1.0,0.51,0.832,0.66
user_0114,1.05765,1.05765,0.0,1.0,1.0,1.0,0.317,0.4760000000000001,0.5700000000000001
user_0115,1.1385397419164207,1.1385397419164207,0.0,1.0,1.0,0.919198709582104,0.646,0.42799999999999994,0.79
user_0116,1.0743500000000001,1.0743500000000001,0.0,1.0,1.0,1.0,0.375,0.48400000000000004,0.58
user_0117,1.0323499999999999,1.0323499999999999,0.0,1.0,1.0,1.0,0.251,0.644,0.22999999999999998
user_0118,1.07725,1.07725,0.0,1.0,1.0,1.0,0.441,0.52,0.39
user_0119,1.06475,1.06475,0.0,1.0,1.0,1.0,0.34700000000000003,0.4600000000000001,0.5900000000000001
user_0120,1.2119500000000003,1.2119500000000003,0.0,1.0,1.0,1.0,0.6709999999999999,0.8280000000000001,0.7
user_0121,1.0464499999999999,1.0464499999999999,0.0,1.0,1.0,1.0,0.40499999999999997,0.34800000000000003,0.43000000000000005
user_0122,1.0664,1.0664,0.0,1.0,1.0,1.0,0.32399999999999995,0.8560000000000001,0.07
user_0123,1.1676499999999999,1.1676499999999999,0.0,1.0,0.9,1.0,0.661,0.8960000000000001,0.43
user_0124,1.1193,1.1193,0.0,1.0,1.0,1.0,0.594,0.492,0.47000000000000003
user_0125,1.16215,1.16215,0.0,1.0,1.0,1.0,0.5549999999999999,0.816,0.51
user_0126,1.0518913143562267,1.0518913143562267,0.0,1.0,1.0,0.9167065717811336,0.347,0.492,0.58
user_0127,1.0537409852981614,1.0537409852981614,0.0,1.0,1.0,0.7747049264908076,0.45999999999999996,0.5120000000000001,0.5700000000000001
user_0128,1.0380362049885565,1.0380362049885565,0.0,0.9223405124713913,1.0,1.0,0.346,0.544,0.51
user_0129,1.0739500000000002,1.0739500000000002,0.0,1.0,1.0,1.0,0.375,0.42799999999999994,0.6599999999999999
user_0130,0.9982552273938288,0.9982552273938288,0.0,0.7867630684845717,1.0,1.0,0.527,0.29200000000000004,0.5800000000000001
user_0131,1.1387000000000003,1.1387000000000003,0.0,1.0,1.0,1.0,0.73,0.468,0.36
user_0132,1.12215,1.12215,0.0,1.0,1.0,1.0,0.447,0.8760000000000001,0.29
user_0133,0.9480484784074965,0.9480484784074965,0.0,0.849746196018741,1.0,1.0,0.17500000000000002,0.6160000000000001,0.22000000000000003
user_0134,1.07335,1.07335,0.0,1.0,1.0,1.0,0.327,0.644,0.45
user_0135,1.0893189788057889,1.0893189788057889,0.0,1.0,1.0,0.9138448940289438,0.531,0.632,0.29
user_0136,1.1143000000000003,1.1143000000000003,0.0,1.0,1.0,1.0,0.522,0.5720000000000001,0.48
user_0137,1.1353000000000002,1.1353000000000002,0.0,1.0,1.0,1.0,0.61,0.552,0.5
user_0138,1.1451500000000001,1.1451500000000001,0.0,1.0,1.0,1.0,0.547,0.656,0.6000000000000001
user_0139,1.1733500000000001,1.1733500000000001,0.0,1.0,1.0,1.0,0.775,0.7240000000000001,0.21
user_0140,1.1335774860420236,1.1335774860420236,0.0,1.0,1.0,0.8428874302101182,0.428,0.8400000000000001,0.8200000000000001
user_0141,1.0610000000000002,1.0610000000000002,0.0,1.0,1.0,1.0,0.416,0.4200000000000001,0.43999999999999995
user_0142,1.09595,1.09595,0.0,1.0,1.0,1.0,0.403,0.628,0.51
user_0143,1.0508000000000002,1.0508000000000002,0.0,1.0,1.0,1.0,0.396,0.532,0.22000000000000003
user_0144,1.1661000000000004,1.1661000000000004,0.0,1.0,1.0,1.0,0.762,0.34400000000000003,0.74
user_0145,1.09095,1.09095,0.0,1.0,0.7999999999999999,1.0,0.631,0.528,0.54
user_0146,1.0634000000000001,1.0634000000000001,0.0,1.0,1.0,1.0,0.24,0.476,0.8200000000000001
user_0147,1.0216999999999998,1.0216999999999998,0.0,1.0,0.7,1.0,0.414,0.708,0.37
user_0148,1.0940500000000002,1.0940500000000002,0.0,1.0,1.0,1.0,0.509,0.352,0.64
user_0149,1.09905,1.09905,0.0,1.0,0.8,1.0,0.677,0.43200000000000005,0.65
user_0150,1.1605629630645327,1.1605629630645327,0.0,1.0,1.0,0.9505648153226641,0.5850000000000001,0.888,0.41000000000000003
user_0151,1.1153,1.1153,0.0,1.0,1.0,1.0,0.5619999999999999,0.492,0.51
user_0152,1.1767,1.1767,0.0,1.0,1.0,1.0,0.678,0.548,0.75
user_0153,1.0045590623023812,1.0045590623023812,0.0,1.0,1.0,0.6937953115119062,0.456,0.532,0.22000000000000003
user_0154,1.01485,1.01485,0.0,1.0,1.0,1.0,0.285,0.264,0.54
user_0155,1.0468925348069025,1.0468925348069025,0.0,1.0,1.0,0.9374626740345122,0.36400000000000005,0.43600000000000005,0.53
user_0156,1.0368000000000002,1.0368000000000002,0.0,1.0,1.0,1.0,0.1,0.5720000000000001,0.76
user_0157,1.1533,1.1533,0.0,1.0,1.0,1.0,0.634,0.692,0.41
user_0158,1.0637,1.0637,0.0,1.0,0.8,1.0,0.514,0.548,0.53
user_0159,1.2141500000000003,1.2141500000000003,0.0,1.0,1.0,1.0,0.7670000000000001,0.6160000000000001,0.8
user_0160,1.1932,1.1932,0.0,1.0,1.0,1.0,0.984,0.36800000000000005,0.42000000000000004
user_0161,0.96485,0.96485,0.0,1.0,0.3,1.0,0.42500000000000004,0.784,0.66
user_0162,1.0785500000000001,1.0785500000000001,0.0,1.0,1.0,1.0,0.391,0.6520000000000001,0.33
user_0163,0.8433499999999999,0.8433499999999999,0.0,1.0,0.2,1.0,0.14700000000000002,0.7839999999999999,0.39
user_0164,0.9521500000000002,0.9521500000000002,0.0,1.0,0.5,1.0,0.347,0.6360000000000001,0.45
user_0165,1.0666000000000002,1.0666000000000002,0.0,1.0,1.0,1.0,0.504,0.244,0.54
user_0166,1.0006,1.0006,0.0,1.0,0.9,1.0,0.308,0.544,0.16999999999999998
user_0167,1.0176,1.0176,0.0,1.0,1.0,1.0,0.264,0.34400000000000003,0.5
user_0168,0.8818826280406115,0.8818826280406115,0.0,0.9060815701015288,0.30000000000000004,1.0,0.385,0.668,0.48
user_0169,1.0138092479421668,1.0138092479421668,0.0,1.0,0.7,0.9440462397108338,0.596,0.5,0.26
user_0170,0.9092,0.9092,0.0,1.0,0.3,1.0,0.304,0.7480000000000001,0.45999999999999996
user_0171,0.9555072603431892,0.9555072603431892,0.0,0.88187268729885,0.8,0.9782909271182455,0.354,0.5840000000000001,0.31
user_0172,1.0203,1.0203,0.0,1.0,1.0,1.0,0.27,0.41200000000000003,0.41000000000000003
user_0173,1.0064000000000002,1.0064000000000002,0.0,1.0,1.0,1.0,0.196,0.5760000000000001,0.21000000000000002
user_0174,1.1755499999999999,1.1755499999999999,0.0,1.0,1.0,1.0,0.715,0.652,0.49
user_0175,1.1103,1.1103,0.0,1.0,1.0,1.0,0.618,0.512,0.29000000000000004
user_0176,0.8723640162670427,0.8723640162670427,0.0,0.6699100406676067,1.0,1.0,0.08399999999999999,0.5760000000000001,0.47000000000000003
user_0177,1.18455,1.18455,0.0,1.0,1.0,1.0,0.643,0.9120000000000001,0.37
user_0178,1.11165,1.11165,0.0,1.0,1.0,1.0,0.361,0.5760000000000001,0.8500000000000001
user_0179,1.01625,1.01625,0.0,1.0,1.0,1.0,0.293,0.48000000000000004,0.21000000000000002
user_0180,0.9895000000000002,0.9895000000000002,0.0,1.0,1.0,1.0,0.29000000000000004,0.18000000000000005,0.4
user_0181,1.0939500000000002,1.0939500000000002,0.0,1.0,1.0,1.0,0.591,0.5880000000000001,0.08
user_0182,1.0206,1.0206,0.0,1.0,0.9,1.0,0.52,0.224,0.32
user_0183,0.9604975015358632,0.9604975015358632,0.0,0.6362437538396581,1.0,1.0,0.54,0.5800000000000001,0.33999999999999997
user_0184,1.041893511286793,1.041893511286793,0.0,0.7686087782169833,1.0,1.0,0.505,0.708,0.52
user_0185,1.157036713816634,1.157036713816634,0.0,1.0,1.0,0.9091835690831703,0.736,0.848,0.14
user_0186,0.9090638308408381,0.9090638308408381,0.0,0.6524095771020955,1.0,1.0,0.278,0.42399999999999993,0.65
user_0187,1.1124500000000002,1.1124500000000002,0.0,1.0,1.0,1.0,0.5810000000000001,0.6080000000000001,0.26
user_0188,1.056,1.056,0.0,1.0,0.6000000000000001,1.0,0.784,0.34,0.59
user_0189,1.1042568480594284,1.1042568480594284,0.0,0.9503921201485707,1.0,1.0,0.394,0.6640000000000001,0.76
user_0190,1.1285503863817772,1.1285503863817772,0.0,1.0,1.0,0.9637519319088859,0.78,0.532,0.11
user_0191,1.041991527528719,1.041991527528719,0.0,0.9309788188217978,1.0,1.0,0.32000000000000006,0.444,0.73
user_0192,0.9392499999999999,0.9392499999999999,0.0,1.0,0.4,1.0,0.45299999999999996,0.62,0.33
user_0193,1.1183999999999998,1.1183999999999998,0.0,1.0,0.6000000000000001,1.0,0.96,0.476,0.57
user_0194,1.09645,1.09645,0.0,1.0,1.0,1.0,0.497,0.36800000000000005,0.67
user_0195,1.0785264606280411,1.0785264606280411,0.0,0.8353161515701031,1.0,1.0,0.668,0.47600000000000003,0.56
user_0196,1.08695,1.08695,0.0,1.0,1.0,1.0,0.651,0.308,0.28
user_0197,1.0842500000000002,1.0842500000000002,0.0,1.0,1.0,1.0,0.36899999999999994,0.4,0.8200000000000001
user_0198,0.9374,0.9374,0.0,1.0,0.4,1.0,0.528,0.43600000000000005,0.39999999999999997
user_0199,1.1363500000000002,1.1363500000000002,0.0,1.0,1.0,1.0,0.499,0.664,0.62
user_0200,1.022585954023162,1.022585954023162,0.0,0.9493398850579056,1.0,1.0,0.257,0.664,0.29000000000000004
user_0201,1.001,1.001,0.0,1.0,1.0,1.0,0.26,0.42000000000000004,0.22999999999999998
user_0202,1.0571529160698057,1.0571529160698057,0.0,1.0,1.0,0.9177645803490281,0.636,0.18400000000000002,0.37
user_0203,1.14225,1.14225,0.0,1.0,1.0,1.0,0.661,0.54,0.46
user_0204,1.1059822680822204,1.1059822680822204,0.0,1.0,1.0,0.9804113404111031,0.5499999999999999,0.716,0.15
user_0205,1.018,1.018,0.0,1.0,1.0,1.0,0.472,0.26,0.11
user_0206,0.9026000000000001,0.9026000000000001,0.0,1.0,0.2,1.0,0.5840000000000001,0.504,0.31
user_0207,1.0039000000000002,1.0039000000000002,0.0,1.0,0.5,1.0,0.498,0.7760000000000001,0.38
user_0208,1.1685898672497346,1.1685898672497346,0.0,1.0,1.0,0.9984493362486732,0.578,0.536,0.94
user_0209,1.0745500000000001,1.0745500000000001,0.0,1.0,1.0,1.0,0.507,0.31200000000000006,0.51
user_0210,1.10505,1.10505,0.0,1.0,1.0,1.0,0.477,0.43199999999999994,0.71
user_0211,1.2230500000000002,1.2230500000000002,0.0,1.0,1.0,1.0,0.925,0.6120000000000001,0.5
user_0212,0.9388827284008463,0.9388827284008463,0.0,0.8635818210021158,1.0,1.0,0.161,0.28800000000000003,0.6000000000000001
user_0213,1.0913452516202435,1.0913452516202435,0.0,1.0,1.0,0.964226258101218,0.47,0.7000000000000001,0.26
user_0214,1.1774999999999998,1.1774999999999998,0.0,1.0,0.9000000000000001,1.0,0.73,0.76,0.56
user_0215,1.0903000000000003,1.0903000000000003,0.0,1.0,1.0,1.0,0.498,0.252,0.78
user_0216,1.1705500000000002,1.1705500000000002,0.0,1.0,1.0,1.0,0.583,0.8320000000000001,0.5
user_0217,1.0019500000000001,1.0019500000000001,0.0,1.0,1.0,1.0,0.267,0.388,0.27
user_0218,1.1676000000000002,1.1676000000000002,0.0,1.0,1.0,1.0,0.712,0.5840000000000001,0.52
user_0219,1.0726,1.0726,0.0,1.0,0.4,1.0,0.712,0.684,0.9199999999999999
user_0220,1.082278442522579,1.082278442522579,0.0,1.0,1.0,0.9486422126128957,0.591,0.252,0.5700000000000001
user_0221,1.1653,1.1653,0.0,1.0,1.0,1.0,0.85,0.432,0.38
user_0222,1.19935,1.19935,0.0,1.0,1.0,1.0,0.6990000000000001,0.784,0.5700000000000001
user_0223,1.1278000000000001,1.1278000000000001,0.0,1.0,1.0,1.0,0.48800000000000004,0.5920000000000001,0.6699999999999999
user_0224,1.1319500000000002,1.1319500000000002,0.0,1.0,1.0,1.0,0.647,0.308,0.74
user_0225,0.9209999999999999,0.9209999999999999,0.0,1.0,0.2,1.0,0.46799999999999997,0.56,0.7
user_0226,1.0717500000000002,1.0717500000000002,0.0,1.0,1.0,1.0,0.303,0.4200000000000001,0.83
user_0227,1.02055,1.02055,0.0,1.0,1.0,1.0,0.43900000000000006,0.392,0.02
user_0228,1.06065,1.06065,0.0,1.0,1.0,1.0,0.433,0.276,0.61
user_0229,1.0378,1.0378,0.0,1.0,0.9,1.0,0.536,0.23199999999999998,0.44
user_0230,1.0911090442458258,1.0911090442458258,0.0,1.0,1.0,0.9615452212291278,0.48,0.4720000000000001,0.58
user_0231,1.0817,1.0817,0.0,1.0,1.0,1.0,0.394,0.548,0.51
user_0232,1.1660000000000001,1.1660000000000001,0.0,1.0,1.0,1.0,0.6000000000000001,0.48000000000000004,0.94
user_0233,1.0705500000000001,1.0705500000000001,0.0,1.0,1.0,1.0,0.319,0.5920000000000001,0.52
user_0234,0.9981,0.9981,0.0,1.0,0.8,1.0,0.582,0.184,0.25
user_0235,1.1128000000000002,1.1128000000000002,0.0,1.0,1.0,1.0,0.492,0.49200000000000005,0.6599999999999999
user_0236,0.9686078650226019,0.9686078650226019,0.0,0.8648946625565048,0.7,1.0,0.465,0.5960000000000001,0.42
user_0237,1.00835,1.00835,0.0,1.0,1.0,1.0,0.147,0.34400000000000003,0.7
user_0238,1.1441844356747786,1.1441844356747786,0.0,0.9070860891869463,1.0,1.0,0.715,0.8440000000000001,0.26
user_0239,0.9548000000000001,0.9548000000000001,0.0,1.0,0.30000000000000004,1.0,0.5840000000000001,0.39200000000000007,0.75
user_0240,1.1044,1.1044,0.0,1.0,1.0,1.0,0.42400000000000004,0.456,0.8
user_0241,0.9390999999999999,0.9390999999999999,0.0,1.0,0.7,1.0,0.41800000000000004,0.144,0.38
user_0242,1.1692,1.1692,0.0,1.0,1.0,1.0,0.6120000000000001,0.608,0.75
user_0243,1.0941500000000002,1.0941500000000002,0.0,1.0,1.0,1.0,0.599,0.296,0.5
user_0244,0.9782500000000001,0.9782500000000001,0.0,1.0,0.9000000000000001,1.0,0.257,0.38,0.32
user_0245,1.1501500000000002,1.1501500000000002,0.0,1.0,1.0,1.0,0.7110000000000001,0.29600000000000004,0.78
user_0246,1.1003000000000003,1.1003000000000003,0.0,1.0,1.0,1.0,0.53,0.452,0.5
user_0247,1.0664,1.0664,0.0,1.0,1.0,1.0,0.408,0.456,0.46
user_0248,1.1809000000000003,1.1809000000000003,0.0,1.0,1.0,1.0,0.714,0.776,0.36
user_0249,1.0314659991327964,1.0314659991327964,0.0,1.0,1.0,0.8458299956639812,0.27,0.792,0.26
user_0250,1.0116500000000002,1.0116500000000002,0.0,1.0,1.0,1.0,0.293,0.376,0.32
user_0251,1.1041500000000002,1.1041500000000002,0.0,1.0,1.0,1.0,0.391,0.776,0.4
user_0252,1.064,1.064,0.0,1.0,1.0,1.0,0.35200000000000004,0.56,0.42
user_0253,1.1300500000000002,1.1300500000000002,0.0,1.0,1.0,1.0,0.673,0.49200000000000005,0.38
user_0254,1.0873500000000003,1.0873500000000003,0.0,1.0,1.0,1.0,0.315,0.524,0.8
user_0255,1.096899754921567,1.096899754921567,0.0,1.0,1.0,0.8942487746078354,0.5850000000000001,0.492,0.48
user_0256,1.1239256105317683,1.1239256105317683,0.0,0.971814026329421,1.0,1.0,0.536,0.548,0.69
user_0257,1.135,1.135,0.0,1.0,0.9999999999999999,1.0,0.5800000000000001,0.4600000000000001,0.71
user_0258,0.8972,0.8972,0.0,1.0,0.5,1.0,0.344,0.10800000000000001,0.7
user_0259,1.0053361402173846,1.0053361402173846,0.0,0.8618403505434615,1.0,1.0,0.5840000000000001,0.42400000000000004,0.01
user_0260,1.247,1.247,0.0,1.0,1.0,1.0,0.8320000000000001,0.66,0.9
user_0261,0.9890196045257288,0.9890196045257288,0.0,0.8096682484232226,1.0,0.7195115257821989,0.609,0.5599999999999999,0.35
user_0262,1.0648,1.0648,0.0,1.0,1.0,1.0,0.48,0.492,0.21000000000000002
user_0263,1.1801,1.1801,0.0,1.0,1.0,1.0,0.566,0.6640000000000001,0.89
user_0264,0.9634817033128414,0.9634817033128414,0.0,0.9965875372202276,1.0,0.6239834421237516,0.297,0.41200000000000003,0.54
user_0265,1.0524,1.0524,0.0,1.0,1.0,1.0,0.308,0.276,0.84
user_0266,1.10055,1.10055,0.0,1.0,1.0,1.0,0.395,0.8320000000000001,0.27
user_0267,1.0608000000000002,1.0608000000000002,0.0,1.0,1.0,1.0,0.476,0.132,0.72
user_0268,0.9922000000000001,0.9922000000000001,0.0,1.0,0.5,1.0,0.46,0.448,0.85
user_0269,1.18325,1.18325,0.0,1.0,1.0,1.0,0.797,0.5000000000000001,0.5900000000000001
user_0270,1.0371258533202605,1.0371258533202605,0.0,0.7409396333006512,1.0,1.0,0.511,0.4600000000000001,0.94
user_0271,1.0152500000000002,1.0152500000000002,0.0,1.0,1.0,1.0,0.20500000000000002,0.68,0.12000000000000001
user_0272,0.9138900199392089,0.9138900199392089,0.0,0.722100049848022,1.0,1.0,0.29300000000000004,0.6520000000000001,0.04
user_0273,1.02995,1.02995,0.0,1.0,1.0,1.0,0.5030000000000001,0.28800000000000003,0.11
user_0274,1.2889000000000002,1.2889000000000002,0.0,1.0,1.0,1.0,0.962,0.6960000000000001,0.94
user_0275,1.1937500000000003,1.1937500000000003,0.0,1.0,1.0,1.0,0.7030000000000001,0.7200000000000001,0.6
user_0276,0.9507567397014395,0.9507567397014395,0.0,1.0,1.0,0.8060336985071973,0.28700000000000003,0.31200000000000006,0.21000000000000002
user_0277,0.885503453272054,0.885503453272054,0.0,0.6165086331801348,1.0,1.0,0.278,0.676,0.18
user_0278,1.1530509484673575,1.1530509484673575,0.0,1.0,1.0,0.9830047423367874,0.677,0.48800000000000004,0.64
user_0279,1.14131092000956,1.14131092000956,0.0,0.8730687297084261,1.0,0.9464171406309487,0.8240000000000001,0.7320000000000001,0.37
user_0280,1.0889952096310944,1.0889952096310944,0.0,0.9419880240777361,1.0,1.0,0.496,0.5880000000000001,0.5
user_0281,1.13755,1.13755,0.0,1.0,1.0,1.0,0.7110000000000001,0.432,0.45
user_0282,0.9919,0.9919,0.0,1.0,0.9000000000000001,1.0,0.402,0.116,0.49
user_0283,1.1869500000000002,1.1869500000000002,0.0,1.0,1.0,1.0,0.639,0.7880000000000001,0.59
user_0284,0.9092222728165835,0.9092222728165835,0.0,0.6986406111469081,1.0,0.6745801417891016,0.621,0.124,0.71
user_0285,1.036,1.036,0.0,1.0,1.0,1.0,0.316,0.48000000000000004,0.35
user_0286,1.0603,1.0603,0.0,1.0,1.0,1.0,0.322,0.6320000000000001,0.35
user_0287,1.1062,1.1062,0.0,1.0,1.0,1.0,0.464,0.7880000000000001,0.22
user_0288,1.0016,1.0016,0.0,1.0,0.7999999999999999,1.0,0.268,0.5640000000000001,0.5
user_0289,1.10145,1.10145,0.0,1.0,1.0,1.0,0.657,0.40800000000000003,0.26
user_0290,1.0257576955855043,1.0257576955855043,0.0,1.0,1.0,0.9480384779275219,0.30700000000000005,0.456,0.41000000000000003
user_0291,1.2302000000000002,1.2302000000000002,0.0,1.0,1.0,1.0,0.784,0.668,0.8400000000000001
user_0292,1.177,1.177,0.0,1.0,1.0,1.0,0.7,0.8,0.32
user_0293,1.1077000000000001,1.1077000000000001,0.0,1.0,1.0,1.0,0.386,0.7080000000000002,0.55
user_0294,1.0571000000000002,1.0571000000000002,0.0,1.0,1.0,1.0,0.25,0.544,0.63
user_0295,1.086456755355169,1.086456755355169,0.0,1.0,1.0,0.9375337767758448,0.403,0.44800000000000006,0.81
user_0296,1.0995061802644424,1.0995061802644424,0.0,1.0,1.0,0.831030901322212,0.45,0.732,0.61
user_0297,0.9260000000000002,0.9260000000000002,0.0,1.0,0.5,1.0,0.23600000000000002,0.56,0.5800000000000001
user_0298,1.052917134962647,1.052917134962647,0.0,0.9520428374066172,1.0,1.0,0.31,0.444,0.78
user_0299,1.1522000000000001,1.1522000000000001,0.0,1.0,1.0,1.0,0.588,0.42800000000000005,0.91
user_0300,1.18045,1.18045,0.0,1.0,1.0,1.0,0.893,0.48800000000000004,0.34
user_0301,1.076,1.076,0.0,1.0,1.0,1.0,0.38000000000000006,0.6200000000000001,0.38
user_0302,1.1001913948306061,1.1001913948306061,0.0,1.0,1.0,0.9754569741530297,0.366,0.744,0.52
user_0303,1.1214000000000002,1.1214000000000002,0.0,1.0,1.0,1.0,0.52,0.6360000000000001,0.45999999999999996
user_0304,1.07915,1.07915,0.0,1.0,1.0,1.0,0.49500000000000005,0.396,0.45999999999999996
user_0305,0.9584000000000001,0.9584000000000001,0.0,1.0,0.30000000000000004,1.0,0.54,0.41600000000000004,0.8600000000000001
user_0306,1.0434048104045637,1.0434048104045637,0.0,1.0,1.0,0.9107740520228184,0.601,0.36,0.07
user_0307,1.00665,1.00665,0.0,1.0,1.0,1.0,0.385,0.256,0.22000000000000003
user_0308,1.06285,1.06285,0.0,1.0,1.0,1.0,0.43699999999999994,0.6040000000000001,0.13
user_0309,1.1121764947029193,1.1121764947029193,0.0,0.8770662367572984,1.0,1.0,0.915,0.46399999999999997,0.13
user_0310,1.1184,1.1184,0.0,1.0,1.0,1.0,0.428,0.5760000000000001,0.75
user_0311,1.10745,1.10745,0.0,1.0,1.0,1.0,0.545,0.6480000000000001,0.24000000000000002
user_0312,1.1859000000000002,1.1859000000000002,0.0,1.0,1.0,1.0,0.666,0.7360000000000001,0.59
user_0313,1.06385,1.06385,0.0,1.0,0.8,1.0,0.317,0.9040000000000001,0.49
user_0314,1.15825,1.15825,0.0,1.0,1.0,1.0,0.609,0.62,0.63
user_0315,1.00425,1.00425,0.0,1.0,0.8,1.0,0.309,0.27999999999999997,0.8500000000000001
user_0316,1.07195,1.07195,0.0,1.0,1.0,1.0,0.40700000000000003,0.368,0.6499999999999999
user_0317,1.1178,1.1178,0.0,1.0,0.9000000000000001,1.0,0.4,0.692,0.89
user_0318,1.1920500000000003,1.1920500000000003,0.0,1.0,1.0,1.0,0.653,0.7520000000000002,0.66
user_0319,1.1238500000000002,1.1238500000000002,0.0,1.0,1.0,1.0,0.565,0.28400000000000003,0.9
user_0320,1.1351,1.1351,0.0,1.0,1.0,1.0,0.738,0.48400000000000004,0.28
user_0321,1.1186,1.1186,0.0,1.0,1.0,1.0,0.616,0.44399999999999995,0.48000000000000004
user_0322,1.14645,1.14645,0.0,1.0,1.0,1.0,0.681,0.44800000000000006,0.59
user_0323,1.0881977515270236,1.0881977515270236,0.0,0.8331193788175588,1.0,1.0,0.743,0.6480000000000001,0.22
user_0324,1.0921500000000002,1.0921500000000002,0.0,1.0,1.0,1.0,0.507,0.276,0.74
user_0325,1.1839000000000002,1.1839000000000002,0.0,1.0,1.0,1.0,0.698,0.6759999999999999,0.58
user_0326,1.0537142595418856,1.0537142595418856,0.0,1.0,1.0,0.8953212977094276,0.33299999999999996,0.716,0.34
user_0327,1.0994000000000002,1.0994000000000002,0.0,1.0,1.0,1.0,0.544,0.396,0.54
user_0328,1.0374130400433288,1.0374130400433288,0.0,1.0,1.0,0.8655652002166433,0.522,0.252,0.45999999999999996
user_0329,1.0480500000000001,1.0480500000000001,0.0,1.0,1.0,1.0,0.525,0.07200000000000001,0.56
user_0330,1.153,1.153,0.0,1.0,1.0,1.0,0.528,0.76,0.5700000000000001
user_0331,1.0007775308131814,1.0007775308131814,0.0,0.7485688270329539,1.0,1.0,0.603,0.36400000000000005,0.45999999999999996
user_0332,1.1592,1.1592,0.0,1.0,1.0,1.0,0.632,0.628,0.57
user_0333,0.981469321859634,0.981469321859634,0.0,0.6320483046490847,1.0,1.0,0.673,0.556,0.27
user_0334,1.0059167211038846,1.0059167211038846,0.0,0.990416802759712,1.0,1.0,0.127,0.5800000000000001,0.41
user_0335,0.9374500000000002,0.9374500000000002,0.0,1.0,0.5,1.0,0.34099999999999997,0.488,0.54
user_0336,0.99107603009077,0.99107603009077,0.0,1.0,1.0,0.9501301504538497,0.21300000000000002,0.41200000000000003,0.36
user_0337,1.0567000000000002,1.0567000000000002,0.0,1.0,1.0,1.0,0.09,0.908,0.48
user_0338,1.1611920347427611,1.1611920347427611,0.0,0.9455694413527475,1.0,0.9305712910083104,0.825,0.644,0.44
user_0339,1.018357718949625,1.018357718949625,0.0,1.0,1.0,0.9777885947481244,0.156,0.752,0.21000000000000002
user_0340,0.9954000000000002,0.9954000000000002,0.0,1.0,0.9999999999999999,1.0,0.14800000000000002,0.5960000000000001,0.19
user_0341,0.9708500000000002,0.9708500000000002,0.0,1.0,0.7000000000000001,1.0,0.381,0.46399999999999997,0.31
user_0342,1.0085000000000002,1.0085000000000002,0.0,1.0,1.0,1.0,0.334,0.22000000000000003,0.42
user_0343,1.1049,1.1049,0.0,1.0,1.0,1.0,0.534,0.6960000000000001,0.17
user_0344,1.1596086726235006,1.1596086726235006,0.0,1.0,1.0,0.9820433631175022,0.78,0.388,0.6
user_0345,1.085,1.085,0.0,1.0,1.0,1.0,0.328,0.72,0.44999999999999996
user_0346,1.0337,1.0337,0.0,1.0,1.0,1.0,0.32999999999999996,0.528,0.22
user_0347,1.0210000000000001,1.0210000000000001,0.0,1.0,1.0,1.0,0.204,0.62,0.27
user_0348,1.1561000000000001,1.1561000000000001,0.0,1.0,1.0,1.0,0.706,0.5840000000000001,0.42000000000000004
user_0349,1.10605,1.10605,0.0,1.0,1.0,1.0,0.629,0.432,0.33999999999999997
user_0350,0.9988702698510814,0.9988702698510814,0.0,0.7703006746277032,1.0,1.0,0.323,0.7000000000000002,0.55
user_0351,1.1252331562465694,1.1252331562465694,0.0,0.7114578906164235,1.0,1.0,0.745,0.8760000000000001,0.73
user_0352,1.03315,1.03315,0.0,1.0,0.8,1.0,0.395,0.7560000000000001,0.21000000000000002
user_0353,1.1093127498735245,1.1093127498735245,0.0,0.955906874683811,1.0,1.0,0.595,0.628,0.33999999999999997
user_0354,1.0204552097015012,1.0204552097015012,0.0,0.6061380242537526,1.0,1.0,0.6759999999999999,0.64,0.63
user_0355,1.0702500000000001,1.0702500000000001,0.0,1.0,1.0,1.0,0.473,0.48000000000000004,0.3
user_0356,1.0995000000000001,1.0995000000000001,0.0,1.0,0.8,1.0,0.526,0.6000000000000001,0.78
user_0357,1.1209,1.1209,0.0,1.0,1.0,1.0,0.494,0.5760000000000001,0.61
user_0358,1.1055000000000001,1.1055000000000001,0.0,1.0,1.0,1.0,0.5940000000000001,0.4,0.47
user_0359,1.0970082628779412,1.0970082628779412,0.0,0.9817706571948529,1.0,1.0,0.7899999999999999,0.31200000000000006,0.1
user_0360,1.175087218631009,1.175087218631009,0.0,1.0,1.0,0.9391860931550455,0.729,0.5800000000000001,0.68
user_0361,0.9328000000000001,0.9328000000000001,0.0,1.0,0.6000000000000001,1.0,0.4,0.272,0.42000000000000004
user_0362,1.1399000000000001,1.1399000000000001,0.0,1.0,1.0,1.0,0.542,0.5760000000000001,0.6799999999999999
user_0363,1.1300725348069025,1.1300725348069025,0.0,1.0,1.0,0.9128626740345123,0.406,0.8200000000000001,0.73
user_0364,1.1007707941349274,1.1007707941349274,0.0,0.9433019853373188,1.0,1.0,0.5289999999999999,0.508,0.65
user_0365,0.92605,0.92605,0.0,1.0,0.6,1.0,0.257,0.632,0.16999999999999998
user_0366,1.0827000000000002,1.0827000000000002,0.0,1.0,1.0,1.0,0.6340000000000001,0.34800000000000003,0.22
user_0367,1.095460901133509,1.095460901133509,0.0,1.0,1.0,0.9723045056675454,0.624,0.3,0.5
user_0368,1.0701,1.0701,0.0,1.0,1.0,1.0,0.46199999999999997,0.484,0.32
user_0369,1.02645,1.02645,0.0,1.0,0.5,1.0,0.609,0.7080000000000001,0.43000000000000005
user_0370,1.1045000000000003,1.1045000000000003,0.0,1.0,1.0,1.0,0.5940000000000001,0.24000000000000002,0.7
user_0371,1.2243000000000002,1.2243000000000002,0.0,1.0,1.0,1.0,0.706,0.6520000000000001,1.0
user_0372,1.012,1.012,0.0,1.0,0.9999999999999999,1.0,0.47200000000000003,0.24,0.08
user_0373,1.1893,1.1893,0.0,1.0,1.0,1.0,0.67,0.672,0.71
user_0374,1.0521500000000001,1.0521500000000001,0.0,1.0,1.0,1.0,0.41900000000000004,0.236,0.62
user_0375,1.0931499999999998,1.0931499999999998,0.0,1.0,1.0,1.0,0.5549999999999999,0.356,0.51
user_0376,0.9875,0.9875,0.0,1.0,0.7,1.0,0.45799999999999996,0.34,0.47
user_0377,1.0112141085718638,1.0112141085718638,0.0,1.0,0.5,0.9873205428593183,0.40700000000000003,0.74,0.76
user_0378,1.1445,1.1445,0.0,1.0,1.0,1.0,0.43799999999999994,0.58,0.98
user_0379,1.1420000000000001,1.1420000000000001,0.0,1.0,1.0,1.0,0.5720000000000001,0.6600000000000001,0.5
user_0380,1.14535,1.14535,0.0,1.0,1.0,1.0,0.771,0.384,0.45
user_0381,1.17975,1.17975,0.0,1.0,1.0,1.0,0.7070000000000001,0.7,0.48
user_0382,1.1322,1.1322,0.0,1.0,1.0,1.0,0.508,0.768,0.4
user_0383,0.971940517733018,0.971940517733018,0.0,1.0,0.4,0.9539525886650898,0.503,0.49600000000000005,0.81
user_0384,1.1299730857697479,1.1299730857697479,0.0,1.0,1.0,0.9543654288487394,0.39,0.7240000000000001,0.8300000000000001
user_0385,1.0136,1.0136,0.0,1.0,1.0,1.0,0.336,0.184,0.52
user_0386,1.13465,1.13465,0.0,1.0,1.0,1.0,0.625,0.516,0.51
user_0387,1.0659,1.0659,0.0,1.0,1.0,1.0,0.542,0.29600000000000004,0.36
user_0388,1.1285500000000002,1.1285500000000002,0.0,1.0,1.0,1.0,0.7350000000000001,0.43200000000000005,0.30000000000000004
user_0389,1.1432,1.1432,0.0,1.0,1.0,1.0,0.76,0.288,0.6000000000000001
user_0390,1.0856000000000001,1.0856000000000001,0.0,1.0,1.0,1.0,0.464,0.384,0.62
user_0391,0.8945000000000001,0.8945000000000001,0.0,1.0,0.3,1.0,0.41000000000000003,0.42,0.54
user_0392,0.979243445755919,0.979243445755919,0.0,0.8124836143897975,0.8,1.0,0.5690000000000001,0.28,0.7
user_0393,1.0408000000000002,1.0408000000000002,0.0,1.0,1.0,1.0,0.248,0.5920000000000001,0.4
user_0394,1.0694,1.0694,0.0,1.0,1.0,1.0,0.736,0.216,0.03
user_0395,1.0748,1.0748,0.0,1.0,1.0,1.0,0.516,0.43199999999999994,0.31
user_0396,0.926347379831678,0.926347379831678,0.0,0.6783470415465997,0.7999999999999999,0.9807928160651908,0.533,0.44400000000000006,0.5900000000000001
user_0397,1.0326238641980419,1.0326238641980419,0.0,1.0,1.0,0.9328693209902094,0.313,0.392,0.59
user_0398,1.0135545398265278,1.0135545398265278,0.0,1.0,1.0,0.9940226991326385,0.23500000000000001,0.36000000000000004,0.52
user_0399,0.98145,0.98145,0.0,1.0,0.9000000000000001,1.0,0.173,0.548,0.31
user_0400,0.8279500000000001,0.8279500000000001,0.0,1.0,0.4,1.0,0.139,0.5680000000000001,0.08
user_0401,1.1374290135666478,1.1374290135666478,0.0,0.9851975339166199,0.8999999999999999,1.0,0.7070000000000001,0.764,0.27
user_0402,1.13615,1.13615,0.0,1.0,1.0,1.0,0.7230000000000001,0.376,0.49
user_0403,1.0845000000000002,1.0845000000000002,0.0,1.0,1.0,1.0,0.44199999999999995,0.44,0.58
user_0404,1.0503,1.0503,0.0,1.0,0.9,1.0,0.498,0.392,0.42
user_0405,1.1835000000000002,1.1835000000000002,0.0,1.0,1.0,1.0,0.8939999999999999,0.56,0.26
user_0406,1.1859999999999997,1.1859999999999997,0.0,1.0,0.8999999999999999,1.0,0.712,0.8800000000000001,0.51
user_0407,0.8868825511583793,0.8868825511583793,0.0,0.7421747933351751,0.30000000000000004,0.8750631691215469,0.688,0.52,0.9
user_0408,1.07785,1.07785,0.0,1.0,1.0,1.0,0.5690000000000001,0.404,0.25
user_0409,1.2172500000000002,1.2172500000000002,0.0,1.0,1.0,1.0,0.881,0.68,0.45
user_0410,1.038537488222452,1.038537488222452,0.0,0.9739687205561303,1.0,1.0,0.203,0.6080000000000001,0.57
user_0411,1.12705,1.12705,0.0,1.0,1.0,1.0,0.721,0.49200000000000005,0.22999999999999998
user_0412,1.056,1.056,0.0,1.0,1.0,1.0,0.248,0.6200000000000001,0.51
user_0413,1.1138,1.1138,0.0,1.0,1.0,1.0,0.436,0.7320000000000001,0.45
user_0414,1.0227000000000002,1.0227000000000002,0.0,1.0,0.8,1.0,0.41000000000000003,0.44800000000000006,0.53
user_0415,1.0104711877743475,1.0104711877743475,0.0,1.0,1.0,0.7333559388717374,0.528,0.192,0.53
user_0416,1.0358,1.0358,0.0,1.0,1.0,1.0,0.248,0.5720000000000001,0.38
user_0417,1.0967500000000001,1.0967500000000001,0.0,1.0,1.0,1.0,0.643,0.44000000000000006,0.2
user_0418,1.03295,1.03295,0.0,1.0,1.0,1.0,0.16700000000000004,0.5680000000000001,0.56
user_0419,0.88375,0.88375,0.0,1.0,0.3,1.0,0.435,0.4800000000000001,0.28
user_0420,1.2328,1.2328,0.0,1.0,1.0,1.0,0.8879999999999999,0.8120000000000002,0.39
user_0421,1.0836999999999999,1.0836999999999999,0.0,1.0,0.8,1.0,0.722,0.30800000000000005,0.5700000000000001
user_0422,1.17865,1.17865,0.0,1.0,1.0,1.0,0.593,0.676,0.79
user_0423,1.11075,1.11075,0.0,1.0,1.0,1.0,0.6910000000000001,0.38,0.31
user_0424,0.9699836513267307,0.9699836513267307,0.0,0.8553575426246689,1.0,0.9484531713843153,0.507,0.256,0.23
user_0425,1.17205,1.17205,0.0,1.0,1.0,1.0,0.825,0.272,0.75
user_0426,1.1406000000000003,1.1406000000000003,0.0,1.0,1.0,1.0,0.796,0.30400000000000005,0.46
user_0427,1.05125,1.05125,0.0,1.0,1.0,1.0,0.301,0.7000000000000002,0.21000000000000002
user_0428,1.0573500000000002,1.0573500000000002,0.0,1.0,1.0,1.0,0.423,0.34400000000000003,0.5
user_0429,0.8715881298479288,0.8715881298479288,0.0,0.8857203246198213,0.6000000000000001,1.0,0.41400000000000003,0.272,0.23
user_0430,0.9806,0.9806,0.0,1.0,0.5,1.0,0.728,0.30400000000000005,0.28
user_0431,1.13175,1.13175,0.0,1.0,1.0,1.0,0.523,0.64,0.55
user_0432,1.0671845285746213,1.0671845285746213,0.0,1.0,1.0,0.8489226428731064,0.732,0.096,0.5
user_0433,1.02665,1.02665,0.0,1.0,1.0,1.0,0.265,0.45600000000000007,0.42000000000000004
user_0434,1.0883,1.0883,0.0,1.0,1.0,1.0,0.622,0.252,0.45
user_0435,1.1162572775277004,1.1162572775277004,0.0,1.0,1.0,0.9410363876385021,0.561,0.5720000000000001,0.52
user_0436,0.87325,0.87325,0.0,1.0,0.2,1.0,0.381,0.6600000000000001,0.29000000000000004
user_0437,1.1930500000000002,1.1930500000000002,0.0,1.0,1.0,1.0,0.753,0.45200000000000007,0.87
user_0438,1.2433500000000002,1.2433500000000002,0.0,1.0,1.0,1.0,0.907,0.6440000000000001,0.7
user_0439,1.05445,1.05445,0.0,1.0,1.0,1.0,0.369,0.28800000000000003,0.69
user_0440,1.0776000000000001,1.0776000000000001,0.0,1.0,1.0,1.0,0.452,0.3640000000000001,0.6
user_0441,1.094781208869797,1.094781208869797,0.0,0.922328022174493,1.0,1.0,0.5569999999999999,0.42400000000000004,0.73
user_0442,1.0717500000000002,1.0717500000000002,0.0,1.0,1.0,1.0,0.599,0.28,0.3
user_0443,1.0226104799551359,1.0226104799551359,0.0,1.0,1.0,0.9565523997756797,0.498,0.09200000000000001,0.43
user_0444,1.0703500000000001,1.0703500000000001,0.0,1.0,1.0,1.0,0.219,0.664,0.6599999999999999
user_0445,1.0955674173005054,1.0955674173005054,0.0,1.0,1.0,0.9310870865025259,0.511,0.464,0.62
user_0446,1.06755,1.06755,0.0,1.0,1.0,1.0,0.403,0.532,0.37
user_0447,0.9560000000000002,0.9560000000000002,0.0,1.0,1.0,1.0,0.12,0.24000000000000002,0.39999999999999997
user_0448,1.0481,1.0481,0.0,1.0,0.8999999999999999,1.0,0.5780000000000001,0.44399999999999995,0.12
user_0449,1.0301500000000001,1.0301500000000001,0.0,1.0,0.7000000000000001,1.0,0.37900000000000006,0.7360000000000001,0.5
user_0450,1.06395,1.06395,0.0,1.0,1.0,1.0,0.611,0.30800000000000005,0.15
user_0451,1.155526663226165,1.155526663226165,0.0,1.0,1.0,0.9676333161308243,0.732,0.6,0.39
user_0452,0.9487500000000001,0.9487500000000001,0.0,1.0,0.5,1.0,0.395,0.6,0.35
user_0453,1.1309500000000001,1.1309500000000001,0.0,1.0,1.0,1.0,0.607,0.548,0.47
user_0454,0.9590698722987835,0.9590698722987835,0.0,0.9563453848233382,0.7000000000000001,0.8579085918472404,0.43900000000000006,0.34800000000000003,0.6799999999999999
user_0455,1.2244000000000002,1.2244000000000002,0.0,1.0,1.0,1.0,0.76,0.696,0.8
user_0456,1.1247,1.1247,0.0,1.0,1.0,1.0,0.6980000000000001,0.28800000000000003,0.5700000000000001
user_0457,1.1746,1.1746,0.0,1.0,1.0,1.0,0.5680000000000001,0.784,0.65
user_0458,1.1066500000000001,1.1066500000000001,0.0,1.0,1.0,1.0,0.477,0.396,0.78
user_0459,0.8764313440984619,0.8764313440984619,0.0,0.8329533602461547,0.5,1.0,0.309,0.68,0.38999999999999996
user_0460,1.08075,1.08075,0.0,1.0,1.0,1.0,0.259,0.7400000000000001,0.55
user_0461,1.1461000000000001,1.1461000000000001,0.0,1.0,1.0,1.0,0.654,0.644,0.36
user_0462,1.2245000000000001,1.2245000000000001,0.0,1.0,1.0,1.0,0.758,0.6400000000000001,0.89
user_0463,1.0583,1.0583,0.0,1.0,1.0,1.0,0.206,0.552,0.74
user_0464,0.9812482966125785,0.9812482966125785,0.0,0.9901207415314459,1.0,1.0,0.2,0.34800000000000003,0.33
user_0465,1.01825,1.01825,0.0,1.0,1.0,1.0,0.365,0.2,0.47000000000000003
user_0466,1.2328000000000001,1.2328000000000001,0.0,1.0,1.0,1.0,0.652,0.8320000000000001,0.95
user_0467,1.0236432835216125,1.0236432835216125,0.0,1.0,1.0,0.9792164176080619,0.188,0.252,0.9299999999999999
user_0468,1.07755,1.07755,0.0,1.0,1.0,1.0,0.647,0.23199999999999998,0.31
user_0469,1.0548755760095785,1.0548755760095785,0.0,0.8175304221687214,1.0,0.9785670357104496,0.41900000000000004,0.876,0.46
user_0470,1.1748999999999998,1.1748999999999998,0.0,1.0,1.0,1.0,0.834,0.636,0.21
user_0471,0.901816868931902,0.901816868931902,0.0,1.0,0.2,0.9918343446595096,0.661,0.3680000000000001,0.33
user_0472,1.1426,1.1426,0.0,1.0,1.0,1.0,0.5680000000000001,0.684,0.48
user_0473,1.09735,1.09735,0.0,1.0,1.0,1.0,0.459,0.6240000000000001,0.38999999999999996
user_0474,0.9552039852634976,0.9552039852634976,0.0,0.7887599631587436,1.0,1.0,0.30200000000000005,0.408,0.53
user_0475,1.20045,1.20045,0.0,1.0,1.0,1.0,0.741,0.808,0.43999999999999995
user_0476,1.1274499999999998,1.1274499999999998,0.0,1.0,1.0,1.0,0.717,0.36800000000000005,0.43
user_0477,1.1039,1.1039,0.0,1.0,1.0,1.0,0.5980000000000001,0.23600000000000002,0.69
user_0478,1.08635,1.08635,0.0,1.0,1.0,1.0,0.315,0.7640000000000001,0.43
user_0479,0.9907,0.9907,0.0,1.0,0.4,1.0,0.77,0.4080000000000001,0.37
user_0480,1.1046,1.1046,0.0,1.0,1.0,1.0,0.5720000000000001,0.444,0.45
user_0481,0.9151389682545648,0.9151389682545648,0.0,0.7213474206364117,1.0,1.0,0.30400000000000005,0.424,0.37
user_0482,0.9719500000000001,0.9719500000000001,0.0,1.0,1.0,1.0,0.21500000000000002,0.30800000000000005,0.22000000000000003
user_0483,1.0956962057853377,1.0956962057853377,0.0,1.0,1.0,0.7984810289266879,0.444,0.8200000000000001,0.52
user_0484,1.0221,1.0221,0.0,1.0,1.0,1.0,0.294,0.16399999999999998,0.74
user_0485,1.0932,1.0932,0.0,1.0,1.0,1.0,0.396,0.528,0.65
user_0486,1.16095,1.16095,0.0,1.0,1.0,1.0,0.683,0.6080000000000001,0.49
user_0487,0.8582389474940163,0.8582389474940163,0.0,0.5793473687350406,1.0,1.0,0.27,0.66,0.1
user_0488,1.18725,1.18725,0.0,1.0,1.0,1.0,0.8450000000000001,0.30000000000000004,0.81
user_0489,1.0065,1.0065,0.0,1.0,1.0,1.0,0.07,0.5800000000000001,0.52
user_0490,1.1566,1.1566,0.0,1.0,1.0,1.0,0.644,0.8440000000000001,0.19
user_0491,1.128574610553327,1.128574610553327,0.0,1.0,1.0,0.971123052766634,0.559,0.36400000000000005,0.9
user_0492,1.17445,1.17445,0.0,1.0,1.0,1.0,0.677,0.6880000000000002,0.52
user_0493,1.1672,1.1672,0.0,1.0,1.0,1.0,0.772,0.20800000000000002,0.9299999999999999
user_0494,1.1572,1.1572,0.0,1.0,1.0,1.0,0.6759999999999999,0.5680000000000001,0.53
user_0495,0.8488242843145736,0.8488242843145736,0.0,0.6075607107864338,0.8,1.0,0.552,0.152,0.44999999999999996
user_0496,1.03905,1.03905,0.0,1.0,1.0,1.0,0.673,0.07200000000000001,0.1
user_0497,1.1463500000000002,1.1463500000000002,0.0,1.0,1.0,1.0,0.7350000000000001,0.544,0.31
user_0498,0.9954500000000002,0.9954500000000002,0.0,1.0,1.0,1.0,0.161,0.6280000000000001,0.11
user_0499,1.02715,1.02715,0.0,1.0,0.7,1.0,0.49900000000000005,0.6160000000000001,0.35
user_0500,1.0200500000000001,1.0200500000000001,0.0,1.0,1.0,1.0,0.441,0.17200000000000001,0.33999999999999997
user_0501,1.0603,1.0603,0.0,1.0,1.0,1.0,0.47,0.37200000000000005,0.37
user_0502,1.05105,1.05105,0.0,1.0,1.0,1.0,0.477,0.232,0.47000000000000003
user_0503,1.0205832801961467,1.0205832801961467,0.0,1.0,1.0,0.9459164009807339,0.432,0.136,0.53
user_0504,1.1753611273019706,1.1753611273019706,0.0,1.0,1.0,0.876055636509852,0.639,0.776,0.74
user_0505,1.0908799550875294,1.0908799550875294,0.0,0.8103248877188234,1.0,1.0,0.511,0.86,0.6
user_0506,1.07555,1.07555,0.0,1.0,1.0,1.0,0.355,0.6120000000000001,0.45
user_0507,1.1966,1.1966,0.0,1.0,1.0,1.0,0.6599999999999999,0.884,0.49
user_0508,1.1159000000000001,1.1159000000000001,0.0,1.0,1.0,1.0,0.46599999999999997,0.676,0.48
user_0509,1.0591770308386128,1.0591770308386128,0.0,0.9270675770965326,1.0,1.0,0.527,0.504,0.31
user_0510,1.0624655846368665,1.0624655846368665,0.0,1.0,1.0,0.8528279231843321,0.642,0.37600000000000006,0.25
user_0511,1.1698000000000002,1.1698000000000002,0.0,1.0,1.0,1.0,0.8119999999999999,0.492,0.43000000000000005
user_0512,0.9268235616519785,0.9268235616519785,0.0,1.0,1.0,0.6653678082598922,0.251,0.2,0.51
user_0513,1.1032000000000002,1.1032000000000002,0.0,1.0,1.0,1.0,0.736,0.128,0.5
user_0514,1.0602500000000001,1.0602500000000001,0.0,1.0,1.0,1.0,0.325,0.5800000000000001,0.42000000000000004
user_0515,1.0732,1.0732,0.0,1.0,1.0,1.0,0.6800000000000002,0.188,0.25
user_0516,1.0687000000000002,1.0687000000000002,0.0,1.0,1.0,1.0,0.322,0.508,0.62
user_0517,0.7486821254719662,0.7486821254719662,0.0,1.0,0.2,0.3541606273598312,0.44899999999999995,0.524,0.37
user_0518,1.0856711504552083,1.0856711504552083,0.0,0.805552876138021,1.0,1.0,0.669,0.5880000000000001,0.5800000000000001
user_0519,1.0722414077002798,1.0722414077002798,0.0,0.7587397667623987,1.0,0.9949775049766003,0.5670000000000001,0.8400000000000001,0.52
user_0520,1.08095,1.08095,0.0,1.0,1.0,1.0,0.40700000000000003,0.788,0.11
user_0521,1.09375,1.09375,0.0,1.0,1.0,1.0,0.331,0.64,0.6499999999999999
user_0522,1.0590000000000002,1.0590000000000002,0.0,1.0,1.0,1.0,0.564,0.36,0.14
user_0523,1.1734475395664103,1.1734475395664103,0.0,0.9674938489160261,1.0,1.0,0.7609999999999999,0.40800000000000003,0.8500000000000001
user_0524,1.1313976667095786,1.1313976667095786,0.0,0.8692193470833074,1.0,0.9440496393812773,0.8420000000000001,0.45599999999999996,0.66
user_0525,1.06145,1.06145,0.0,1.0,1.0,1.0,0.469,0.36799999999999994,0.39
user_0526,1.0319500000000001,1.0319500000000001,0.0,1.0,1.0,1.0,0.267,0.568,0.3
user_0527,1.0216647241744177,1.0216647241744177,0.0,0.9526045038998822,1.0,0.9301146130723255,0.496,0.504,0.05
user_0528,1.0354248961162202,1.0354248961162202,0.0,0.8796872402905509,1.0,1.0,0.375,0.672,0.39
user_0529,0.9124,0.9124,0.0,1.0,0.2,1.0,0.492,0.43600000000000005,0.74
user_0530,0.9600647893582205,0.9600647893582205,0.0,0.8280369733955508,1.0,1.0,0.32499999999999996,0.264,0.5800000000000001
user_0531,1.1198000000000001,1.1198000000000001,0.0,1.0,1.0,1.0,0.46,0.8320000000000001,0.30000000000000004
user_0532,1.10205,1.10205,0.0,1.0,0.8,1.0,0.521,0.672,0.71
user_0533,1.23035,1.23035,0.0,1.0,1.0,1.0,0.7909999999999999,0.8240000000000001,0.59
user_0534,0.936,0.936,0.0,1.0,0.5,1.0,0.38399999999999995,0.5800000000000001,0.28
user_0535,0.9321999999999999,0.9321999999999999,0.0,1.0,0.7,1.0,0.36400000000000005,0.308,0.2
user_0536,1.03495,1.03495,0.0,1.0,1.0,1.0,0.48700000000000004,0.14800000000000002,0.41
user_0537,1.041,1.041,0.0,1.0,1.0,1.0,0.396,0.4600000000000001,0.22999999999999998
user_0538,1.0256500000000002,1.0256500000000002,0.0,1.0,1.0,1.0,0.24500000000000002,0.6160000000000001,0.22000000000000003
user_0539,1.059170807799682,1.059170807799682,0.0,0.951052019499205,1.0,1.0,0.41100000000000003,0.30000000000000004,0.81
user_0540,1.065391591579201,1.065391591579201,0.0,0.7723539789480027,1.0,1.0,0.7290000000000001,0.48800000000000004,0.51
user_0541,1.0159,1.0159,0.0,1.0,0.6000000000000001,1.0,0.37,0.536,0.9299999999999999
user_0542,1.13575,1.13575,0.0,1.0,1.0,1.0,0.507,0.86,0.3
user_0543,1.0279500000000001,1.0279500000000001,0.0,1.0,1.0,1.0,0.35500000000000004,0.18800000000000003,0.61
user_0544,1.11545,1.11545,0.0,1.0,1.0,1.0,0.41300000000000003,0.488,0.89
user_0545,1.0602,1.0602,0.0,1.0,1.0,1.0,0.5920000000000001,0.188,0.33999999999999997
user_0546,1.0755,1.0755,0.0,1.0,0.9999999999999999,1.0,0.47,0.42000000000000004,0.45
user_0547,1.0608101487775918,1.0608101487775918,0.0,0.9390253719439794,1.0,1.0,0.436,0.42800000000000005,0.62
user_0548,1.0741,1.0741,0.0,1.0,1.0,1.0,0.538,0.544,0.08
user_0549,1.1369500000000001,1.1369500000000001,0.0,1.0,1.0,1.0,0.447,0.808,0.54
user_0550,1.1052206743169681,1.1052206743169681,0.0,0.8483016857924204,1.0,1.0,0.5780000000000001,0.5760000000000001,0.8500000000000001
user_0551,0.9948500000000001,0.9948500000000001,0.0,1.0,1.0,1.0,0.28500000000000003,0.24400000000000005,0.37
user_0552,1.07345,1.07345,0.0,1.0,0.8,1.0,0.613,0.5080000000000001,0.44
user_0553,0.9256410897895129,0.9256410897895129,0.0,1.0,0.1,0.9909554489475642,0.537,0.7480000000000001,0.56
user_0554,1.11095,1.11095,0.0,1.0,1.0,1.0,0.5509999999999999,0.5680000000000001,0.38
user_0555,1.023287009021698,1.023287009021698,0.0,1.0,0.6000000000000001,0.6494350451084888,0.76,0.8160000000000001,0.31
user_0556,1.1121500000000002,1.1121500000000002,0.0,1.0,1.0,1.0,0.567,0.536,0.4
user_0557,1.04575,1.04575,0.0,1.0,1.0,1.0,0.23500000000000001,0.6000000000000001,0.47
user_0558,1.1102511998462063,1.1102511998462063,0.0,0.9552529996155155,1.0,1.0,0.523,0.47600000000000003,0.76
user_0559,0.9312000000000001,0.9312000000000001,0.0,1.0,0.7000000000000001,1.0,0.312,0.14800000000000002,0.56
user_0560,1.083380730509546,1.083380730509546,0.0,0.9770768262738646,1.0,1.0,0.575,0.25200000000000006,0.61
user_0561,1.0366,1.0366,0.0,1.0,1.0,1.0,0.33599999999999997,0.404,0.42000000000000004
user_0562,1.20595,1.20595,0.0,1.0,1.0,1.0,0.731,0.6080000000000001,0.82
user_0563,1.0969000000000002,1.0969000000000002,0.0,1.0,1.0,1.0,0.30200000000000005,0.756,0.5800000000000001
user_0564,1.1125214185592744,1.1125214185592744,0.0,1.0,1.0,0.9436070927963717,0.376,0.612,0.88
user_0565,0.9598409834660699,0.9598409834660699,0.0,0.8933634884798274,1.0,0.9449779403706943,0.394,0.14,0.44
user_0566,1.1999,1.1999,0.0,1.0,1.0,1.0,0.6300000000000001,0.7959999999999999,0.73
user_0567,1.0258500000000002,1.0258500000000002,0.0,1.0,0.7000000000000001,1.0,0.581,0.364,0.51
user_0568,1.0280755630682288,1.0280755630682288,0.0,1.0,1.0,0.7776278153411439,0.363,0.532,0.52
user_0569,0.9276500000000001,0.9276500000000001,0.0,1.0,1.0,1.0,0.153,0.056,0.31
user_0570,1.0033844297286925,1.0033844297286925,0.0,0.9365860743217315,1.0,1.0,0.191,0.28,0.89
user_0571,1.16425,1.16425,0.0,1.0,1.0,1.0,0.609,0.74,0.51
user_0572,0.9961500000000001,0.9961500000000001,0.0,1.0,1.0,1.0,0.22699999999999998,0.276,0.48
user_0573,1.06265,1.06265,0.0,1.0,1.0,1.0,0.213,0.536,0.79
user_0574,1.0259,1.0259,0.0,1.0,0.9000000000000001,1.0,0.32999999999999996,0.25600000000000006,0.8
user_0575,1.0106626114880706,1.0106626114880706,0.0,0.9137792593442184,1.0,0.9500045387519158,0.199,0.7560000000000001,0.42000000000000004
user_0576,0.9857435693992539,0.9857435693992539,0.0,1.0,1.0,0.9122178469962687,0.29400000000000004,0.272,0.39
user_0577,1.16755,1.16755,0.0,1.0,1.0,1.0,0.611,0.792,0.46
user_0578,1.0556071131029525,1.0556071131029525,0.0,1.0,1.0,0.8650355655147631,0.408,0.524,0.52
user_0579,1.02775,1.02775,0.0,1.0,1.0,1.0,0.255,0.54,0.32999999999999996
user_0580,1.0765000000000002,1.0765000000000002,0.0,1.0,1.0,1.0,0.45799999999999996,0.28,0.7
user_0581,1.0638,1.0638,0.0,1.0,0.8,1.0,0.356,0.672,0.74
user_0582,1.0837,1.0837,0.0,1.0,1.0,1.0,0.618,0.44800000000000006,0.12
user_0583,1.1154360283578204,1.1154360283578204,0.0,1.0,1.0,0.7271801417891017,0.5920000000000001,0.5800000000000001,0.85
user_0584,0.9215462242301065,0.9215462242301065,0.0,0.882865560575266,0.7000000000000001,1.0,0.476,0.21600000000000003,0.42000000000000004
user_0585,1.084687992209375,1.084687992209375,0.0,1.0,1.0,0.9391899610468751,0.361,0.684,0.54
user_0586,1.0973807460290186,1.0973807460290186,0.0,1.0,1.0,0.9954037301450923,0.538,0.3320000000000001,0.64
user_0587,1.1065500000000001,1.1065500000000001,0.0,1.0,1.0,1.0,0.591,0.492,0.35
user_0588,1.0756000000000001,1.0756000000000001,0.0,1.0,1.0,1.0,0.264,0.6040000000000001,0.69
user_0589,1.1793,1.1793,0.0,1.0,1.0,1.0,0.626,0.8520000000000001,0.45
user_0590,1.0629000000000002,1.0629000000000002,0.0,1.0,1.0,1.0,0.578,0.09600000000000002,0.54
user_0591,1.1283500000000002,1.1283500000000002,0.0,1.0,0.9999999999999999,1.0,0.403,0.664,0.78
user_0592,1.0866877400842339,1.0866877400842339,0.0,0.9915943502105844,1.0,1.0,0.309,0.672,0.62
user_0593,1.1187239287434592,1.1187239287434592,0.0,1.0,1.0,0.8326196437172961,0.616,0.808,0.27
user_0594,1.104212718458963,1.104212718458963,0.0,0.9165317961474075,1.0,1.0,0.448,0.7640000000000001,0.61
user_0595,1.2229500000000002,1.2229500000000002,0.0,1.0,1.0,1.0,0.679,0.808,0.8200000000000001
user_0596,0.9671020298569899,0.9671020298569899,0.0,1.0,0.2,0.9542601492849493,0.773,0.48000000000000004,0.61
user_0597,1.0268,1.0268,0.0,1.0,0.6,1.0,0.6040000000000001,0.31200000000000006,0.79
user_0598,1.0366756319815609,1.0366756319815609,0.0,0.8719390799539024,1.0,1.0,0.49,0.456,0.47
user_0599,1.1528500000000002,1.1528500000000002,0.0,1.0,1.0,1.0,0.569,0.544,0.79
user_0600,1.0533767752608265,1.0533767752608265,0.0,1.0,1.0,0.990633876304132,0.397,0.48,0.34
user_0601,1.0378247997853272,1.0378247997853272,0.0,0.7861869994633178,1.0,1.0,0.5670000000000001,0.544,0.5
user_0602,1.084722544789935,1.084722544789935,0.0,1.0,1.0,0.9743627239496735,0.5569999999999999,0.44400000000000006,0.33999999999999997
user_0603,1.06435,1.06435,0.0,1.0,1.0,1.0,0.531,0.524,0.03
user_0604,1.1189500000000001,1.1189500000000001,0.0,1.0,1.0,1.0,0.7110000000000001,0.388,0.33
user_0605,1.0678941972106952,1.0678941972106952,0.0,1.0,1.0,0.7539709860534766,0.886,0.20400000000000001,0.15
user_0606,0.9751801372162978,0.9751801372162978,0.0,0.9022003430407446,0.8999999999999999,1.0,0.366,0.3320000000000001,0.48
user_0607,1.1269500000000001,1.1269500000000001,0.0,1.0,1.0,1.0,0.7150000000000001,0.30800000000000005,0.52
user_0608,1.1205863845243758,1.1205863845243758,0.0,0.9805909613109398,1.0,1.0,0.44300000000000006,0.564,0.83
user_0609,0.877,0.877,0.0,1.0,0.4,1.0,0.368,0.28,0.43
user_0610,1.1832500000000001,1.1832500000000001,0.0,1.0,1.0,1.0,0.7529999999999999,0.66,0.46
user_0611,1.0302000000000002,1.0302000000000002,0.0,1.0,1.0,1.0,0.184,0.528,0.55
user_0612,0.8867,0.8867,0.0,1.0,0.4,1.0,0.398,0.348,0.35
user_0613,1.0844,1.0844,0.0,1.0,1.0,1.0,0.404,0.6160000000000001,0.41000000000000003
user_0614,1.0065859525861027,1.0065859525861027,0.0,0.8718663266858181,1.0,0.9491971095588777,0.444,0.30000000000000004,0.62
user_0615,1.08095,1.08095,0.0,1.0,1.0,1.0,0.5269999999999999,0.228,0.65
user_0616,1.0575,1.0575,0.0,1.0,0.6000000000000001,1.0,0.514,0.78,0.62
user_0617,0.97835,0.97835,0.0,1.0,0.30000000000000004,1.0,0.7550000000000001,0.44400000000000006,0.48
user_0618,1.13985,1.13985,0.0,1.0,1.0,1.0,0.505,0.5840000000000001,0.76
user_0619,1.1143000000000003,1.1143000000000003,0.0,1.0,1.0,1.0,0.5700000000000001,0.5720000000000001,0.36
user_0620,1.073077009021698,1.073077009021698,0.0,1.0,1.0,0.6826350451084888,0.583,0.8320000000000001,0.16
user_0621,1.0113334546956914,1.0113334546956914,0.0,0.7224586367392287,1.0,1.0,0.5549999999999999,0.34400000000000003,0.8200000000000001
user_0622,1.11515,1.11515,0.0,1.0,1.0,1.0,0.48700000000000004,0.8560000000000001,0.15000000000000002
user_0623,1.1114,1.1114,0.0,1.0,0.9,1.0,0.504,0.7560000000000001,0.47000000000000003
user_0624,1.0070500000000002,1.0070500000000002,0.0,1.0,1.0,1.0,0.32500000000000007,0.252,0.38
user_0625,1.051,1.051,0.0,1.0,0.9,1.0,0.444,0.44000000000000006,0.49
user_0626,1.13545,1.13545,0.0,1.0,1.0,1.0,0.7050000000000001,0.5880000000000001,0.21000000000000002
user_0627,1.0966,1.0966,0.0,1.0,0.6000000000000001,1.0,0.772,0.5640000000000001,0.69
user_0628,1.0433135647827882,1.0433135647827882,0.0,1.0,1.0,0.6443178239139411,0.581,0.528,0.4
user_0629,0.9894719363660489,0.9894719363660489,0.0,0.8173048409151221,0.9000000000000001,1.0,0.44700000000000006,0.43200000000000005,0.61
user_0630,1.1164500000000002,1.1164500000000002,0.0,1.0,1.0,1.0,0.605,0.6279999999999999,0.21
user_0631,1.17605,1.17605,0.0,1.0,1.0,1.0,0.645,0.7120000000000001,0.58
user_0632,1.0198,1.0198,0.0,1.0,1.0,1.0,0.248,0.452,0.4
user_0633,1.0524324366953337,1.0524324366953337,0.0,1.0,1.0,0.9926621834766691,0.34199999999999997,0.5160000000000001,0.41
user_0634,1.0262,1.0262,0.0,1.0,1.0,1.0,0.42800000000000005,0.20800000000000002,0.38
user_0635,1.0093999999999999,1.0093999999999999,0.0,1.0,0.7,1.0,0.5680000000000001,0.556,0.09
user_0636,0.8921775544056104,0.8921775544056104,0.0,0.557568886014026,1.0,1.0,0.467,0.336,0.52
user_0637,1.0948000000000002,1.0948000000000002,0.0,1.0,1.0,1.0,0.496,0.472,0.5
user_0638,1.04,1.04,0.0,1.0,1.0,1.0,0.528,0.22,0.25
user_0639,1.1288,1.1288,0.0,1.0,1.0,1.0,0.556,0.392,0.81
user_0640,1.0857,1.0857,0.0,1.0,1.0,1.0,0.526,0.46799999999999997,0.33999999999999997
user_0641,1.0774394405124006,1.0774394405124006,0.0,0.9897236012810017,1.0,1.0,0.563,0.452,0.22999999999999998
user_0642,1.18745,1.18745,0.0,1.0,0.9,1.0,0.7770000000000001,0.6880000000000002,0.6499999999999999
user_0643,0.9979000000000001,0.9979000000000001,0.0,1.0,1.0,1.0,0.21,0.276,0.54
user_0644,1.15435,1.15435,0.0,1.0,1.0,1.0,0.591,0.744,0.45
user_0645,1.2346000000000001,1.2346000000000001,0.0,1.0,1.0,1.0,0.776,0.724,0.8200000000000001
user_0646,0.9053198773396792,0.9053198773396792,0.0,0.73210067334207,1.0,0.9388980400142568,0.39,0.068,0.6699999999999999
user_0647,1.0877000000000001,1.0877000000000001,0.0,1.0,1.0,1.0,0.43000000000000005,0.4680000000000001,0.6000000000000001
user_0648,1.1995368214560866,1.1995368214560866,0.0,1.0,1.0,0.9834341072804331,0.6970000000000001,0.6640000000000001,0.79
user_0649,1.0703,1.0703,0.0,1.0,1.0,1.0,0.566,0.312,0.32
user_0650,1.2108500000000002,1.2108500000000002,0.0,1.0,1.0,1.0,0.825,0.7240000000000001,0.45999999999999996
user_0651,0.9855457848073006,0.9855457848073006,0.0,0.911783193880433,1.0,0.9886625362756363,0.266,0.4040000000000001,0.46
user_0652,1.086,1.086,0.0,1.0,1.0,1.0,0.444,0.7800000000000001,0.08
user_0653,0.9807659122137595,0.9807659122137595,0.0,0.7220397805343988,1.0,1.0,0.511,0.548,0.32
user_0654,0.998033723455528,0.998033723455528,0.0,0.9650843086388202,0.7,1.0,0.452,0.6,0.33999999999999997
user_0655,1.0660368214560867,1.0660368214560867,0.0,1.0,1.0,0.9914341072804331,0.603,0.30000000000000004,0.22
user_0656,1.1163500000000002,1.1163500000000002,0.0,1.0,1.0,1.0,0.507,0.584,0.52
user_0657,1.0733500000000002,1.0733500000000002,0.0,1.0,1.0,1.0,0.367,0.544,0.5
user_0658,1.06705,1.06705,0.0,1.0,1.0,1.0,0.485,0.532,0.16
user_0659,1.1190000000000002,1.1190000000000002,0.0,1.0,1.0,1.0,0.42,0.7200000000000001,0.5599999999999999
user_0660,1.1238000000000001,1.1238000000000001,0.0,1.0,1.0,1.0,0.632,0.6520000000000001,0.18
user_0661,0.9887500000000001,0.9887500000000001,0.0,1.0,1.0,1.0,0.29100000000000004,0.24000000000000005,0.3
user_0662,1.1482,1.1482,0.0,1.0,1.0,1.0,0.72,0.548,0.36
user_0663,1.1231,1.1231,0.0,1.0,1.0,1.0,0.8180000000000001,0.28400000000000003,0.26
user_0664,1.0569675358250221,1.0569675358250221,0.0,1.0,1.0,0.9453376791251111,0.362,0.5760000000000001,0.41
user_0665,1.0302253531948724,1.0302253531948724,0.0,0.9329383829871809,1.0,1.0,0.397,0.552,0.25
user_0666,1.19565,1.19565,0.0,1.0,1.0,1.0,0.721,0.7160000000000001,0.58
user_0667,1.1873420351746193,1.1873420351746193,0.0,1.0,1.0,0.9497101758730969,0.7200000000000001,0.5760000000000001,0.81
user_0668,1.10695,1.10695,0.0,1.0,1.0,1.0,0.647,0.28800000000000003,0.52
user_0669,1.1005224608785804,1.1005224608785804,0.0,1.0,1.0,0.9786123043929018,0.424,0.7120000000000001,0.42000000000000004
user_0670,1.0933,1.0933,0.0,1.0,1.0,1.0,0.518,0.5920000000000001,0.25
user_0671,1.1508500000000002,1.1508500000000002,0.0,1.0,1.0,1.0,0.517,0.624,0.78
user_0672,1.04935,1.04935,0.0,1.0,1.0,1.0,0.29900000000000004,0.48400000000000004,0.52
user_0673,1.1409567283069757,1.1409567283069757,0.0,0.8548918207674391,1.0,1.0,0.776,0.64,0.59
user_0674,1.11315,1.11315,0.0,1.0,1.0,1.0,0.323,0.7160000000000001,0.75
user_0675,1.12135,1.12135,0.0,1.0,1.0,1.0,0.611,0.404,0.5800000000000001
user_0676,1.0615499999999998,1.0615499999999998,0.0,1.0,0.9000000000000001,1.0,0.27899999999999997,0.772,0.51
user_0677,1.1080999999999999,1.1080999999999999,0.0,1.0,1.0,1.0,0.59,0.46399999999999997,0.41
user_0678,1.1280000000000001,1.1280000000000001,0.0,1.0,1.0,1.0,0.43200000000000005,0.8000000000000002,0.5
user_0679,0.9498,0.9498,0.0,1.0,0.4,1.0,0.6719999999999999,0.29200000000000004,0.38
user_0680,1.0907005912493883,1.0907005912493883,0.0,0.7690014781234712,1.0,1.0,0.67,0.684,0.63
user_0681,1.1423500000000002,1.1423500000000002,0.0,1.0,1.0,1.0,0.683,0.5840000000000001,0.34
user_0682,1.1606268842953966,1.1606268842953966,0.0,1.0,1.0,0.9318844214769835,0.669,0.54,0.76
user_0683,1.090900109941881,1.090900109941881,0.0,0.9045002748547025,1.0,1.0,0.498,0.624,0.61
user_0684,1.16255,1.16255,0.0,1.0,1.0,1.0,0.723,0.6920000000000001,0.28
user_0685,1.167,1.167,0.0,1.0,1.0,1.0,0.488,0.8,0.75
user_0686,1.0586,1.0586,0.0,1.0,1.0,1.0,0.42,0.464,0.34
user_0687,1.12995,1.12995,0.0,1.0,1.0,1.0,0.499,0.6280000000000001,0.61
user_0688,0.8618155173284934,0.8618155173284934,0.0,0.6124137933212331,0.8999999999999999,1.0,0.373,0.524,0.2
user_0689,0.9750657727382235,0.9750657727382235,0.0,0.7709144318455584,1.0,1.0,0.49,0.40800000000000003,0.33
user_0690,1.1030000000000002,1.1030000000000002,0.0,1.0,1.0,1.0,0.49200000000000005,0.52,0.52
user_0691,1.09945,1.09945,0.0,1.0,1.0,1.0,0.545,0.5880000000000001,0.25
user_0692,0.9511362545869717,0.9511362545869717,0.0,0.8687156364674291,1.0,1.0,0.201,0.396,0.44
user_0693,1.1983500000000002,1.1983500000000002,0.0,1.0,1.0,1.0,0.687,0.6040000000000001,0.86
user_0694,1.1624999999999999,1.1624999999999999,0.0,1.0,1.0,1.0,0.706,0.54,0.55
user_0695,1.0306,1.0306,0.0,1.0,0.9,1.0,0.264,0.6040000000000001,0.49
user_0696,1.1208,1.1208,0.0,1.0,1.0,1.0,0.42,0.692,0.62
user_0697,1.0245,1.0245,0.0,1.0,0.8,1.0,0.402,0.56,0.39999999999999997
user_0698,1.05675,1.05675,0.0,1.0,0.8,1.0,0.511,0.49999999999999994,0.54
user_0699,1.05535,1.05535,0.0,1.0,1.0,1.0,0.279,0.464,0.6599999999999999
user_0700,1.135,1.135,0.0,1.0,0.9,1.0,0.5720000000000001,0.52,0.89
user_0701,1.1513000000000002,1.1513000000000002,0.0,1.0,1.0,1.0,0.618,0.512,0.7
user_0702,1.0990018675453566,1.0990018675453566,0.0,0.6337546688633915,1.0,1.0,0.718,0.84,0.9
user_0703,0.9318884114402235,0.9318884114402235,0.0,0.7025960286005587,1.0,1.0,0.385,0.504,0.29000000000000004
user_0704,0.9083910661224132,0.9083910661224132,0.0,0.8452276653060324,0.6000000000000001,1.0,0.402,0.512,0.43
user_0705,1.0579,1.0579,0.0,1.0,1.0,1.0,0.358,0.45600000000000007,0.5
user_0706,1.0647000000000002,1.0647000000000002,0.0,1.0,1.0,1.0,0.24200000000000002,0.828,0.3
user_0707,0.9929542997699687,0.9929542997699687,0.0,0.723510749424922,1.0,1.0,0.399,0.6120000000000001,0.62
user_0708,1.0526,1.0526,0.0,1.0,0.7999999999999999,1.0,0.404,0.5840000000000001,0.64
user_0709,0.9702500000000002,0.9702500000000002,0.0,1.0,1.0,1.0,0.185,0.26,0.35
user_0710,1.1165500000000002,1.1165500000000002,0.0,1.0,1.0,1.0,0.439,0.7120000000000001,0.5
user_0711,1.1016065418724863,1.1016065418724863,0.0,0.9676413546812156,1.0,1.0,0.675,0.4120000000000001,0.34
user_0712,1.13775,1.13775,0.0,1.0,1.0,1.0,0.611,0.78,0.18
user_0713,1.0694809963438323,1.0694809963438323,0.0,0.8364524908595811,1.0,1.0,0.47,0.6560000000000001,0.69
user_0714,1.128,1.128,0.0,1.0,1.0,1.0,0.744,0.34,0.41
user_0715,0.9806081992961497,0.9806081992961497,0.0,0.7155204982403747,1.0,1.0,0.496,0.416,0.58
user_0716,1.0819500000000002,1.0819500000000002,0.0,1.0,1.0,1.0,0.275,0.488,0.9
user_0717,1.0827,1.0827,0.0,1.0,1.0,1.0,0.598,0.42800000000000005,0.19
user_0718,1.1086,1.1086,0.0,1.0,0.8,1.0,0.624,0.644,0.56
user_0719,1.0949636795764262,1.0949636795764262,0.0,0.963909198941066,1.0,1.0,0.504,0.4960000000000001,0.5900000000000001
user_0720,1.0868000000000002,1.0868000000000002,0.0,1.0,1.0,1.0,0.316,0.5720000000000001,0.72
user_0721,1.1024,1.1024,0.0,1.0,1.0,1.0,0.508,0.396,0.66
user_0722,1.14935,1.14935,0.0,1.0,1.0,1.0,0.5469999999999999,0.524,0.84
user_0723,1.14405,1.14405,0.0,1.0,0.9,1.0,0.7090000000000001,0.632,0.47
user_0724,1.0473000000000001,1.0473000000000001,0.0,1.0,1.0,1.0,0.45799999999999996,0.31200000000000006,0.36
user_0725,1.1571500000000001,1.1571500000000001,0.0,1.0,1.0,1.0,0.599,0.716,0.5
user_0726,1.1669,1.1669,0.0,1.0,1.0,1.0,0.65,0.7560000000000001,0.41
user_0727,1.1183999999999998,1.1183999999999998,0.0,1.0,0.7,1.0,0.692,0.636,0.75
user_0728,0.9816589967275507,0.9816589967275507,0.0,0.8136474918188765,1.0,1.0,0.44,0.36800000000000005,0.41
user_0729,1.0401,1.0401,0.0,1.0,1.0,1.0,0.614,0.144,0.15
user_0730,1.1486,1.1486,0.0,1.0,1.0,1.0,0.612,0.6240000000000001,0.52
user_0731,1.10565,1.10565,0.0,1.0,1.0,1.0,0.5129999999999999,0.49600000000000005,0.53
user_0732,1.0196,1.0196,0.0,1.0,1.0,1.0,0.092,0.704,0.41
user_0733,1.0932000000000002,1.0932000000000002,0.0,1.0,1.0,1.0,0.488,0.488,0.48000000000000004
user_0734,1.0401000000000002,1.0401000000000002,0.0,1.0,1.0,1.0,0.32599999999999996,0.4840000000000001,0.36
user_0735,0.9516327755694408,0.9516327755694408,0.0,0.7525819389236019,0.5,1.0,0.768,0.624,0.4
user_0736,1.0497999999999998,1.0497999999999998,0.0,1.0,0.6000000000000001,1.0,0.776,0.35200000000000004,0.53
user_0737,0.9454645362586243,0.9454645362586243,0.0,1.0,0.8,0.6918226812931204,0.42200000000000004,0.504,0.26
user_0738,1.0775,1.0775,0.0,1.0,1.0,1.0,0.526,0.38000000000000006,0.39
user_0739,1.1333499999999999,1.1333499999999999,0.0,1.0,0.9000000000000001,1.0,0.603,0.504,0.8200000000000001
user_0740,1.1802000000000001,1.1802000000000001,0.0,1.0,1.0,1.0,0.6399999999999999,0.6280000000000001,0.76
user_0741,1.0302000000000002,1.0302000000000002,0.0,1.0,1.0,1.0,0.22,0.36800000000000005,0.7
user_0742,1.0263311273019704,1.0263311273019704,0.0,1.0,1.0,0.887655636509852,0.32399999999999995,0.43200000000000005,0.53
user_0743,1.1267,1.1267,0.0,1.0,1.0,1.0,0.51,0.6080000000000001,0.5800000000000001
user_0744,1.05095,1.05095,0.0,1.0,1.0,1.0,0.379,0.30800000000000005,0.6
user_0745,1.0995000000000001,1.0995000000000001,0.0,1.0,1.0,1.0,0.402,0.74,0.38
user_0746,0.9479500000000001,0.9479500000000001,0.0,1.0,0.2,1.0,0.467,0.7080000000000001,0.75
user_0747,1.03305,1.03305,0.0,1.0,1.0,1.0,0.489,0.31200000000000006,0.14
user_0748,1.1079,1.1079,0.0,1.0,1.0,1.0,0.542,0.5760000000000001,0.36
user_0749,1.1186,1.1186,0.0,1.0,1.0,1.0,0.472,0.4640000000000001,0.81
user_0750,1.05405,1.05405,0.0,1.0,0.7,1.0,0.5569999999999999,0.6320000000000001,0.45
user_0751,0.9697997082396952,0.9697997082396952,0.0,0.7176242705992378,1.0,1.0,0.511,0.2,0.75
user_0752,1.0988500000000003,1.0988500000000003,0.0,1.0,1.0,1.0,0.637,0.264,0.5
user_0753,1.0788,1.0788,0.0,1.0,1.0,1.0,0.35200000000000004,0.5720000000000001,0.55
user_0754,1.1909000000000003,1.1909000000000003,0.0,1.0,1.0,1.0,0.6900000000000001,0.696,0.64
user_0755,1.0517,1.0517,0.0,1.0,1.0,1.0,0.29800000000000004,0.44800000000000006,0.6
user_0756,1.1789,1.1789,0.0,1.0,1.0,1.0,0.778,0.556,0.51
user_0757,0.9159494735415927,0.9159494735415927,0.0,1.0,1.0,0.783247367707964,0.15,0.332,0.22
user_0758,1.0812,1.0812,0.0,1.0,1.0,1.0,0.39999999999999997,0.34800000000000003,0.79
user_0759,1.09305,1.09305,0.0,1.0,1.0,1.0,0.469,0.512,0.49
user_0760,1.0151000000000001,1.0151000000000001,0.0,1.0,1.0,1.0,0.19,0.32400000000000007,0.69
user_0761,1.0985500000000001,1.0985500000000001,0.0,1.0,1.0,1.0,0.5509999999999999,0.39200000000000007,0.52
user_0762,1.0703255319705287,1.0703255319705287,0.0,0.8870638299263224,1.0,1.0,0.646,0.46,0.35
user_0763,1.1802426005821074,1.1802426005821074,0.0,1.0,1.0,0.9857130029105361,0.682,0.7040000000000002,0.5700000000000001
user_0764,0.9662000000000002,0.9662000000000002,0.0,1.0,1.0,1.0,0.116,0.48800000000000004,0.14
user_0765,1.0525620646092155,1.0525620646092155,0.0,0.6611551615230384,1.0,1.0,0.682,0.8240000000000001,0.44
user_0766,1.018394319662343,1.018394319662343,0.0,0.7708371458754018,1.0,0.9192973065609111,0.612,0.508,0.47
user_0767,0.9886971345320266,0.9886971345320266,0.0,0.9071178363300665,0.9,1.0,0.39299999999999996,0.444,0.36
user_0768,1.1360000000000001,1.1360000000000001,0.0,1.0,1.0,1.0,0.5640000000000001,0.58,0.58
user_0769,1.1694499999999999,1.1694499999999999,0.0,1.0,1.0,1.0,0.7969999999999999,0.528,0.41000000000000003
user_0770,1.1383390906111222,1.1383390906111222,0.0,1.0,1.0,0.9841954530556104,0.598,0.52,0.6399999999999999
user_0771,0.8674075457678196,0.8674075457678196,0.0,0.7080644291270628,1.0,0.773158870584972,0.387,0.15200000000000002,0.6
user_0772,1.09375,1.09375,0.0,1.0,1.0,1.0,0.47100000000000003,0.66,0.27
user_0773,1.142398980171937,1.142398980171937,0.0,1.0,1.0,0.9654949008596844,0.53,0.6520000000000001,0.69
user_0774,1.0906802875934043,1.0906802875934043,0.0,1.0,1.0,0.9916514379670214,0.539,0.324,0.59
user_0775,1.2173,1.2173,0.0,1.0,1.0,1.0,0.97,0.6320000000000001,0.3
user_0776,1.1111,1.1111,0.0,1.0,1.0,1.0,0.518,0.6639999999999999,0.32
user_0777,1.15365,1.15365,0.0,1.0,1.0,1.0,0.653,0.556,0.5700000000000001
user_0778,1.0624000000000002,1.0624000000000002,0.0,1.0,1.0,1.0,0.192,0.5760000000000001,0.78
user_0779,1.1413000000000002,1.1413000000000002,0.0,1.0,1.0,1.0,0.81,0.372,0.33
user_0780,1.0669,1.0669,0.0,1.0,1.0,1.0,0.41000000000000003,0.4760000000000001,0.43
user_0781,0.9393,0.9393,0.0,1.0,0.4,1.0,0.45000000000000007,0.672,0.26
user_0782,0.99555,0.99555,0.0,1.0,1.0,1.0,0.35900000000000004,0.272,0.15
user_0783,1.197,1.197,0.0,1.0,1.0,1.0,0.8639999999999999,0.52,0.53
user_0784,0.8112482316500386,0.8112482316500386,0.0,0.40723532821183056,1.0,0.6447705018265314,0.6559999999999999,0.376,0.49
user_0785,1.06485,1.06485,0.0,1.0,1.0,1.0,0.353,0.6040000000000001,0.36
user_0786,1.1557424489390362,1.1557424489390362,0.0,0.8134811223475908,1.0,1.0,0.8109999999999999,0.804,0.5700000000000001
user_0787,1.0261,1.0261,0.0,1.0,0.4,1.0,0.6980000000000001,0.624,0.58
user_0788,1.0342006926191858,1.0342006926191858,0.0,1.0,0.9,0.9912534630959291,0.271,0.648,0.45999999999999996
user_0789,1.0356,1.0356,0.0,1.0,1.0,1.0,0.236,0.46399999999999997,0.5700000000000001
user_0790,0.960323770672944,0.960323770672944,0.0,0.6209231669503209,1.0,0.9955225194640781,0.8170000000000001,0.16400000000000003,0.33999999999999997
user_0791,1.0871000000000002,1.0871000000000002,0.0,1.0,1.0,1.0,0.638,0.30400000000000005,0.32
user_0792,1.1715000000000002,1.1715000000000002,0.0,1.0,1.0,1.0,0.634,0.6000000000000001,0.73
user_0793,1.16745,1.16745,0.0,1.0,1.0,1.0,0.597,0.7680000000000001,0.53
user_0794,1.1000999999999999,1.1000999999999999,0.0,1.0,0.8,1.0,0.46199999999999997,0.8639999999999999,0.55
user_0795,1.15895,1.15895,0.0,1.0,0.9,1.0,0.6549999999999999,0.668,0.7
user_0796,1.1298000000000001,1.1298000000000001,0.0,1.0,1.0,1.0,0.5680000000000001,0.652,0.4
user_0797,0.7845940818315533,0.7845940818315533,0.0,1.0,0.2,0.7052204091577667,0.191,0.812,0.24000000000000002
user_0798,1.15805,1.15805,0.0,1.0,1.0,1.0,0.825,0.4720000000000001,0.31
user_0799,1.0162939006999072,1.0162939006999072,0.0,1.0,1.0,0.789219503499536,0.473,0.4680000000000001,0.2
user_0800,1.0707499999999999,1.0707499999999999,0.0,1.0,1.0,1.0,0.5389999999999999,0.22000000000000003,0.53
user_0801,1.0896073389656997,1.0896073389656997,0.0,1.0,1.0,0.9830366948284979,0.596,0.44000000000000006,0.28
user_0802,0.997366392679985,0.997366392679985,0.0,1.0,1.0,0.8120819633999246,0.28300000000000003,0.28800000000000003,0.71
user_0803,1.1328,1.1328,0.0,1.0,1.0,1.0,0.548,0.7120000000000001,0.39
user_0804,0.9666000000000001,0.9666000000000001,0.0,1.0,1.0,1.0,0.064,0.264,0.61
user_0805,1.0450000000000002,1.0450000000000002,0.0,1.0,1.0,1.0,0.232,0.42000000000000004,0.74
user_0806,1.0496500000000002,1.0496500000000002,0.0,1.0,1.0,1.0,0.389,0.5760000000000001,0.16
user_0807,1.1346073480696266,1.1346073480696266,0.0,1.0,1.0,0.9922867403481327,0.615,0.5760000000000001,0.45999999999999996
user_0808,1.1463445563898167,1.1463445563898167,0.0,0.8658613909745413,1.0,1.0,0.72,0.8,0.5
user_0809,1.1321920649995891,1.1321920649995891,0.0,1.0,1.0,0.8974603249979458,0.53,0.6080000000000001,0.79
user_0810,1.1872,1.1872,0.0,1.0,1.0,1.0,0.648,0.7280000000000001,0.66
user_0811,1.1228,1.1228,0.0,1.0,1.0,1.0,0.45599999999999996,0.6520000000000001,0.61
user_0812,1.1408,1.1408,0.0,1.0,1.0,1.0,0.712,0.31200000000000006,0.66
user_0813,1.0358,1.0358,0.0,1.0,1.0,1.0,0.348,0.4120000000000001,0.37
user_0814,1.1308000000000002,1.1308000000000002,0.0,1.0,1.0,1.0,0.504,0.6320000000000001,0.6
user_0815,0.8665500000000002,0.8665500000000002,0.0,1.0,0.5,1.0,0.259,0.272,0.36
user_0816,1.127342374849304,1.127342374849304,0.0,1.0,1.0,0.9432118742465208,0.67,0.548,0.39
user_0817,1.0449000000000002,1.0449000000000002,0.0,1.0,0.9999999999999999,1.0,0.382,0.43600000000000005,0.34
user_0818,0.9534,0.9534,0.0,1.0,0.4,1.0,0.464,0.556,0.54
user_0819,1.17905,1.17905,0.0,1.0,1.0,1.0,0.645,0.852,0.4
user_0820,1.1205,1.1205,0.0,1.0,1.0,1.0,0.562,0.4600000000000001,0.61
user_0821,1.1384,1.1384,0.0,1.0,1.0,1.0,0.6519999999999999,0.7560000000000001,0.12
user_0822,0.9127500000000002,0.9127500000000002,0.0,1.0,0.5,1.0,0.41900000000000004,0.38,0.26
user_0823,0.9900000000000001,0.9900000000000001,0.0,1.0,1.0,1.0,0.14,0.6400000000000001,0.09
user_0824,1.0144931664798666,1.0144931664798666,0.0,1.0,1.0,0.9464658323993336,0.34,0.388,0.32
user_0825,1.11215,1.11215,0.0,1.0,1.0,1.0,0.49500000000000005,0.8760000000000001,0.07
user_0826,1.1794,1.1794,0.0,1.0,1.0,1.0,0.768,0.676,0.36
user_0827,1.0335,1.0335,0.0,1.0,1.0,1.0,0.334,0.56,0.16
user_0828,1.1291964273043489,1.1291964273043489,0.0,1.0,1.0,0.9167321365217441,0.569,0.664,0.54
user_0829,1.1393000000000002,1.1393000000000002,0.0,1.0,1.0,1.0,0.538,0.552,0.72
user_0830,0.873,0.873,0.0,1.0,0.4,1.0,0.136,0.54,0.5800000000000001
user_0831,1.13575,1.13575,0.0,1.0,1.0,1.0,0.571,0.8600000000000001,0.14
user_0832,0.95135,0.95135,0.0,1.0,1.0,1.0,0.127,0.18400000000000002,0.42
user_0833,0.8710584185570585,0.8710584185570585,0.0,1.0,0.2,0.9280420927852919,0.505,0.488,0.36
user_0834,1.2079000000000002,1.2079000000000002,0.0,1.0,1.0,1.0,0.7700000000000001,0.516,0.88
user_0835,0.9409511528538603,0.9409511528538603,0.0,0.6987528821346507,1.0,1.0,0.317,0.44800000000000006,0.65
user_0836,1.13925,1.13925,0.0,1.0,1.0,1.0,0.46499999999999997,0.66,0.74
user_0837,1.0911,1.0911,0.0,1.0,1.0,1.0,0.53,0.504,0.32999999999999996
user_0838,0.7884000000000001,0.7884000000000001,0.0,1.0,0.0,1.0,0.548,0.07600000000000001,0.4
user_0839,0.97143504290792,0.97143504290792,0.0,1.0,1.0,0.9001752145396,0.256,0.276,0.36
user_0840,1.0777500000000002,1.0777500000000002,0.0,1.0,1.0,1.0,0.49900000000000005,0.34,0.52
user_0841,0.9902000000000001,0.9902000000000001,0.0,1.0,1.0,1.0,0.352,0.068,0.42
user_0842,1.18395,1.18395,0.0,1.0,1.0,1.0,0.611,0.808,0.6
user_0843,1.1977,1.1977,0.0,1.0,1.0,1.0,0.85,0.388,0.77
user_0844,1.116032434120161,1.116032434120161,0.0,1.0,1.0,0.898912170600805,0.645,0.46,0.56
user_0845,1.0450000000000002,1.0450000000000002,0.0,1.0,0.7000000000000001,1.0,0.432,0.56,0.78
user_0846,1.1789,1.1789,0.0,1.0,1.0,1.0,0.626,0.596,0.8300000000000001
user_0847,1.0108000000000001,1.0108000000000001,0.0,1.0,1.0,1.0,0.368,0.172,0.43000000000000005
user_0848,1.1003500000000002,1.1003500000000002,0.0,1.0,1.0,1.0,0.599,0.244,0.64
user_0849,1.068879380220198,1.068879380220198,0.0,1.0,0.9000000000000001,0.9226469011009895,0.515,0.604,0.4
user_0850,0.8013281344747122,0.8013281344747122,0.0,1.0,0.30000000000000004,0.7978906723735609,0.22699999999999998,0.42,0.47000000000000003
user_0851,0.9726000000000001,0.9726000000000001,0.0,1.0,0.5,1.0,0.45599999999999996,0.524,0.55
user_0852,1.0914000000000001,1.0914000000000001,0.0,1.0,1.0,1.0,0.46799999999999997,0.23600000000000004,0.89
user_0853,1.01135,1.01135,0.0,1.0,1.0,1.0,0.259,0.344,0.45
user_0854,1.1333,1.1333,0.0,1.0,1.0,1.0,0.55,0.472,0.75
user_0855,1.0644746452491465,1.0644746452491465,0.0,1.0,1.0,0.9173732262457327,0.516,0.34,0.51
user_0856,1.04965,1.04965,0.0,1.0,0.9,1.0,0.589,0.4360000000000001,0.12000000000000001
user_0857,1.1467,1.1467,0.0,1.0,0.7,1.0,0.654,0.8280000000000002,0.8400000000000001
user_0858,0.9558500000000001,0.9558500000000001,0.0,1.0,1.0,1.0,0.109,0.32400000000000007,0.3
user_0859,1.04725,1.04725,0.0,1.0,0.8,1.0,0.633,0.44000000000000006,0.23
user_0860,1.0967000000000002,1.0967000000000002,0.0,1.0,1.0,1.0,0.294,0.808,0.52
user_0861,1.0820500000000002,1.0820500000000002,0.0,1.0,1.0,1.0,0.293,0.6120000000000001,0.6699999999999999
user_0862,0.9044000000000001,0.9044000000000001,0.0,1.0,0.5,1.0,0.244,0.41600000000000004,0.5599999999999999
user_0863,1.054147375137636,1.054147375137636,0.0,0.8606184378440902,0.9,1.0,0.674,0.6160000000000001,0.24
user_0864,1.1055000000000001,1.1055000000000001,0.0,1.0,1.0,1.0,0.61,0.48000000000000004,0.31
user_0865,1.0843000000000003,1.0843000000000003,0.0,1.0,1.0,1.0,0.382,0.632,0.44
user_0866,1.0797999999999999,1.0797999999999999,0.0,1.0,0.7,1.0,0.47200000000000003,0.7320000000000002,0.77
user_0867,1.07915,1.07915,0.0,1.0,1.0,1.0,0.383,0.656,0.35
user_0868,1.05765,1.05765,0.0,1.0,1.0,1.0,0.45299999999999996,0.49600000000000005,0.2
user_0869,1.03895,1.03895,0.0,1.0,1.0,1.0,0.30700000000000005,0.488,0.39
user_0870,0.97,0.97,0.0,1.0,0.6,1.0,0.328,0.8,0.18
user_0871,1.1452,1.1452,0.0,1.0,1.0,1.0,0.636,0.5680000000000001,0.51
user_0872,0.9771620864118401,0.9771620864118401,0.0,0.7622458340856076,1.0,0.8953187638879848,0.56,0.548,0.21000000000000002
user_0873,1.1404380874721085,1.1404380874721085,0.0,0.8536437699078026,1.0,0.8754028975449369,0.758,0.776,0.6799999999999999
user_0874,1.0525,1.0525,0.0,1.0,1.0,1.0,0.534,0.22000000000000003,0.36
user_0875,1.11495,1.11495,0.0,1.0,1.0,1.0,0.47900000000000004,0.6480000000000001,0.48000000000000004
user_0876,1.08415,1.08415,0.0,1.0,1.0,1.0,0.33899999999999997,0.49600000000000005,0.75
user_0877,0.9720500000000001,0.9720500000000001,0.0,1.0,0.5,1.0,0.377,0.6120000000000001,0.61
user_0878,0.9614745914191767,0.9614745914191767,0.0,0.7252067754616751,0.8,0.9904594061725321,0.522,0.7520000000000001,0.3
user_0879,1.1950518727394754,1.1950518727394754,0.0,1.0,1.0,0.9332593636973782,0.984,0.356,0.59
user_0880,1.1360000000000001,1.1360000000000001,0.0,1.0,1.0,1.0,0.5840000000000001,0.68,0.38
user_0881,0.9714999999999998,0.9714999999999998,0.0,1.0,0.4,1.0,0.55,0.48,0.62
user_0882,1.0522,1.0522,0.0,1.0,1.0,1.0,0.432,0.38799999999999996,0.36
user_0883,1.10795,1.10795,0.0,1.0,1.0,1.0,0.515,0.388,0.71
user_0884,0.9075311540372863,0.9075311540372863,0.0,1.0,0.6,0.8416557701864315,0.356,0.44800000000000006,0.33
user_0885,1.06905,1.06905,0.0,1.0,1.0,1.0,0.425,0.49200000000000005,0.39
user_0886,1.1138539458521128,1.1138539458521128,0.0,1.0,1.0,0.8372697292605638,0.744,0.616,0.18
user_0887,1.0876000000000001,1.0876000000000001,0.0,1.0,1.0,1.0,0.256,0.7040000000000001,0.6799999999999999
user_0888,1.1114,1.1114,0.0,1.0,1.0,1.0,0.504,0.6960000000000001,0.31
user_0889,1.0238890356082213,1.0238890356082213,0.0,1.0,1.0,0.9861951780411065,0.249,0.276,0.73
user_0890,1.0001,1.0001,0.0,1.0,0.4,1.0,0.6819999999999999,0.544,0.48
user_0891,1.0643937427836245,1.0643937427836245,0.0,1.0,0.9000000000000001,0.9309687139181229,0.52,0.548,0.41
user_0892,0.8635624834206632,0.8635624834206632,0.0,0.5274062085516579,0.9,1.0,0.356,0.6240000000000001,0.44999999999999996
user_0893,1.0376,1.0376,0.0,1.0,1.0,1.0,0.49200000000000005,0.14400000000000002,0.43
user_0894,1.026132753049245,1.026132753049245,0.0,0.8984568826231126,1.0,1.0,0.5509999999999999,0.36000000000000004,0.25
user_0895,0.97895,0.97895,0.0,1.0,0.4,1.0,0.467,0.5880000000000001,0.74
user_0896,1.0351,1.0351,0.0,1.0,0.9000000000000001,1.0,0.354,0.524,0.43
user_0897,0.9833500000000001,0.9833500000000001,0.0,1.0,0.5,1.0,0.371,0.6240000000000001,0.72
user_0898,1.05275,1.05275,0.0,1.0,1.0,1.0,0.251,0.48,0.6799999999999999
user_0899,1.10705,1.10705,0.0,1.0,1.0,1.0,0.6570000000000001,0.232,0.58
user_0900,1.1794,1.1794,0.0,1.0,1.0,1.0,0.66,0.476,0.9299999999999999
user_0901,1.1859,1.1859,0.0,1.0,1.0,1.0,0.8859999999999999,0.43600000000000005,0.49
user_0902,0.9304244374077022,0.9304244374077022,0.0,0.8264360935192552,1.0,1.0,0.193,0.28400000000000003,0.59
user_0903,1.0683808192086692,1.0683808192086692,0.0,0.9907020480216733,1.0,1.0,0.518,0.28400000000000003,0.5
user_0904,1.0718040948366996,1.0718040948366996,0.0,1.0,1.0,0.961270474183498,0.315,0.412,0.89
user_0905,1.1084,1.1084,0.0,1.0,1.0,1.0,0.612,0.5760000000000001,0.19
user_0906,1.1344833113080797,1.1344833113080797,0.0,1.0,1.0,0.9604165565403981,0.692,0.416,0.5700000000000001
user_0907,1.046077630107523,1.046077630107523,0.0,1.0,1.0,0.9803881505376151,0.476,0.16000000000000003,0.57
user_0908,1.09315,1.09315,0.0,1.0,1.0,1.0,0.399,0.6360000000000001,0.48
user_0909,1.078,1.078,0.0,1.0,1.0,1.0,0.6040000000000001,0.26,0.38
user_0910,1.1173000000000002,1.1173000000000002,0.0,1.0,1.0,1.0,0.354,0.7320000000000001,0.69
user_0911,1.0653578069783214,1.0653578069783214,0.0,0.9415195174458036,1.0,1.0,0.5509999999999999,0.4,0.41
user_0912,1.0517,1.0517,0.0,1.0,0.7000000000000001,1.0,0.51,0.46799999999999997,0.79
user_0913,1.0471867520902547,1.0471867520902547,0.0,1.0,1.0,0.9991837604512728,0.431,0.384,0.32
user_0914,1.0985051498304905,1.0985051498304905,0.0,0.8456378745762261,1.0,1.0,0.757,0.7000000000000002,0.16
user_0915,1.19005,1.19005,0.0,1.0,1.0,1.0,0.617,0.9520000000000001,0.43000000000000005
user_0916,1.176665696559578,1.176665696559578,0.0,0.943664241398945,1.0,1.0,0.5640000000000001,0.7480000000000001,0.96
user_0917,1.10785,1.10785,0.0,1.0,1.0,1.0,0.5650000000000001,0.484,0.44000000000000006
user_0918,1.11145,1.11145,0.0,1.0,1.0,1.0,0.497,0.608,0.45999999999999996
user_0919,1.2084000000000001,1.2084000000000001,0.0,1.0,1.0,1.0,0.8119999999999999,0.516,0.78
user_0920,1.0874667784505327,1.0874667784505327,0.0,0.8186669461263318,1.0,1.0,0.78,0.5800000000000001,0.28
user_0921,1.0998,1.0998,0.0,1.0,1.0,1.0,0.6839999999999999,0.35200000000000004,0.26
user_0922,1.193,1.193,0.0,1.0,1.0,1.0,0.6120000000000001,0.74,0.79
user_0923,1.1486,1.1486,0.0,1.0,1.0,1.0,0.6759999999999999,0.644,0.33
user_0924,1.0426,1.0426,0.0,1.0,1.0,1.0,0.288,0.42400000000000004,0.5700000000000001
user_0925,1.1424,1.1424,0.0,1.0,1.0,1.0,0.504,0.556,0.8300000000000001
user_0926,1.1865798795693483,1.1865798795693483,0.0,1.0,1.0,0.9573993978467417,0.794,0.6040000000000001,0.5599999999999999
user_0927,1.0698,1.0698,0.0,1.0,1.0,1.0,0.348,0.552,0.5
user_0928,1.0034,1.0034,0.0,1.0,1.0,1.0,0.188,0.41600000000000004,0.44
user_0929,1.0421000000000002,1.0421000000000002,0.0,1.0,1.0,1.0,0.43000000000000005,0.404,0.24
user_0930,0.9156063186427309,0.9156063186427309,0.0,0.6892657966068272,1.0,1.0,0.546,0.17600000000000005,0.27
user_0931,1.1918000000000002,1.1918000000000002,0.0,1.0,1.0,1.0,0.8320000000000001,0.5720000000000001,0.48
user_0932,1.1543500000000002,1.1543500000000002,0.0,1.0,1.0,1.0,0.655,0.42400000000000004,0.77
user_0933,1.1919,1.1919,0.0,1.0,1.0,1.0,0.738,0.6160000000000001,0.65
user_0934,0.9067264106864362,0.9067264106864362,0.0,0.7840363736279441,0.8,0.783809306176293,0.21100000000000002,0.6440000000000001,0.87
user_0935,0.9063000000000001,0.9063000000000001,0.0,1.0,0.2,1.0,0.346,0.8320000000000001,0.44999999999999996
user_0936,1.14635,1.14635,0.0,1.0,1.0,1.0,0.635,0.6040000000000001,0.47
user_0937,1.0044000000000002,1.0044000000000002,0.0,1.0,1.0,1.0,0.156,0.49600000000000005,0.41
user_0938,1.0802,1.0802,0.0,1.0,1.0,1.0,0.352,0.548,0.6
user_0939,1.0666000000000002,1.0666000000000002,0.0,1.0,1.0,1.0,0.48,0.44400000000000006,0.30000000000000004
user_0940,1.0898500000000002,1.0898500000000002,0.0,1.0,1.0,1.0,0.581,0.244,0.58
user_0941,1.0389,1.0389,0.0,1.0,0.6000000000000001,1.0,0.618,0.656,0.36
user_0942,1.17935,1.17935,0.0,1.0,1.0,1.0,0.895,0.44400000000000006,0.39
user_0943,1.1346652516202438,1.1346652516202438,0.0,1.0,1.0,0.901826258101218,0.518,0.832,0.5
user_0944,0.9752760891077441,0.9752760891077441,0.0,0.6900652227693602,0.8,1.0,0.697,0.46,0.56
user_0945,0.8618562716810048,0.8618562716810048,0.0,0.7077656792025119,0.7,1.0,0.415,0.08,0.88
user_0946,1.04985,1.04985,0.0,1.0,1.0,1.0,0.341,0.7440000000000001,0.03
user_0947,1.0965913939877887,1.0965913939877887,0.0,1.0,1.0,0.9154569699389438,0.674,0.24000000000000002,0.59
user_0948,1.0608,1.0608,0.0,1.0,1.0,1.0,0.37200000000000005,0.652,0.2
user_0949,0.9728003486201345,0.9728003486201345,0.0,0.9485008715503366,0.6000000000000001,1.0,0.448,0.21600000000000003,0.99
user_0950,1.021454260085813,1.021454260085813,0.0,0.7400106502145325,0.8,1.0,0.669,0.6480000000000001,0.61
user_0951,0.9509500000000001,0.9509500000000001,0.0,1.0,1.0,1.0,0.243,0.14800000000000002,0.18
user_0952,1.0671000000000002,1.0671000000000002,0.0,1.0,1.0,1.0,0.334,0.38400000000000006,0.76
user_0953,1.05245,1.05245,0.0,1.0,1.0,1.0,0.497,0.308,0.32
user_0954,0.9600500000000001,0.9600500000000001,0.0,1.0,0.7,1.0,0.293,0.29200000000000004,0.68
user_0955,0.9020188335119629,0.9020188335119629,0.0,0.6720470837799066,1.0,1.0,0.232,0.6280000000000001,0.31
user_0956,1.0330239884532224,1.0330239884532224,0.0,1.0,0.4,0.9096199422661121,0.65,0.904,0.53
user_0957,1.01685,1.01685,0.0,1.0,1.0,1.0,0.353,0.34400000000000003,0.27
user_0958,0.9033318794537218,0.9033318794537218,0.0,0.6332046986343046,1.0,1.0,0.361,0.452,0.42000000000000004
user_0959,0.8846830998828772,0.8846830998828772,0.0,0.9618327497071926,0.4,1.0,0.451,0.328,0.38
user_0960,1.0517,1.0517,0.0,1.0,1.0,1.0,0.278,0.38800000000000007,0.74
user_0961,0.9692000000000002,0.9692000000000002,0.0,1.0,0.7000000000000001,1.0,0.38,0.5680000000000001,0.14
user_0962,1.0793,1.0793,0.0,1.0,1.0,1.0,0.738,0.252,0.07
user_0963,1.108569519783616,1.108569519783616,0.0,0.7214237994590407,1.0,1.0,0.984,0.66,0.25
user_0964,1.1722000000000001,1.1722000000000001,0.0,1.0,1.0,1.0,0.6799999999999999,0.7080000000000001,0.45999999999999996
user_0965,1.0603060077208921,1.0603060077208921,0.0,1.0,1.0,0.9087800386044607,0.383,0.672,0.32
user_0966,0.9618000000000001,0.9618000000000001,0.0,1.0,1.0,1.0,0.12,0.492,0.08
user_0967,0.9077363074337229,0.9077363074337229,0.0,0.5904657685843073,1.0,1.0,0.383,0.252,0.88
user_0968,0.9569416326728671,0.9569416326728671,0.0,0.6568540816821676,1.0,1.0,0.6839999999999999,0.188,0.45
user_0969,1.01495,1.01495,0.0,1.0,1.0,1.0,0.34700000000000003,0.30800000000000005,0.32
user_0970,1.1537,1.1537,0.0,1.0,1.0,1.0,0.706,0.36800000000000005,0.72
user_0971,0.9288,0.9288,0.0,1.0,0.4,1.0,0.48000000000000004,0.512,0.32
user_0972,1.1668,1.1668,0.0,1.0,1.0,1.0,0.8959999999999999,0.35200000000000004,0.4
user_0973,1.030282464519895,1.030282464519895,0.0,1.0,1.0,0.8774123225994751,0.436,0.31199999999999994,0.49
user_0974,1.1457770979200599,1.1457770979200599,0.0,1.0,1.0,0.9878854896002988,0.46799999999999997,0.648,0.8400000000000001
user_0975,1.0025426586557804,1.0025426586557804,0.0,1.0,1.0,0.8922132932789022,0.3420000000000001,0.24400000000000005,0.52
user_0976,1.0740163916454861,1.0740163916454861,0.0,1.0,1.0,0.9433319582274309,0.7350000000000001,0.24400000000000002,0.15
user_0977,1.04945,1.04945,0.0,1.0,1.0,1.0,0.413,0.368,0.41
user_0978,1.1742000000000001,1.1742000000000001,0.0,1.0,1.0,1.0,0.484,0.7680000000000001,0.88
user_0979,1.0589000000000002,1.0589000000000002,0.0,1.0,1.0,1.0,0.258,0.4960000000000001,0.7
user_0980,1.1349,1.1349,0.0,1.0,1.0,1.0,0.502,0.5960000000000001,0.7
user_0981,1.0027000000000001,1.0027000000000001,0.0,1.0,1.0,1.0,0.20600000000000002,0.388,0.43
user_0982,1.03355,1.03355,0.0,1.0,1.0,1.0,0.43900000000000006,0.472,0.03
user_0983,1.24875,1.24875,0.0,1.0,1.0,1.0,0.955,0.66,0.61
user_0984,1.14995,1.14995,0.0,1.0,1.0,1.0,0.603,0.6480000000000001,0.52
user_0985,1.09035,1.09035,0.0,1.0,1.0,1.0,0.603,0.164,0.65
user_0986,0.9924499999999999,0.9924499999999999,0.0,1.0,0.4,1.0,0.621,0.42800000000000005,0.73
user_0987,1.0677486828682448,1.0677486828682448,0.0,0.9999967071706121,1.0,1.0,0.515,0.32000000000000006,0.41
user_0988,1.1178000000000001,1.1178000000000001,0.0,1.0,1.0,1.0,0.66,0.5920000000000001,0.14
user_0989,1.1893500000000001,1.1893500000000001,0.0,1.0,1.0,1.0,0.803,0.44399999999999995,0.72
user_0990,0.9837240157266683,0.9837240157266683,0.0,0.9204350393166708,1.0,1.0,0.219,0.45200000000000007,0.43000000000000005
user_0991,0.9337777346180693,0.9337777346180693,0.0,0.5321943365451728,1.0,1.0,0.5780000000000001,0.656,0.28
user_0992,1.1176,1.1176,0.0,1.0,1.0,1.0,0.476,0.6640000000000001,0.49
user_0993,1.02485,1.02485,0.0,1.0,1.0,1.0,0.481,0.36400000000000005,0.0
user_0994,1.0743500000000001,1.0743500000000001,0.0,1.0,1.0,1.0,0.41100000000000003,0.36400000000000005,0.6699999999999999
user_0995,1.1663000000000001,1.1663000000000001,0.0,1.0,1.0,1.0,0.794,0.672,0.17
user_0996,1.20745,1.20745,0.0,1.0,1.0,1.0,0.9689999999999999,0.268,0.75
user_0997,1.0889499999999999,1.0889499999999999,0.0,1.0,0.9,1.0,0.555,0.268,0.85
user_0998,1.0619000000000003,1.0619000000000003,0.0,1.0,1.0,1.0,0.53,0.31600000000000006,0.32
user_0999,0.7752472713422824,0.7752472713422824,0.0,0.5807096728119218,0.7,0.41081701108756896,0.772,0.572,0.07
