profile_id,salt,signature,window_start,expiration_time,is_expired,signatures_different
profile_0000,66dce15fb33deacb5c0362f30e95f52e6af463bb47d499c7bcae4199142ccb98,79b6337e7c9cd852567b569378da8f1d8f65e51d285386389b6b556c6710709b,1766431800,1769023800,False,False
profile_0001,66d6f02779182272d241ef27d6f497194a91de0eca55917557b8bddd74ed6d55,a26ad67378881675a12bcd89dcdbcbd315ac4b40c8b05a87c5cd7063c9d9eb46,1766431800,1769023800,False,False
profile_0002,63ace29967eb9224973e44b582a0a0a69506450534fd700e01034cf857e9d4b8,4d9dd0b4e9becd81423d817c8d7e8d5037749de512c35c697751e6539272a960,1766431800,1769023800,False,False
profile_0003,ebf51ad59dfd44f025db5b3681093300bf148c2ebb9301fe1499f32ea044139e,8ac5836c19a06996acae15cf0171861415de4039704c37c14ca72b3ea5934475,1766431800,1769023800,False,False
profile_0004,cbd1e24d394d959c15705686fc18cf01ebf2936e586be70530fe8d4adaa15786,ccf73e3b4a812705755c83cbbc8f276f726bb533706f40f9fd7240ef2d75e418,1766431800,1769023800,False,False
profile_0005,3a64a29cfe495d66a9deb523ff47f20bdbfdc94abb0a48f9cfe3c95d0ee7963b,fe80389d042c6ebc0b96cfdb27daea50380135433b3c0c0dffb793d5a54a0753,1766431800,1769023800,False,False
profile_0006,bd00c174bdfb3117ae4a01c9bd8b4e9e32d21d336b07e96136dea483f304b5fb,3c5161fd213e116b16b67b58aa559def68fb3aa06e98e6bc955212f980ec0c87,1766431800,1769023800,False,False
profile_0007,3f7ba897f8c57d77822ce40be40d25dc320f889b86a228ae1478a72b48eb5373,5422b5a6caff376f98f261b6de6b70ae72ae1f2277089d728f6ffc3cc5292ab2,1766431800,1769023800,False,False
profile_0008,a638a710115565038329eaf2582234f13ba933f70da83390f120f3cef9a7aa62,8c65514f7e37f4cfcaf4f37e6097f3cc200c4bcf6fb62e47129db31b4da8e7bc,1766431800,1769023800,False,False
profile_0009,082bfb4d595d1604340a011981db1b3b53e529af5bd8b33d6ed5ad70bb5beaae,36fe8a79233e035734bbc49f1df9152f9788ff4c6dfaf5849249c16c94498a53,1766431800,1769023800,False,False
profile_0010,c6e53d1fabbd289cfce9c37e07434cd5aeafcd0822a0612ccd38c9e8508c1c64,d7ff6ae39ab193998386d01be7991e55a5c9008db455a72ef43870dbcc3d4209,1766431800,1769023800,False,False
profile_0011,a3673f423106a72e670f9ba9835d5fc1014ccc4ffd03d76c852d238535aa3b35,50bf36726e8d1ef162ff82d8b23faf1744626bb10875f3dfa9e7bc4be0ab7d00,1766431800,1769023800,False,False
profile_0012,6934f58b03cf5491359f522fdc250408beb236f891f99fd7d91a6fc62b162373,860250db245e7a8a1ea98f89f5bef2dc192d0d05614471489c6f9f0c22502216,1766431800,1769023800,False,False
profile_0013,a10083f0c9902865bd6713e5e38339ed0df90f995e7f2eba2ff3ffeb0e2d9853,4872fc94d08dd236afcab8c68bf641ad06c9e3f8c350f7a4d26f607fba2d6e09,1766431800,1769023800,False,False
profile_0014,c771a716cd9d0892d6ee2b32fb645585f803940bbd5e0ff627d94853d45e33d8,293a1842e1e39e5a956a436ae9531babfc6d14faf60995e8796ae3e15246158c,1766431800,1769023800,False,False
profile_0015,cf5a8063ec5e50bf512177456e43298a342428d417533596992f545bd8f81af7,5115d540989874f290ede4e7c7b25fac787b1d5fb48ff5da6741480e0fbe59b8,1766431800,1769023800,False,False
profile_0016,fb52eb47bb98669b7b21ee8aece1a746289c13249c94d84b0ec85ccd2cef4e2a,26c6ddf3430f17e006345c8320bbdccaf7995e4c0895cac948e768a92b3e4e9f,1766431800,1769023800,False,False
profile_0017,40c0151358bf0004469fa4fc080a646c57d5b1c580f41665eb07df32870a224b,eb6069dfc2cf7ac7541ea8ed357354b56bb623632ebb72d8a63d4e9a132376c9,1766431800,1769023800,False,False
profile_0018,d7e569013ebc9a038a14c2d0f255e732509af4b487811ab6a236a0baa2f148ca,a14483063d14b500e689d7af56c8e0871545cc3d74d8193750c77b32b71bb834,1766431800,1769023800,False,False
profile_0019,20f971c57a31209b0497f412e90d22ede668c45bf9fbaca62898a91d1bcc3aea,769e7b1f2b86d8d59394fb8c4a1552ef5ccd87f5ef5e482457566fedd0f1dc79,1766431800,1769023800,False,False
profile_0020,8658f4dcc8209cd94777909f0b330f73a1bbb55420cc6c182f5c4510f6f1ed5e,51b14133a72003310673d21e75f9688ae0c84cec9228bed975faed01a4f4730b,1766431800,1769023800,False,False
profile_0021,96899c4f3d2e39abd7363f5324e379aa6278c7baab4a5f9767f736a3d52a5446,5e5d475b75d6fceef8edfdcbcac2f0e0002be7ba0a097daf25b5d764327801d8,1766431800,1769023800,False,False
profile_0022,da5f20e322a6ad8fc013e378e27e076264ba9d1eae1fc2f8cd3597b6826a52d9,b87c13f5931df4ef4e2d7b18d19eddacfbb274f9b43fee4808dd084ed1c1c6e7,1766431800,1769023800,False,False
profile_0023,00cfc2c20444c3b8d9dcaf8ff681693cfe1a5ec58db18d416663697e1adb590a,e2121dcf4a477ffef29467a13bae6eff938f23fe7afec8b19fc2dc8b3711c69f,1766431800,1769023800,False,False
profile_0024,88d1d185ce00eeb50e54736d5957631c29de81067b5b7870ccc59e1bb2dea333,57a89fd06aa185338f086c1bed8bb55273832ca0b90847bbe2c34bed1dcff150,1766431800,1769023800,False,False
profile_0025,3ebe0b085fc350e5e6caeba2f0dcb17933a27950fcd332905fb0318283570db2,fe20ee0dda137d3c58981c120aef6e840de4757df15b8f4f608c9d0c7378fdca,1766431800,1769023800,False,False
profile_0026,dd4656e8e439ab23969dd13fe618bb9aecda0e698e06338aaacc6bc11cd2fb33,9a9314e598a67e2ee2e4b72659ab5e19ec6826946fb0a3f2f576beb491d52e3a,1766431800,1769023800,False,False
profile_0027,2384923a0cda5ef19ff4b413463f4f99ba262d4af26cddb155cc45291b5766e1,8b4af26839f82a540e2649d262744042088e4791cec87a342eb30522cb04e151,1766431800,1769023800,False,False
profile_0028,41aa00eea9aad59f2cfae0ce3da6ae4bb8bf26a2f4ab011b850a18df1b73df74,7b81417ebb7d6a197a7e1c6b71a5edbb6ba39a6e7eb6620284083fe6654ece8e,1766431800,1769023800,False,False
profile_0029,1b74bdcd6bb6eb372b0ec32f5365a06a1dbf7ee4bda71ee24a55128a7f460853,9212b40787ae24bb62815e708dffe029e4ae961717fd2b769a0dd25d74d57e4a,1766431800,1769023800,False,False
profile_0030,f965b4cef627411f5b3d66e5d855365be6ac6851bde825e8e05c2c1c8075aa45,0f0324985c6e70e2a3624d7e0cc7b3f054e2f5814befe729f5e9f652a97f1f1b,1766431800,1769023800,False,False
profile_0031,78f5593a1a05cfa5bdef566d781a2200736a69d1ccf3415ae8d658dc0225064e,ad2246365dd8dc87263bc07c9b7b37ade0e9d1509d1215c65eaa78f62141ee36,1766431800,1769023800,False,False
profile_0032,669dc701c5e2262ac755c0829a15ba888872db6a3dd11d7ca40edc38e07c43b1,6156b3fc03c709c5b1ccc800db7ac8b593fc95a360189c7a6b0aff3bfde31331,1766431800,1769023800,False,False
profile_0033,327faf1ee934f844abf26d5697027f3ece8762f13a1f152b756dbd529fee0038,e17be4e86dfc6145a5e2536cc4ecf31b65338ace3da5219d10499997808f8da4,1766431800,1769023800,False,False
profile_0034,5f76cf84d7c5df8ee80cf9b3b3ce616770d4165d3dc79c10f0b5c6f8b9990041,6fadbdf32308941fec3aa0b08fcbdd839352faa1509db2815a5f413d85c343f3,1766431800,1769023800,False,False
profile_0035,33f262f60b45333ffdcd744026ff40b281ad4b7f825d57b6705c064d6406e925,fc83ae9261666d22d3a665df76b6aab5155b9464b05f1f845164459570838dc1,1766431800,1769023800,False,False
profile_0036,704eeb48b7eb6bff506c7109bac24b4470680c9c017003fa8192af80dbb83969,ad7e033b83a98c01073cbc93e9df262eebf55a12f27b185c1964806c898e9a02,1766431800,1769023800,False,False
profile_0037,35b62d0d56037608e45f5547df965658e01c84e880d964a292ed533d7db642ae,a0f7c5903d0f94dd54181db340ab1f786c27dff3dc686793e27efd5f9a447376,1766431800,1769023800,False,False
profile_0038,81d417253454eb87abc64c7dd9eaa1729f9653fcc5668a8d9f55f73df6f8ba97,52dec9477e9925591ffce216d03aa494062f8b1b97ba63a4e794ae19fc7ae609,1766431800,1769023800,False,False
profile_0039,431311acb6cdb214ca80f9c2b7aca15e7ad0d53c9031fe3dfe626cba25919acd,96324c38660a1ee741d524488764ae1e5eec063f9c9433fc2bde6de4437bcb4c,1766431800,1769023800,False,False
profile_0040,1709275e449f657873cbdea1619ec1fbc5002fa2d55b19668a872889fead01d1,e831c41590039bf39b2498b91781146b672cf2faf36263c0986d9abd5ab202a4,1766431800,1769023800,False,False
profile_0041,ef3a1d178f5860cc6062d6d5c86c95267ba41e52ba50198245adbf2fcfc920b2,c67365661269b3bf0f1a5872127f8ed49963a9212f483d3066e399bdd4c12138,1766431800,1769023800,False,False
profile_0042,5c3d700a0267bddb93c24497fb0a7253badb74ada3b7613892193f0459e50db6,e0dce966b4e115ade663375b5d75bf2a47b15dfb3a0ddd4b0d14d8e6156cc55f,1766431800,1769023800,False,False
profile_0043,c2871883fe753bcf92a0fb39932c42595f0b2aa5c6069f183347a32ce821c6f0,3ff4b844d659bb2c0082828fc2c0d80a95498d6ff8181dff31d63caf1f6977b3,1766431800,1769023800,False,False
profile_0044,a04be1b0a747c7657f160163265a8b845189cdef672b74d6809234230a07faac,48193813756afe9ee73fd11b9b7a6f23b5d7204e76fede71070203c33bd6b1a4,1766431800,1769023800,False,False
profile_0045,db1f5057b81f37bcd8990c1db1b7853596b8b8ec9e559c8add4f99e029ed1eb2,e7a761601ef6d7183b4bd85641b6cf899462bf2b88f5ada55ceb02be24398c7a,1766431800,1769023800,False,False
profile_0046,627608420641823afbb6f4a88fd8c92c597935d16f626ffbf8a3218ef33f4284,48c97c83626011ea98eace9ab80c637ae2d68e3f7ccf10a522bbbe95d1b975ad,1766431800,1769023800,False,False
profile_0047,3b2e978770b3c5420108ea3d807b0aff2f95d517fdb825f78beeafe5c451ec8e,1759d22f2b2574f0013b7bf4d8cce23035745a8c0a8f39e273813630e8f74d2e,1766431800,1769023800,False,False
profile_0048,24cc81e69f74f4e1faef12a2f61b4f3008a8ca56e81c644762cc655992a64ab3,3e0c13c76c5d9d63cafd697dab17312369d3391a45870070a3a3802ddb8cbc4b,1766431800,1769023800,False,False
profile_0049,2f3bd8b9cfc8bed88204a9e5931138db971818e335d88d6777eca5c7a0e644e3,cc93a2cf299d0a9ecb47106d46ef7bfc5c2d9a44d23411a4864671691eeb4c15,1766431800,1769023800,False,False
profile_0050,972f5ca47372d6d94a328a1570c685efc77f6029a3150cc9a5a507e667d042ab,de684f34744b8ebfc66d5ed9df6e60d5f6e3ffd4dbcfb0af7315e1b7b3d777bb,1766431800,1769023800,False,False
profile_0051,53ef3e9bfde0a794e2bc5a026fec4d5ffd09fa19d895acf06240dba9980842f9,dc20e6483db3dbeb930389018c44840c4f7a583a48e17df78dd0e79446ec60de,1766431800,1769023800,False,False
profile_0052,5cb74b01910baf487fb72a296d532c4e51d1798cc12e517c350b20b1a2eccb72,f787e52506bd779b7f9a714018ccd9256cfaf26b5651bf8ca20beb58ae0c56a6,1766431800,1769023800,False,False
profile_0053,cfeee6a6bcc394fea8b66939e36f092da06051b64396a004205bbc3c8dd16f7e,8fe52d77a0398276210d407908ffaff6ee314f97b5609c4eca84540b83756ede,1766431800,1769023800,False,False
profile_0054,14654d532f53c72d930f1abff7e5d05d7f574ea687f581be86b466d9c2848fb8,d151f51d2bee18fabd812e58f98bf4225b4fecc6dd7a6536db2ae04743370764,1766431800,1769023800,False,False
profile_0055,905159a87f12dd4e20ac7c91afeae38acb11fb17baa34182729f225ed5b1e6a2,886b4436d641ae9148495775926a624e8cbbb0f5d84cbc386aaa5b1d5a18b40d,1766431800,1769023800,False,False
profile_0056,764de44315441e40ed1a763e9dc60197253817f9e5b898fa6c0da26432229b7c,7d02e0fe2b0a082c15548a767de9c1a3cb984afc7c37cb3e876b5de346018e58,1766431800,1769023800,False,False
profile_0057,b5295de40717f6e71a4d92a11a78346fe1c078cb14bd9e591dd3ac80607e25a5,a135eaa9d07e6a9e6f5decac12adef51862b697ff6e3fbf5f2259f2acb7c572e,1766431800,1769023800,False,False
profile_0058,1bf9af936e9b3eabbfa3157ee0153addc471fb31fb6bed3a3c9ff2b82f23cb7f,c63b52f4f6911d2c928f3d5e274685002c8804a756f49407818a3f643a633466,1766431800,1769023800,False,False
profile_0059,92b2e04703de6e9222923906bff4bfc430ac3da5ff9d290b1020572dabdc9afe,626970b3025c18179785e08a6d29cc9f35fc27338e94f17f91dbe011090da218,1766431800,1769023800,False,False
profile_0060,dbe4c1f09d484e78dca934f42d449147748d34ea05aa2ce262b8c25e7b7f6abf,c276b0534e0f8359dd5d37c2186b75dfb3fcb8fa1666458f205faa637e297b15,1766431800,1769023800,False,False
profile_0061,e8f6f4032484fcf31749a6ed5c0dac54f0799d6d2d01828db4b076f75ec28192,ec90539142331b769aa4c46be236ef599f1de37bd0cf0873310be3f5e06518ff,1766431800,1769023800,False,False
profile_0062,62ccaff6bb02f7fae0d35eda73e44913be00614bfc28424ed4c395629f8bdf30,84efe20b70a3f9c7bbd41c97592ea453876c4abc0ffa80e8613f2bb74771d710,1766431800,1769023800,False,False
profile_0063,d617e4d9a0c4ba44ffcc2151424d3b7c7fe0632b1168685f18878a8ee97f0a65,39e6e547993da23b098b0f5185ed11bb1a1a4357cdc6bd903736a0d843768dde,1766431800,1769023800,False,False
profile_0064,ded6a7ef355a1ed839022fb2429515ee6787ef91adca0612178fe01871b27b35,b5f8bdd6f3fbddf43c9ebe818530107bd6e317c6c4a637cf085ad42bea0c23bb,1766431800,1769023800,False,False
profile_0065,1f1d719dae0fd0ab552b74fd9646d05bc18bdc237ede10419a40b184e929984b,9ac0e9fa812777c4e4f035a3fec585f469df0b30cd88a46aeb4abf36d7361fa4,1766431800,1769023800,False,False
profile_0066,81859be0d9af92521003a3bd676c42d9a09f6fb2889df9222affd5b3f5307bb5,4a595b9182a233a0dc99750fe4bf1415748a7c567164df67a86fdbbf76b8273b,1766431800,1769023800,False,False
profile_0067,af9c075c269c858ddcd5284ba916e84bf64a32cf19c2766b629763cf31c79641,88006d084ae50bf6d4d97c1a9fd3118cf28e13e0842bb39d925de8a1df8aa51e,1766431800,1769023800,False,False
profile_0068,9873f8dd97298c9c0c22cae93b5be314f955e78286cb5301385f638023b0bda0,345be2e73a9dddd31fa8059d32da365c8fe4bb954f609870e13e33279b16cdd2,1766431800,1769023800,False,False
profile_0069,ac125dcc13f0bb31400964a6072f2912ff19b4b3ed9f93658f11b9cb8d2aff0c,c418d0f5a7132ba344501042fe3ab6ded126128f1c3ab8daced6ad7984779b84,1766431800,1769023800,False,False
profile_0070,cb63d7e37257f9e2d6d986568ee411075b342660617d309441330f181fd73f70,92f5d099e084a52726d0b24b54a0593d5cf08340b54e9dc4c96d41482a4db00c,1766431800,1769023800,False,False
profile_0071,d62a0a94bee709ac5583330932d00154986e3177b9ceb0273ec2ea8abdec59fb,5bf22fac577f8b4db47a3cd7c032aa755a26f9723e31b278013c7449b25af157,1766431800,1769023800,False,False
profile_0072,7cc45a499558c4d639d94097397a43dc55ddce0730791040b3a68f09a912f109,337e3779c6ea3d12f76358cc1df1c590278d8a3c525cea843718a2fa394ffddc,1766431800,1769023800,False,False
profile_0073,45f395d20ecfa24d3574355cea3b7e89bb098720646a9f53e0bbb1850739efd3,6d06b6897c2e61622fcb6ec99408c7520fa306a19742110ce453c0de8e5eb188,1766431800,1769023800,False,False
profile_0074,344c1ec53bd68345eb0b40376bbe1af704c0759f66540f75c354d91505d38ed7,950ec37c1d4d22900dd7f228730d71fe22c45e810ad34d1273fbfb1c53942ccb,1766431800,1769023800,False,False
profile_0075,6c033b0ddfe3c23173db06885d7d4e692e10678a623b13b3369b2ea3a71b6b23,4caa44f2ddb05113df8a6b3a8730ed8433824f29874ce0171acad6c2c844d6a5,1766431800,1769023800,False,False
profile_0076,331fe1b98f9afb210c71d1f9719133f87b422c8469b4efb69d46ad529266830a,8c4307a2728ab1f4d06ecabacd1547e775b62964518d890a79e53f47b9787978,1766431800,1769023800,False,False
profile_0077,905291cb772019663e4355451237fb6e5b6e6070399479beb6b7151459653840,7522a12a9f18b82f5dbd13917aa39c063709f78070625fa757b76c5f83e86ef0,1766431800,1769023800,False,False
profile_0078,e4627d06d97d302f742070f63d17b41416cb02d67e04a66d885d2bb28b8741b0,b8edb5a9a4f49d74fdfa9ea48672c6dccb26967283258910b53b866856a8bd9f,1766431800,1769023800,False,False
profile_0079,f423b16880c6e50e39045d2c79724bea00420c28eefe3d7121eb0f405fb4623d,b1c054eea8b7cd10a24979750cf5e44afba52c99f2f385d958a0e2cf4f67aaa2,1766431800,1769023800,False,False
profile_0080,7d1e9a8c751408182fc2efb6584ed02ee7b102a9ecdc42ef74bfa94780b365a3,e4414ae7e962907f2ae6ad06be307bb741b9d6de8ef2956a0d75f25d149ce47a,1766431800,1769023800,False,False
profile_0081,0f0d72f4bc344684e6cfe6bcbf7238a8be25ea8d4442886f15bb999c5cdbe3ba,8514ce2f8c96471baa34679f8b4e33e091a768de8b3fb2057d59ddeb8fe49f46,1766431800,1769023800,False,False
profile_0082,f6e86a6bc21f370c4b4c6b3f99d0e7908f06215bb20d9d28e43302c2551cc31e,63e178e5984e035af5dcbd93ccee063dbfc282bed0e0a34e249ee7d9f195f6b9,1766431800,1769023800,False,False
profile_0083,b84aaf031c6d8557cdefb61ddb24801744d4c60b2eac1a18f0336d0a5dc8b84f,2c8e9998c792e2180a1631375449143703a5fb92e2beea393afe485a7c96b888,1766431800,1769023800,False,False
profile_0084,ed76ffdabd33c1faf3eb22b4c471e22ccb7463798fab6404d9a80b19d9d96bc3,721cd0329b5792b878854f37a4a76fbe08a4aefe5fb2d010447812c506bd5bad,1766431800,1769023800,False,False
profile_0085,af89da7d54d991ce267235796366a75820f5562cfddcf476dde6106f649157a6,90bed8c3fe6d4d59558e40eed2e447c5c7315c668e076789d39e6e136be11075,1766431800,1769023800,False,False
profile_0086,16680466f9964d0c095aa89df536fbf2447f95a2637cfde2210b990bb3ecc942,d9ecd6d0d72e9805ea9df24001007540e52575303acbffb7e89cd4078c7515cd,1766431800,1769023800,False,False
profile_0087,de9ce65f89ffea03f95a38a092aef5eeb989cd805f26448000eb42dbf7a3148a,aadda87ecd4e05b05248866a8abbf8751ee5c19f4e9ffa809a79a02b4c8f7be4,1766431800,1769023800,False,False
profile_0088,4425a0a8ec3f18af0312b6290f6ca89d17cb10124fe1a2f1f69675a40179baf1,bcf6684aeeb974d663ecd25ea44fe30bd20fd862ca2361e5cd9ae0acffac19fb,1766431800,1769023800,False,False
profile_0089,f071c906dbbf00de7f63f5959f58eba2daedb2f053030bcd974652938be75aad,036a021c292c47b949084a3566412cf52b424be3f90629f9f59392d58f1f2a8a,1766431800,1769023800,False,False
profile_0090,b11a5f63a22ec8927b89aea42066e520a00f5075bc13abcfb28aad8baa6d15d2,580e7c1f35b1ec3cb303eace7cea094c7d8a333d1ecb061cb0e6f38e745a1e1f,1766431800,1769023800,False,False
profile_0091,64d603f10b953da0429fd762407e07d2a09510f6a7b4c7a6490fc5e72a44e934,2e821a7f9db3d3b836e1f077eba8caa01a7c65ff0e7a1170539b0979d32f2fde,1766431800,1769023800,False,False
profile_0092,2b5e1f321c5122468ca9c1110b50ef365e96cc192d0d9460812faa04fc7cf909,87ed6a444259e6859a1577f105c88fb1dfae21fe73ad068cc2de98c66b411741,1766431800,1769023800,False,False
profile_0093,f2692d18f1e2459e2288d9aed66a2856506b39125970dda70763a8515c5aa962,ec06332eb887e3e9de438103b170e3d661e92ba852dd35800073ccd9feae92c8,1766431800,1769023800,False,False
profile_0094,99bf49d8c93b7eae5926f505fd2b3357a10181d072e0bc4268a22748864ffc7e,64adc5f034f79ba29ffd7bf3806bd9119396a45d27eed1a222f3d77a9b58d5b0,1766431800,1769023800,False,False
profile_0095,c30c401e394361b1f45d5db271962c59ec6502a14a2cc8ef9c01a2e0771d080a,f7bdefa3f8d5b845e4d38e85dd90842993afe2c88f397ea320abb52fdf02980c,1766431800,1769023800,False,False
profile_0096,a39d2dbcd882fe6a14edb0cdfc5bb3f7f86a3348a3e2478c89ad6c2d6497686c,ae464a74fa790e61bdd2464a6e41b40836637d5aade5677cd1936b5f76d4579b,1766431800,1769023800,False,False
profile_0097,c84928c0978b8a91bfb88ccee2ca6f93b0be91fd62444dbbef4fa1692346b020,37adbc124e26d6b358f5d90dba036d043bcb262bb4242e1b3278feb58f109501,1766431800,1769023800,False,False
profile_0098,d1933c5ff0130140e6ffc2c65f889e9497e63e57965afbddbd1c46eedf7ed68f,cd076f23efb31f46e53e9a09bcb038c47f9121c231f9e8025607848bd702fbb6,1766431800,1769023800,False,False
profile_0099,24f0c0db0baf143d708dd26db64e0aae0c1639c016a96abdd8b829c1620bfd3c,ae5705bf828012e2e41810a2c46bdcea86cbdd22ea753f7e7d5fed2c4e49edba,1766431800,1769023800,False,False
profile_0100,6853661a1dd7b26010b50de770afc9883d38588153a21e7f6fb792d3d802be63,19f5a2ef10270c6a91260bd9f03dbdf5a83faa5759b27ad8722a1cb6f6979d08,1766431800,1769023800,False,False
profile_0101,55c5ee518cd1314cba0241e5129c9819b0b8a2636336b10d8b41c602bcf962f5,38d25424202d48f28678609847ab98eac7ad57ce96137e4db6e78c2956e2e95d,1766431800,1769023800,False,False
profile_0102,e81cc7e7925fded84b905e170811db5ac689be511be7f0f4cd4237f3deca40ad,af217174804bd5568b73547864f25a391b147a104076bd404cfc737fbf8de278,1766431800,1769023800,False,False
profile_0103,7ffd5af3337e867b52d3cc92f9ed367e6e15c0a18f2052157453cd7244ec7917,7a40735dd821b7a3a53adb7ecbb45290ebe99efa2d2caa9991d8291eee293dd0,1766431800,1769023800,False,False
profile_0104,62dc0f4b8b91399a185c2354b37bbf8d7a2b2aacd4557536e39d9bc034ce39f2,423d6e540151e805d7665278247e8adceab631b90a095568ec85293985478e8f,1766431800,1769023800,False,False
profile_0105,96eca4ca8f0403c8386a24ca26040c1d6c485917b45e51ee2954927eb95468f9,6c2a8e59112b53c6367cb905371db77b99800e100ed039d75a27b2005abbe950,1766431800,1769023800,False,False
profile_0106,a62bbc0e8d59f5fedeecad8c79924d0e84240871a25caebcd69440e3dc22c18b,0e46241b2a8b49ed745d9bd1d755a0e490a16e59f4669fd3ee4b3ab8e9723aa2,1766431800,1769023800,False,False
profile_0107,ea90d5594a5fb1b4911af81dee92f9f74b1a9b2408bc22b0495cf2c2b94343d6,4ba1dd12bb2c99ad50710ff13902e210aac0f4fa30a05655e49b459cc1844f37,1766431800,1769023800,False,False
profile_0108,eb89439e901bebddfc2ce319e5aca6d606068815ad54146d8cb672b3a7c4fa38,10214ac7ff1ef4a62f78dd733d0e1adad6b2f905095dfaeccacfbc1a4ae067db,1766431800,1769023800,False,False
profile_0109,a998a01288f58a65b16b65d21a5b53e4794accb4c1e487250446d3141c586983,c1025b5503a4640507e7a3e61281adfc21ab49a2cb7c236bdf920303a3d7f617,1766431800,1769023800,False,False
profile_0110,a4ecb715a5d5b43b526994fc876ed094ef35d05f6ca5f6dc4067e25e55455fe1,03eee65c7030ed102968ec51a5dd14937c469af6ed63511d3535ec9b23f60891,1766431800,1769023800,False,False
profile_0111,f3a113d09066973cfee17ef2469d5ee8d8906afc2c0586978364ddc023e7a759,7b8a780ee5d54c2a035c815481a994e10a7ed0460307714d96b2fed4d081a0e4,1766431800,1769023800,False,False
profile_0112,458c5260fb5c4bb59e4d601512874e7bbc19f3c66bcbc360b594f38ea66880b4,acad7d43530f11a2dcf75b1c7b4237cd1801bf08aa4cd551da651c18d8dd53df,1766431800,1769023800,False,False
profile_0113,5ad0996cc962ac3f59d706e8126e8b542670771c7d3c386fc2ad1c7eac50f140,abf6b6054a826678dc7b76232827e37996b78356081141869128633cd57091c6,1766431800,1769023800,False,False
profile_0114,8c12e802f152bb67db24fa777d0e4c9239e4690e9376b0bddbd96a1ec7e166c4,0cd18e4556054f83dd0b52b227cc4bd96c47b6c17ba26d9e8c0f68c5efc103e9,1766431800,1769023800,False,False
profile_0115,3c33161e7e63a2d268a532a6a6a784be00ccfcbe829958aecca757955b39cd3c,d7877b255203e0a31f5cdadf87517eb48fd792c1b597788dd1bab38581d81b5f,1766431800,1769023800,False,False
profile_0116,bdf050f6f8017566be84f75ffb854b7a706d2449985d381537835cdea0434387,81a74b846aa92ac6a135eb4098b22e5c95cb752d3414a162a03003abca05653c,1766431800,1769023800,False,False
profile_0117,a5933d3974b4b36f85c095f6390857cd2b8e1c03acb257fa9ffa49f8ac58568e,aec7cd152682bf099e36444305fbbf720c97c2fb753e37fdf47fbab545e0ea1a,1766431800,1769023800,False,False
profile_0118,3c870c0b2e939b5294f421e44f501c0b756b1787d46cb5eccaf032fefb2a4beb,d1782cd9c046689bad1a099e73aa2acf7ee03271352e1d76a202a37d8f2889c7,1766431800,1769023800,False,False
profile_0119,e454e412a3f6c340e264c98d927606b2133624f8b8ad4f1391bde9852e188d2a,c5bdd1f4031980ed5787c0e5cddd994610ddb82b3e616f11ad41f87179854c3c,1766431800,1769023800,False,False
profile_0120,e84420a130cd80370d961cb28ef4634b9ecd5c7400ceeefe74a5a7a035ae69b2,be74f384fd95952b158f2dde037bf5ef82e2fd452c4ffbf1e549332d88ebda9e,1766431800,1769023800,False,False
profile_0121,759f9595020d5b628f4ab2e6d6a1b2bcb85fa20bca1b4eea0b34ed4749856df5,7141baa5609de7c89a9eae3b571f171f5422ae428f8d26a4a9e37164ef7054cb,1766431800,1769023800,False,False
profile_0122,df2a4ef30f2bd00ec753e8e36561ff64cbeba574975d541b9b02c19e74d1ed55,544d60751bb0b858a4673979f9aa889bd6cb84b2a6c924054740a859e34197d4,1766431800,1769023800,False,False
profile_0123,077402477924702b5bb52830a3da97a559f0b476878e6563b94a755a3b9db93a,e6c9cfef758a786867315c9a71babb4e61c8723702a4a05c53c495e470e8ef27,1766431800,1769023800,False,False
profile_0124,b17c6a951b821444db6ae61364933f5c28f071f9e3128c42bf4e78fc9a970774,6d0407b42d09ac6afa0881e2f7d8883274893581057051666fcdec9fc609539b,1766431800,1769023800,False,False
profile_0125,f5b9bab2bedb4508909c3d89c8949e47a0333d4ff4d74469d3de54d0cce94f9a,0825bf3a83eb703092da070705c2c6d0bd1b7053a7b44b3b506a6d14d381dfca,1766431800,1769023800,False,False
profile_0126,db8a4aafef7a5d459c43a1298c6b18222d8632e922de8113fccc91d285b1c6f0,2f9e90119dfc8ad9b3a97b95fcca7220e987cc2483d1506a7b1016be4ce70871,1766431800,1769023800,False,False
profile_0127,511626f372dba86affc0c8b9c412c7942ec7089d98274febc1f9116b09002f15,71eccc9cfa69ba33483e33958f01658737086e0b7143bda858bb5dfc8691299c,1766431800,1769023800,False,False
profile_0128,374bc7ee1de36ce0f15cb6ddfadc348d6c73930b0494322a76fcbf06f7034869,6d71117e1bfadad036c33fa4551f8c57aca04c24f57ee831bbd510fbef29f32c,1766431800,1769023800,False,False
profile_0129,20e75f6075f110c7406c80cf9188f97adf20befceeb43bfcb0b881260af77160,91138c4b3e3ab2fa57dd2180f52476b0a65dab80ba63afd54e7ce57c4d9ffee1,1766431800,1769023800,False,False
profile_0130,54f31898195de4bf3e108261d8f49a64554f4cf83a1b44d41a1b95d7b052af91,295a6bec87c795d886b76597923e3636d4c61a2632683f45dc9dccbbbbd5e62c,1766431800,1769023800,False,False
profile_0131,ccb59cd6a04f42106146fc7768286d09629c316afe2144228001fe4594018003,2521b12d4409698804beec9a99d8cce0c8314dd9c357dfa20d58163695ae294d,1766431800,1769023800,False,False
profile_0132,ef9f6e0e36bb4a1305725edddb3114b1d0471ad0c4eaca885e7fedff8426fabf,9ffc7dd61aecc820f2239b537ea150c4c3a8bcb0ff5242a90d148321497f9366,1766431800,1769023800,False,False
profile_0133,659723ff023bc5e9b4c5308e165ccc95e45bdcc4340ee3b9a42adcf1c912d0c1,fa775835d923dc88d84eaa476ceac183f81e835208171dee23440d16518047a0,1766431800,1769023800,False,False
profile_0134,c97d82d952d0ba609034523f54bcb73d4ddc5673c8d97d346d97102100885e40,1d4dc172bb544e0cfdec45dcd6ad29e211180b27161dfe8acc4de7aeea2a8d9b,1766431800,1769023800,False,False
profile_0135,32b03cf4acd25446cc422e9b03df0c35bd55883ac011d3e07093f4abe7b1cac1,ed04bf9bebf30005b177b7ae7d76846c070fe078405dfc191019e47170fcc1b4,1766431800,1769023800,False,False
profile_0136,1fa73d9e2168010c5b8db05b5eb8c744471c121d26e6ad059938ecabf9c0877f,408dcda17672a8025cade633e6c791057e0f6db165465c0d958f69ae88068697,1766431800,1769023800,False,False
profile_0137,a1e23285b5f1e87975a8b6c502c3d4d47a6f2985317dca4e0b9128dac0a7fed0,f4091e0ddeb63e088bf1d9433115d12ee1e119434064dfc2e5d953b401806531,1766431800,1769023800,False,False
profile_0138,35c4498deb20cdf784a1998fddeba116dd5e6ce0fa92b4ca38a74a6790590797,1fbf57184126d24d7edeba05b2ad637381bd568d41c2adc7f595f07072f43ec2,1766431800,1769023800,False,False
profile_0139,6fd24e22fe4ae47a2e4d5e07963ba86bceac50c1e404e0c8549bcc9e8d2fada3,55e56a2ee22494450c8463f8cc4a5c620d31c4057ae92cb194f1fb517c8e4a0c,1766431800,1769023800,False,False
profile_0140,41923eb44a6817ceb2d1843666e834e7a53de922bffe049efb32b903e19afffa,3688b4bdecacc11b91820cf6d04472d373e3a2e3f84317fb058fb491d8510101,1766431800,1769023800,False,False
profile_0141,251bc05931a5ab9b61d80497511ffba21d1b6a644e65088e5a5bfe6fb2e94b17,f5cbcd8b25dcb891bfc435acf9f5a218c7ca3dca11ecae35baddbdbda66717cc,1766431800,1769023800,False,False
profile_0142,bef176e7e127f5b933452759f870258ca5d09483e0dd6e73d77b9dc84ea514e9,9494637119a0c9ba3b9747afe79c36eb420b623f986c9a3d4e1fe1b7d05a26d7,1766431800,1769023800,False,False
profile_0143,fbd383651d12474cf612419f69cc0a8632dec3dc50a898b284c813f31c93e5cb,02d058b1f7305e26292308e86ee292ec3f6695043732af9781c9e7d69d1f356e,1766431800,1769023800,False,False
profile_0144,839ba62589c09775b7d834ed904d93d74955fb7d10cbd7c4fb4d1c4253d7f410,17279071f3ee90e23aea6264f0c5e3e0c2731f4a89c46f180c3b8e80cc775bfd,1766431800,1769023800,False,False
profile_0145,d7eb89754490bd0b216ae3fa051fed9e34381c7ec115f058cc1029547d988935,2cf3e9ff689d0278e07dcade11a8efa381a4da05eb25bc6bccbca7e914313555,1766431800,1769023800,False,False
profile_0146,ea8e26a22af06394ef2e7a3dcaaf705772c76b136e188a89f842fe20965eca75,8a4bd06fa858097f863ca8218b77dc9c3096099bded1eca73b2471fef97c2066,1766431800,1769023800,False,False
profile_0147,b69cc7204f3bb3955e18e326ca177a66752d8a238f579ab2075e10a483e3182e,4a705f5aeade0222b6d7a9928bed7a9f44b831a82793b9121cf39d265a19ac3f,1766431800,1769023800,False,False
profile_0148,67b18f2e83eb4db2b7a67d5818a16269c2ec93e55f47d3dfc28c55799a82e683,d03a7aae775b2048a1549a31caacf50d79cc1ce9550d90b319c38f6aed92a904,1766431800,1769023800,False,False
profile_0149,5c10e5aa9fc21df9b1271d2c3c70189a79da3931322c4e39925d760a14df60d2,974ff86996f6c98dbadffad2f2e4c27d41b5c50c342f854770c0265154d12808,1766431800,1769023800,False,False
profile_0150,04543f2bd15557585bb25147a992fd583c8f502d155a24089435b516459b788c,e0dcaa3611a8da51b051aded020fc08349fc07851926d3d81211a375b512ca0e,1766431800,1769023800,False,False
profile_0151,00fee11e84facf88e898f5750b42225b5949d2342d6cebe421ca405db0a7f520,3d084d7b17bc6843cb870a994869fa32e05fa1896e4b6658b4988a90f5f34160,1766431800,1769023800,False,False
profile_0152,4df4df80d96681542cb7bdb09a3f5352485c100a195ba017f828a6cc2e582c7b,84e824e10d1274a59ade2e8725e3a2c94ca873a4f4019c6691f30e45c95b686c,1766431800,1769023800,False,False
profile_0153,7814bea0d5a812b0ee28ee1437f4fb825dd9a2df6ab02f283e4bbeeb2fd09560,7b9c5947f7724e30711958cb097392d7cad4748604cb4caa2045c3a99195b827,1766431800,1769023800,False,False
profile_0154,3ccea20f5011aa001974e14623fb48de003563ce07e8a21570f28dbf6237e798,0d06fc8945d0f9abafbd5b565671f50c2ccb741b45485d57d5bf4992994d6069,1766431800,1769023800,False,False
profile_0155,fcc43c2fb3567bfcceea97352e015e897e42d75e37008eecd5b2097c0d22723c,047cfa750f0aa8d034cb24601e9afb032df436c3d4800c99af41484020e8d997,1766431800,1769023800,False,False
profile_0156,d9f1459e1b708cc2d61f715e4d080188d7ac687681bd73b86c415abf999af50f,5b0ee5b34d1f557c8393a9ab2439315dd7b0e4dc6167f71b0b82729a357a5c76,1766431800,1769023800,False,False
profile_0157,0d126409ba3ad22537b59f4072f3132206149eb60214eaaf6e462ce596432dd8,027f05520919a843b9a0e054c410088a7fe2b7fa83c10fa51a4adb3fc10f1841,1766431800,1769023800,False,False
profile_0158,ed4afd826ad9e6bfee963888fb05cd07ec9f6f1b11cd01def99d8972255ba95a,10c232485fc30b03ded402f9a11e29aba5d3fb049aadc96b7f5395add2088882,1766431800,1769023800,False,False
profile_0159,e29a59887287ac650e8c123ebfb4d81ad81fed447696c6bce4b195601b28aa2e,6df857e2cac19c5de03a66d4bec26de0001993e7c1c6e14a40a19a6867b8a39a,1766431800,1769023800,False,False
profile_0160,c962230526046090b8c7735210c538d7e67421365518d616d9ddd6537dc00b89,42cb1cfd292188facd4477759dc7a9ef7ed7bb181a7285af19ec6acd90eb3a7f,1766431800,1769023800,False,False
profile_0161,2bbba81e1812b43b9098f9e30c0eca57d3acf5971818567943a6d9ad891de85a,c94efe6f980d2c2c2c5b535eb64e793fabf10f2123476b528b2d88577a0e9b83,1766431800,1769023800,False,False
profile_0162,422007cae84019a66ce8997f91e4c57a6e684016e3188e956ed07f89d565a0bc,b6dba87ad69be5f7f870fdbf828c15cf180838773e8099148f860b9e93a1188a,1766431800,1769023800,False,False
profile_0163,21383b966e32c88e071fd5bea72f2796703d816eeb5a8090521aa920293ef760,76278e0a844ed3eaeb11fda0f6bd82a9cd692c224324acd92f026cbfedec495b,1766431800,1769023800,False,False
profile_0164,a889a54864ea625605f6f25cb34a4fe619d55aa53fbd889be1861e92baed8d3e,0c127dc41d93add59d7d1048429586d00e722a28e9cb916e6880527031a7f9e0,1766431800,1769023800,False,False
profile_0165,b727295b3a298d7f6c438cfcc5b79154e40e149b786d06ef20e5ba3cb4c5ed01,cd26cac4d524a25e51d4f51090b09a1dcfffebe876408db1206d91a3fa05d8c9,1766431800,1769023800,False,False
profile_0166,956a0e1a1469af39c5c621274506885df615f73e6f1ae17c036a22295d2dcfd9,e31c12b2096a6f9d6e4987c6408acd2c6f91bf26017d1312d59672caaa97dff2,1766431800,1769023800,False,False
profile_0167,4adbc22fbdcd7f163dfffb485d294dce5e36622c974e3f0e366b92e588e4a1d7,837f70308e787b23fd1e752d4d6acd3f2badbf4732edd057bd98c8d1dcc4f5d6,1766431800,1769023800,False,False
profile_0168,f6328a1482fb370df26046861e8aab0427c40f69e4106cb2232a7dfb97234cff,803b39f83117c8d9020bd92fc8838464c02309a6af136b1278dc9f46ac24da66,1766431800,1769023800,False,False
profile_0169,de94ae1c054088e541ddd965d3a17493db362ff84a70daea03e091dd4e575b01,3aff053c158f2d93bccd98285164244e2649886b3c8a063650cb82bf5e494a49,1766431800,1769023800,False,False
profile_0170,85a22bd175009ef970eb05425db6a17df749bf2be5b70fb9b2332cab3dfa23d2,75ca85e5e8f336c94a00d42529143336003a6e4465424eb4ffcf4856aa5b4d05,1766431800,1769023800,False,False
profile_0171,b895ebedc1d0ecb74e03888eca2af8888735559219bc037ab2b5ac47ac58add6,34a56c4f3fcf9a5ef35e350a756230ac22120497c427456b3316778fef473325,1766431800,1769023800,False,False
profile_0172,2b7dfdc484f67f344519e22f9975cef775a4dc5243fb00b61267e96cd3e21233,78fb4a018ba57803434de985163942fdf0486f5e63057c1a068649ce91109e20,1766431800,1769023800,False,False
profile_0173,e0c0f28113b27abc70900e3e8b98a3872ef2651d00080db55998519c8d328dc4,3f967a6366f52b0dccd7421d34ff72f8441624a71785c07b0192397fd73e8ef1,1766431800,1769023800,False,False
profile_0174,3fb1e34925a658162407cc947d0790818a508427fe7d98ee63ff2b7b4c9b1552,544f71c670eafa69d33a164b0f2e91ba56598c0ded9493f0a5163454b56c9bb2,1766431800,1769023800,False,False
profile_0175,eac7578802b90898a04e440d85e3855eb1b22b56f7e74a74090069220441718c,b360674a04a13310fe0263e6622333af92c5590a72bb2a2c0d1eb33a1264e8ac,1766431800,1769023800,False,False
profile_0176,965739108926868cab086efd819ba4330cc88552a71440af81ee53cf53867e16,0809f420f3638c98ed7e55af184a43e5a61d64e9c09ca171de13e64877aca39a,1766431800,1769023800,False,False
profile_0177,402130413e058a2364f676ae48a9b100104b9ec208cbdf1dcac77b988e6b2179,6fe35aea84971b2f4b1da11e2e9413c12ee04f3ff87bb6db1a6d6e954ef88c63,1766431800,1769023800,False,False
profile_0178,9737b978257e299bf6676e69a28d56cb5d6e4f595ea4501b309ff5ed4446c9d9,20fd1beb3cf3b9d998c70049b493d42d027669e738201bd1cf23fcfcaee386af,1766431800,1769023800,False,False
profile_0179,3d79a3d4bb2ff8beeb000cf7b1a794684df1d11f7407d5ee77211abbca8dadfd,adc78b706132a55b9b12b3698f01fc37a4b284fcfb921243a3a13f14b4f7915d,1766431800,1769023800,False,False
profile_0180,881437f0a1ff7a344b4a652ee21f156122e6051100ca2bed2715babd3f8dbab8,b1991727162fe94435d80f93ccf654915a8a057f548842e03aebb3728c2b0a75,1766431800,1769023800,False,False
profile_0181,95ab10933bee4f0c3f1782d75c5511c8471fc8230aeff3d368a396cbe4e420c0,56229cff39f8ed151fc36c97f19b90d5358001cfe81dc584aee2dffd3c3dabd5,1766431800,1769023800,False,False
profile_0182,0dd99d333b77aecc1d5be52922e53bd3d4520d2aa43cb82f04f887d0524b563c,72693631b83cf49eefbec5172cd26252a3bea25d77f7da61862b77e1ba7f119e,1766431800,1769023800,False,False
profile_0183,7a5d4aaa4d003ea2999de7853dea69e88350dc5b5842f250ec3690e029449b96,dc5fade9804f0147a8216a99a8614cba4f8113427b4f40716a631fcd3aad09bb,1766431800,1769023800,False,False
profile_0184,5848776491e9d7ae27a90cd147e7b27326256b706772bab60d6e7f601f9b50e6,eae6def0b1852512f39e698226d65d6efbf501da6a09b545e5a96f899dc26788,1766431800,1769023800,False,False
profile_0185,b22e72767c1ec59fa519274d60172f8a165463bf3e9251708e48b280e023d693,f0596acbc03feaf2c74ecef9845fe20bea0c20a99650860cac1898609bde98e2,1766431800,1769023800,False,False
profile_0186,984a723b9008f95ae0844ae6ee2b3864f6b14662c1cf2788cd47268b34f30d11,3fee6111437369095e56df293141fe0c7ea38cb7ab64870c3edb12d139b1e1a4,1766431800,1769023800,False,False
profile_0187,678e0ee86768a13ab20fce9f262cf88ab207ed1dc5a0786e85d698f0426a3355,8a8a50b4c63190ad748feb2b9fd289f8e5f570a10092755b513a85d0d0c2d30b,1766431800,1769023800,False,False
profile_0188,8679b1a0b24405bbc75fbc55297a97b1bf55a723f3ddae2a0e3c45cb6ed6ede0,c2b63ebb3f1ead8dd74305a79db0e8a6b8ac022aadc6eb1e60ad021d78454d2b,1766431800,1769023800,False,False
profile_0189,9c16bd9e2015d47ef3e79088dd61d0bde624d6e49a03ba92a381e1c99cc868ff,28daad46fc37fbc41357a7b8de85687291664e5df88a8188d1f3f09be97d3a29,1766431800,1769023800,False,False
profile_0190,252ad426b87d9dc06004cd4ffcabfcb4e4fb9c3f9a7d50c7b64373be2009a424,b9bf9d3729fb1a5031ca9dbe9ead407c5f98f3f5b9871f94ede54cc336e284a7,1766431800,1769023800,False,False
profile_0191,fd949508c3085d34554ae49141e7ccb6097e30c30492757e7ab673e049c72fc1,55c785d0b4ad5807e901728ba761058b328d5d211b4cf0e9136847d3f529d221,1766431800,1769023800,False,False
profile_0192,60ab925775b4581a25eb3dd28cd756899e5c521c2e73fa60e318b1d86cf7fd74,417cd04c5b9010ee5d57eb63a03569bff8fb24e4138539db0758d5fdfc99287a,1766431800,1769023800,False,False
profile_0193,d718a320b3fb9c9ab79eb4650ef895809c8c1bcc874e348a04fd60269cec817c,c914e00840a68db28463bb62e04d2e540bb420253e1c3c6c3753b7f645463f7c,1766431800,1769023800,False,False
profile_0194,2e38b03a4349b1684b8be5b8ac0e9ac5815054b89abd1f035e4022a4728a3399,3285fa66dc0549161c3472b000312fc0a7636bd497ebf71d535fded037658579,1766431800,1769023800,False,False
profile_0195,f29aa6b1a327c59023fdef8a198357b72ae775401afd599944887f589316a9d3,1568b224139141bca2bfff39f4013a55867611693c740d198c4e149f27f655bf,1766431800,1769023800,False,False
profile_0196,0a307d2efdec85f5493790e867abaf57252a599585ac333ac7329e6616d8706c,a3c7e3bdced6addc7ed3f036144ce00930d30f6667d4be2b73738ee3729c53a9,1766431800,1769023800,False,False
profile_0197,2e03467659c1b5492d2981f26a616d9d8b094227d9286fe98c281396671e9d23,aef74a66d6a8d95ce2a0ac0d0b2d6ea38727701fdd4a6128329a659e9a8b028e,1766431800,1769023800,False,False
profile_0198,bdeb8181d1accd19d843889ce03b8a416edea2046766e1b93b8343dfaa6acc97,618f4f30594a76b595f32c056735826b25748497ccafd0a11de1fca9d8146c90,1766431800,1769023800,False,False
profile_0199,cb4d9feeeb9b2a1a6391ac90ef3b33eb43b557b284fc42ca77eb28ec24cfe405,b99d6a4431b8d0152b7a50255efca1878b78ab4fa4bf745bee388a1069cec24f,1766431800,1769023800,False,False
profile_0200,47970db57e00c0a669cc0c27f06b70c55ba287931effda5f79ad519b88d7a411,10156c51bd9efd4b21ac588d920c02438c84f46c27561d4a3a5bf5d5408196e6,1766431800,1769023800,False,False
profile_0201,f5d3936c3250cb131c9c87bccdedaf1a27ad32ef280d27d7d50ef2ec0abb22e9,8e8d81bb1fc9137d4e825fcea126b690706174b4d7fddf6e4ed0c575e1446be3,1766431800,1769023800,False,False
profile_0202,96356a730087701f2d2bfd1c6456643c948d1efc598d5f2a6d06c2d6a3b9b22f,b5921d05b5eec78eb2fbae8cf812081781d76099c0f93b87bc049aa1773af1e8,1766431800,1769023800,False,False
profile_0203,b5e4e91fd6cb65d6384bbceb008c07553e87b1deb5cfba4f3692d2847299363a,504bd9515ba6928d4e4211f6cc220ab38ff184bf736732adf3a64a951efa1dda,1766431800,1769023800,False,False
profile_0204,a7d35d978ef79e9b940a2566ae2d1a61c8db040e342587be887ccf55c9e0a034,64da95d0cbf85813cffaa183313603675856efe722d9fc863aea634119ce9028,1766431800,1769023800,False,False
profile_0205,b3cd87cd3899acc974902f01997e8d9aa8336055229f401d3e62ee65f3f81c6a,3ef2ed2ceeb57f7e2bb3a72ae11d4f8c856d859937df3c8da7ec2193dfd44757,1766431800,1769023800,False,False
profile_0206,18c2928959860fdd4aa87beb251f47ec8121aa58861f3877d1ecd158da21187b,4b7310abbf7fa202f135fc626e57af81b731638ebf93e0c79c78794886b515c6,1766431800,1769023800,False,False
profile_0207,a1e1ccbc5ad91feb108ec4737f1a4a96aab37f39baa368086b13d373faf2a9e9,c71ef3f185640f747f8e6771235bbd4d905c4f200d5c3642af03274874454607,1766431800,1769023800,False,False
profile_0208,b2340f24b5c48b3f97b2272d18b0df93c607957fb3145f2ac5b23e6bf44dac08,f104a45b33a89ee76d662c0f69fece15048c46232702e36e901ae4285d902d48,1766431800,1769023800,False,False
profile_0209,575733eaa0b4bc4fb0d8c55c1c91cec73e70a194eaf30f479512dca1994a5838,9c1bffa0a22581d54881db2572605abdb33777b17170ac772566d89a7efcd69f,1766431800,1769023800,False,False
profile_0210,9b285a03713f7236d495dda9306ce283c6c3932d5013bdf953b408f6684d8075,b3e50a776fb93a425cb67bc6c2ad626088d5c799fe765018a7f416c3f92d2059,1766431800,1769023800,False,False
profile_0211,b0c20e269390ab8e75ce246a556152dcdb79d9153e54fa88bc2633ff67f5382f,182f9ec9454f092edeaaaf09e2e53b8a2f6e0d2a5c979c016eac2d2532c9e209,1766431800,1769023800,False,False
profile_0212,30da8f804651b24c00276b98df06584f8cec2b11dda3b665d668fdbfb209426d,66d02afc4c860442cdc0b2f4e964cbfd55f040e8b471c47dbf7ea93c9b885195,1766431800,1769023800,False,False
profile_0213,7a5fbc35b783beccd2e2e6e53d6d71591f0884349d0ade771ce9d030306dfe9f,433facc4a159ff25a6d15253ea23fdd820d67f45b0058e93639474334e5e0dfd,1766431800,1769023800,False,False
profile_0214,ac515b09dca5b2601d61d9788f1c29d6a76d9990125c63961148d2100083464b,6d335210f414cf13c9c3d9a3d6b14f8897c8da97705c9bade2b8a892b26988fe,1766431800,1769023800,False,False
profile_0215,4dfa88c67295ccb6aebc0a74f1eb1387c1703e86f519d288dbd3d5707094287b,b88973d000ec770db1ee474d4ffa0a0256df0b9cb2460eb16216e382fb66fa7a,1766431800,1769023800,False,False
profile_0216,71689866dd2c3c7fa596448fb263eec33ed3bd2783fe5c1a80d7922e07cd9855,15fb55e925294fe7db6ec0abc47935a7ffbf0fe37d1d7eb1e208529bd59fdcd6,1766431800,1769023800,False,False
profile_0217,9cfb9ddc36305413669f34f282bed4c01f33915f0993b545c9854f45d2ffbde5,e22f8c0f9dbc76ba028c6903fd5b2d0fb0e4041ce30ab03ebfd6c973cedab3ba,1766431800,1769023800,False,False
profile_0218,6d27dda4a1d8cd867bcda268e0effdcc56b87f0636409bfadb9df9271f67fcd6,4eecec2afe4f4f1cf1d5b278c39b6f20a1739dc208bb7ae74e009a27aabc4f49,1766431800,1769023800,False,False
profile_0219,b1f449b7864df3dd5c3dafa807ac716840c3ef0638b13d8df62ad33842d7fe40,bc73b04a42965f9b0313e5893495bd2ff33c5fde7efbe9ad7f60cdc0549a5e02,1766431800,1769023800,False,False
profile_0220,d7b7273bd6773432ba2901acfef66881fcbf0b054721559835dca61af87ada56,d57572278e11e6512201903b4cb7e84369acde64a2032f1fa90b10c85fca4b77,1766431800,1769023800,False,False
profile_0221,ee4cc7cce40cc791421ab52d329c30e3605e1aa75b4e858eee8bf93c073587b8,04557927a341ca5773845eda2f1872e111a6e9e55bc37cffd9312b472cc20e46,1766431800,1769023800,False,False
profile_0222,a1fd7419221f29ce5f88403e57541dfd4d7ce6b81f256b9a77ec0edb2dbb8dce,e916f137e1443da31f3066de0979512d708be5e08b9807cd2310e516f493318b,1766431800,1769023800,False,False
profile_0223,ea4989d48f2f70f6c3d1ad65f3d5c4f1a4a007abb5f01d24d4d979348d530968,3bdd177843d9fd62308cbee50ce017ed2b4b42facf7f29fb1fdee88f5cba88cb,1766431800,1769023800,False,False
profile_0224,deba0b4b3603f152af4376e5d1b740160618540349111ca206e3e315a03e64bc,f8338aa17525092e86ee40e6b7125e2cbb4224ab2a15e718dcde5a84add8621b,1766431800,1769023800,False,False
profile_0225,9608383554ec1ed992d0ca066f4e6e1f7c8d722e92a35ee0233642951cc596a4,80a7e2f64b56604577bf63e32d783ae6bf9d5e82f823e741ae08507005c7beb1,1766431800,1769023800,False,False
profile_0226,bb7ae26b51d035b4012286e480a71ee92efb43d1c45af09f935781570a4efb55,7a716e823f9d157e175dadbda1bd182e8a25079e7bd3fb9e1909ff16c2fec27d,1766431800,1769023800,False,False
profile_0227,e9926942fe3b3ad381853361c272f15cd6911d97762cc3088bd19f4413c6a5d4,5dbd19750890b40dbe0a642bfa875770a21bf12e96919d5eea70a83cda1bfbe9,1766431800,1769023800,False,False
profile_0228,0439c89f24835e58a533cf68ff041ac6ddf6528d88b3dd5ce1fca56f34f46edc,79affc55f8fd3a0da22f846bbc2425cc8199674f81d27f1d95eed69bf9dde31f,1766431800,1769023800,False,False
profile_0229,ab1b624b62d73138f3d5cdf2f9ed7bf955ab7bc36b459ec71775de2350b23e1d,f509e6fb8da4231b20b447f4bbbe837cbed15ec4a1dc433c60fbb25e39a07e51,1766431800,1769023800,False,False
profile_0230,c9ea53de9dbcd690774ac87c3a0841fced5f01e5d6be97787f50c3ccdf929e2e,d6b95187b65952d74118517b068d37d7b13b6812f73265d599be44dca57e1cf7,1766431800,1769023800,False,False
profile_0231,d0cada6c716f1a7c728cc005d06c30830d0ac8440832dfbd278aa88ac18fe7b2,258d3102c483f73f0b8c49bc88c4fe0b825d118308c02e84bf6e6cafd84a0691,1766431800,1769023800,False,False
profile_0232,eca02ba218850d6766ed0442c85cd037f5d6ac23154522a5eafcbdd5edc9f46b,ec2830dfc4dd7336042974a497a73d9736740d46941d003a87c09fd41ed94ba7,1766431800,1769023800,False,False
profile_0233,03c801fc99dadc21b9a193861ce88be66c2cf32b61eaf3b0d6eeb5452423e5ae,422e7ab82458b93ffa67c433f785146505dc2040ac19af2d0b99dfa1bcdda5db,1766431800,1769023800,False,False
profile_0234,4a40b50445db94d2917c0fea7fe8978754ef241e2968a7d06395969328e0827f,862b3e4c075562e63cd5421d6f754d82ca35b5480cc1ba3d5a3ca743fa03cb41,1766431800,1769023800,False,False
profile_0235,a57b284621683211109cde8da456be67987cc3a6e5db597f79f569d44b325fb8,6d0cd32d6e2adc255e6306ac2c98f2eee5ebe6ec84041eec80a940dece6ba331,1766431800,1769023800,False,False
profile_0236,5606d83474be481b699fd0025541d823d4ef0a231ac88043389f67e61e3d3944,e6160bdef9c97c65ef7e662350ae7f48a8ef0529808bb0212a7f4753091e7b1d,1766431800,1769023800,False,False
profile_0237,8542b7dfda7270bba710f09861e22f400b79bb99ecb612a2f8d73faa34bb887e,15f5b89f4c9d7eb6032889b1a5a5ff8a6a3c29fad040f2a6e824ef604c58ecca,1766431800,1769023800,False,False
profile_0238,c621e52c896bc392ace616ea902d8ed6998b346bd48b8567db5d1562bd725ac5,43163e9822f4ee72c8c668a76132e9e026743eea0df53eeed9e96d7f2da9f984,1766431800,1769023800,False,False
profile_0239,79cad7842d8e0a6c3ff6050c8150975afb8b912a359768f56ac5efbcc0ee322f,30064dbf7e0c48af5be130f4e003dda0c1c335312f3b7c556f4af3e67bd9a830,1766431800,1769023800,False,False
profile_0240,324b3215b4522017232d689a72555fc51933cf3e1cd0781194e0a8630acf4ad6,59dae676ce1452287ae59e4cb96cb0c5b4a737ccc12d1ed83a96973e81a33a70,1766431800,1769023800,False,False
profile_0241,27d5e7490ae8eb6fff5d0d5ba31a5fea706413b8ba60b6b8262b104ce77a439c,660d78936028da74d25b0cad36a0165876186e4cec02f55b62d3f03725ee369e,1766431800,1769023800,False,False
profile_0242,e2e4ff9035c505f36170de7936d08a656e5ae6a9970a3ff4f512d4ef95718f22,2ab58e92d2437c557dcc573d725d2929fa1c0bc2d111e7c84cbcb8e580b485cf,1766431800,1769023800,False,False
profile_0243,44d889bb375dd77b20550637f9e61845239efb07ee22338a93bc2343d2bd7929,ff4767f2e7cf735a0baf5a5be56e801599516cebba8d8ef89b7491e2e15ea9f0,1766431800,1769023800,False,False
profile_0244,e2065798f37c6ed7ea3d2a0d502faed8bddb117ffa5d8af46cb1ca98ea979827,4537037a885f4a8cc83a8af01da1db8bf97b69c77d0b4af84a7314401b7af952,1766431800,1769023800,False,False
profile_0245,e1019155c8b8929f99805ac5c19d6779f4054a1b48882958c83a3c132789fe59,8cfe638584c1611a26da9eec95296c1e3c52fe6366ca84d6326cfd4e20aefd6a,1766431800,1769023800,False,False
profile_0246,10946aba80d6ac69d884d87e3c0076b4aa233bb06746299929d8506f18b0ad75,31c4608c016a442bd3a1e21c2c75bb24665fb4ad35ea106d348902ba33add43d,1766431800,1769023800,False,False
profile_0247,2634143f225f701382b0b0d1f16de813e484a6cc6b509900aba0d7b1b225bbf7,bd66f40e996c97fa10ecfdc8ca2e1c7024a0958796d2324b4fa0aaea71e0919e,1766431800,1769023800,False,False
profile_0248,dd4dab4565505801615b19970b5a641a12c9685c646689502bec7117babfb3ce,3c4a018be3e96f79625da731870c4b9722452db8839de8b1c7ddac197ea7512a,1766431800,1769023800,False,False
profile_0249,fa0fd5ea301b4cf6bc8b062310543eca49c142f3388ec8b0366f2d72f0f57385,6fe8637084198cad97ffe723339fcae5a920224b75672cf07e9c9ccc243f040b,1766431800,1769023800,False,False
profile_0250,2edf642f0b5032163d05ba8a4fae4af5d76079df520126c2071773bbde2f92a3,7c6334c6167571f264a7d83c42ecf1a70278c298d1b378a249b99742ddb68775,1766431800,1769023800,False,False
profile_0251,94ca7ace502c50c2d606a6a8e4d55eb9750939b1cf9b21a3c5e264d9c71407fb,e5abf615480de7afe02c7944ef06f40c505d3ee301e4fbf713102afcca321982,1766431800,1769023800,False,False
profile_0252,183eea3fd1d942e758f44a7d0bd58ba58e2ea1383aee73b199cfd7fce861350d,380faf353a3a5085a8f49b8b9b300776c7a7b50a4f41eef95cd25969e0e4cddc,1766431800,1769023800,False,False
profile_0253,6cdfadf119b67fab2ee0170a1f6d4e0b0993a0b40f749896c612ddec90a1d5ff,825af2bd0d52b83d0b29c61d073e561585d89cc237aa83e160b289bdffb5d8a3,1766431800,1769023800,False,False
profile_0254,962f3a2e1957498ed4db6491554c2479f9705dea864117500dafb0084e91da1e,af561005576d27f7bf40716049120bc98501b24c426b3c67bc13bc7a69177344,1766431800,1769023800,False,False
profile_0255,74228ab2065e24bb88101f4c722b4e31af3aa5ec471f831df14597f83aa3f86b,bd9ffdf54aae62e32bea368c5b469d655953e79fc79ce101049ccb2fa5832d9b,1766431800,1769023800,False,False
profile_0256,d672bbf1dc859bcb511a6679de8cbcbeddd3aedc73c90c0ea66334d8e24b8474,5c93cc4a1f04408c4d8885d864f05aeab06da479c0c56421fecfd29d3f98589d,1766431800,1769023800,False,False
profile_0257,9191b051ba45be85e9cd33d4660201a5105579090d5e71a69e24a59897cc5c5d,b7a4f55b7676302a1d895d52b9d79bdcd9b00feed37617525be85a52d2e9091a,1766431800,1769023800,False,False
profile_0258,e2dbe13a6b8a888fbb78dd1e2cdf267b6134b31382408fe224fb3fb2aa74bf87,abae5d926e4d8dab6cc9cbd14c019b5a1a34cd3328670a0dfa3c7bb9e1019a70,1766431800,1769023800,False,False
profile_0259,a70b0257d97be770b6508ab9d65b8c676b31bb1026a08a920edeb650776fd1cd,72b4963dd3a7a3d463e75ee63117603936af47a3377fe1c0b68d5463849079eb,1766431800,1769023800,False,False
profile_0260,f0191c8a03aed4895cd56ccad53b62a998c399518c1de4bcd16a3aa0a0bc2985,573afcf787188e916209625bc8010a88105ba73643b1dd6288d9b51966e9d54d,1766431800,1769023800,False,False
profile_0261,0f70cfe2ece1436da935a99d6b246de07d3ba33bc1ade16a36213f06e2e24176,d61ba4ea51f1be0500c684a43efdceed994aa376994700de672aafccf511dc54,1766431800,1769023800,False,False
profile_0262,a9ccbede210287fd9de97105fa900f00f672ecdf0c277b2f8c6c688711754b62,c4819f24a5cbdbfdede7240ea856be30f866e610a6cfba61f26e51a93106101b,1766431800,1769023800,False,False
profile_0263,9fbd66f05f36beeee20e7dcc7a77ed11269c78ff2da36d02f33fc8591cb07c0d,eea25ad9acd2fc003142ddf6f811ec455f4f1c4532a473d4f5b2b0d9bf6e48ee,1766431800,1769023800,False,False
profile_0264,bd7366c4f0c7aa16dcf1e4663df19f09f420d97aebf2d27ab832a4a00f81ac94,59878f8ec5b5ff87e1e13d8b10e467b82f3dff8c0fccac1361b37af01dddbc70,1766431800,1769023800,False,False
profile_0265,b74da9dfeb468d45eee4ecfb7829f6650991adc49d9b791798c3f26afe5f1c56,9c966d8f440a85a22546d182afc5db3d6e0ecf51b6e4447e41f35d5807971461,1766431800,1769023800,False,False
profile_0266,660dde6b53d1c3858431d2bc402a76bbdd7f203db04edb000208481cacada177,ff53c9f71296ecfebddd2f93b22bf8d9d260483e50c0a87ff09bbb5535a7754c,1766431800,1769023800,False,False
profile_0267,8d84c85a7761084c9d7e8849f18752da43d9da4b91802eb7bdb7cd3b24d1cf96,b5956792e62b3d835a9d218d3b1f370d8645912350a104372df81ac4255fbe1b,1766431800,1769023800,False,False
profile_0268,989ec60aafe1fa46c0629304b4fb0be9ed5fdbfcceb78b0b488a826d8e11061c,85a9eae4e710d21d5bfe3017d0ea97464d6f4f7a1a7ea5e7e08606b6366ad15e,1766431800,1769023800,False,False
profile_0269,303b636278df4164575dfdadc323db1f8b7cdf37baa8d7f4f9a730f3240749cc,c24cd5c6152def469bc0d7cc00e9f3eee12c2408ebd6fb47f0f976d1c48c7adc,1766431800,1769023800,False,False
profile_0270,3ce84dc9e4af4c42aaa3e3167b7dab96c592e66a26037afbb7e50de13edd5ae2,f3c87dd7210eedf7079ed3b59682d36d76a57ea20d703673a6d90fdd9509d614,1766431800,1769023800,False,False
profile_0271,2df5d9f157edcd990aa0a7773d745ae74c87089de1383bfd98bcc22ac65e4cbe,96fd67af8fbd898308efb7d3696cf3dea5b2f5e9b85e4b3c8bf47ae32795d536,1766431800,1769023800,False,False
profile_0272,333abdfd03f3a2103ad64e3b47f6cd6693de56f15cbf7bd63e3e4fa63595063b,740d7489e62a67e852cb0b15507252a5e0854be18177e9a10e0900db9a1c523e,1766431800,1769023800,False,False
profile_0273,74a3949bf2fca4d4ec8d3f836d85ce1e492d0d3b6a9c040ce1f0302d38c35362,8f4b724a4db417872e27a18b5fe959586f67db3de386d3abdc6a581266d35147,1766431800,1769023800,False,False
profile_0274,d9c87138a8436709f06aba2ff9a90ff502d992c7773782d305cfa159043effcc,fdb35d857b41b4eba0cae013dc2572191cecbc7d5210ae0df488ce4bb1b2b704,1766431800,1769023800,False,False
profile_0275,04c7ce0e352039a12e1c17f8d6026137b0ca3fe208b6ac84622c81ed13f4e698,d89f0c6af8b108e72c914480d9c72949ffb0bef76961bb2dec7a6d575c8a76de,1766431800,1769023800,False,False
profile_0276,7947b2fef07668863c66842c7aa79e42e91d7065a249e783b1ea1bc25163be7d,2539115526d71a3ebb58dba05134a168fde44cfd06dfce93603a2e3165b4f917,1766431800,1769023800,False,False
profile_0277,3d682eb290dc0fffd7b865270260bee59f70dad0e21ea076e5ef74390cd3789f,2a473a158e70f71bc97c8c37109969bde9d513a5c1b94cb7a29c82f4d850dc56,1766431800,1769023800,False,False
profile_0278,771c4c397c8374bfee27778958ecec0848e9ca97439219e58d878094644531dc,3781236388c0ab4b51b3b71ba1e84e5989d3896f15e54406eb085105162f3423,1766431800,1769023800,False,False
profile_0279,61ae6b170a451a756846a1e0b7b32364425dfe437aaae045dbe327211c7e077a,61da2573ad1d053a41f8133a28428d5b57ef48939509453fccfecec15ab3f483,1766431800,1769023800,False,False
profile_0280,88fe84e3c2445c0b9893a5f4e15a29da4b65b4dca970110908723ccfceb53c54,d6b4ef21be75f75a0ee8720e7e46967cfbc32bc31c80b9cbb9fad0ab65708e9e,1766431800,1769023800,False,False
profile_0281,27f0bda718a67cee04fd048d8ae536bcbac34416e13c0948d76390687b9cad40,b86fa181af5ac546243b375e16121ec14cf5efaec363cd223da8b16ae7c0759e,1766431800,1769023800,False,False
profile_0282,ce83685f25104d0147397f42fa541ab2840f32b9af147d0c59b6f17e91a35888,045c3f307d7cd01b84c3e6df1223f573c053e77f3373dde2bd65eca1b0b8b466,1766431800,1769023800,False,False
profile_0283,c571bf1424a04df63bed5d38af26061ccc0beaae1ba3fce4c44f7d13cc53d1fd,6c947f804d927d6a8d63a986455b70160854701b141854f343598ff7fd528736,1766431800,1769023800,False,False
profile_0284,50b2e8d97194bf0f27ecc17e2c2506e2dfb8077b3dc11d845c09a897724811e8,8e1323beb7077cec8282004d637c3c280a4b56681ecb0ebcfd1e587cb397e9ad,1766431800,1769023800,False,False
profile_0285,b94a1ed342f5419237060a59272c80a9617792ad2718358b5acfd390cc674fdd,5e45c1783b806173ce90ab31dc6f5dba4bd69aa47dc85434be32c675ad94f1b2,1766431800,1769023800,False,False
profile_0286,ecf65b442085e1bb05e5ede0d7507185921c24cc4fc93fdea74c90a85b08cb3e,aea55895515fbc2cfeef588ab6ee57c354369b3f5da8648b7993582d1239d2ed,1766431800,1769023800,False,False
profile_0287,60b9bfd93a7a47283afe06de2ffb0f29a84657b50c9b81556a8146d62cca1a3d,063d861aca9436de2df12f85155f374e48c46ff80806eaeda963e1a39c250fdc,1766431800,1769023800,False,False
profile_0288,587d8db2b4661aeea9b41dae63f1171bbe505d9e9a0ef1b2a509b2c0bbd27030,2f44065dcc11d7250589124a1a741aa3b62f37f627be79e2ef7ad60068641f3e,1766431800,1769023800,False,False
profile_0289,06589a2884f8b2e1eabe80e12cc218f6392331dff80a2977f2bf7c071ed40ae1,860fc68b08b86668a23a1beacd76273a0ce341a15fb7155fb412bbf89d2304d0,1766431800,1769023800,False,False
profile_0290,16ba68d3a9315101899dfd209f0ae8d16a59ca55b42d873a9d8e56be26a6a0e8,76dca4e00439ce3d47dd0855ddee41247aa90ad9493b164926eecac9eb501458,1766431800,1769023800,False,False
profile_0291,9e8f272951684900634966d101ed618ecdbe06d54ce2b2c1dc67e9810b663942,198e0d079de7da09b6d616d3ec99745b99e615458a9489612cf0f1358397b9a2,1766431800,1769023800,False,False
profile_0292,2681a201c1277131df547b490c7687152decee9d9a26915370042ffbe8f4518f,58ebcd0aff80f5048e148637e9aab7585d4ff059b8a5ad89e00456fdbc9a72ec,1766431800,1769023800,False,False
profile_0293,1088bea167f1a71dde7c8242611b6f60bb324ea2bf915202577b3c8a6cf994d1,50ca93ecca60d5432ef4f471e89957a53f7506fbd9f62f83a4629d9fa26ae0f2,1766431800,1769023800,False,False
profile_0294,a2f2a3c7ef03e2204515631bd22989489db9d2c2c6adb7044972908ae854a76e,761d5c562efa65560f2b82755935ab1f20f524280ff7cce6850d4a7d9e6abfef,1766431800,1769023800,False,False
profile_0295,dfa486f6e13312d73eef84579b0564643b82f3a14e89f32ddd6499ee2468f2c0,0d9e3b5d0b5edf58f5923894de8280709ba3a769cf818ac75ccc0d64735321c9,1766431800,1769023800,False,False
profile_0296,dc133e1a1541efc9c334eeef931b7b2c5f4719b0e3b156c5f1c45d11431d82f2,26347c7828c22086809846e77a678796a991f5ac62ca2c06bc67342db6eacbb1,1766431800,1769023800,False,False
profile_0297,daf20b4dbfb8972a10c44ab50b3a5fc595e33d1190f964b5891f099575233c79,2fc49aa10631d61e02df8826be6b6754698821c6f7d9a44d79eea68e1519e440,1766431800,1769023800,False,False
profile_0298,c0ca8b5815e0d30ed951f49e772c1f13fabfb50bd1d837da31091ddf0d5d7afd,8b86b37a7729abdbc90d6cece19498d17a2f4a3e37d0ab0a83b4c0de66d9adc0,1766431800,1769023800,False,False
profile_0299,bf9236f9aec211ad1c6108f8cb522a72a32ee9bffa62c7a5e2544d21b3532a98,d75128c336fde40213a568ba6fbaa43081d68d8923a8acaa57fc53442f65c876,1766431800,1769023800,False,False
profile_0300,7c891dc2cb69346206544b061ce0cc108ae3a90520ac4ed2851ed8526e7b305f,4ab0dec467a093822ef56c7cf9e0fcb7d7ce3286625652871bee7e927b2318a9,1766431800,1769023800,False,False
profile_0301,4eb8177d9fef9bd1b26b39c5ca69a4403972ecaed677430019ae2672e12db028,ee3d7bb79d9f11f08f9befb5afa6d8e1e258e20341a7921ca871a08f9e43621d,1766431800,1769023800,False,False
profile_0302,ad650c46e132f2771c8d43ff03e2bdf1d0371a6d625c291a8c198e73e87dadda,63e37e38b3b72ba65aec03d67cfe2f91bde36ae3620b1ac68262311ec57a93f3,1766431800,1769023800,False,False
profile_0303,2640e3290e0deb8676a378cb1c8b6fd39c2895b14a44624c735b84381fc706d7,3688862017b7f4bf132388499d9c4faedf16895224d01c372879f745a012edae,1766431800,1769023800,False,False
profile_0304,81ec1615aeb6d7c5cd3335ae53cce43a150c8ea7ca2d9f211a56f445c2ce38de,08167dcf007ea622904203b11516520f63623a9899c5129526038aeed7ba3ed6,1766431800,1769023800,False,False
profile_0305,50cb6bf37dad96f6ebbaab26b76d03085b7ead6edc8334bb14d090f12e99d6e8,8be726101c30b4a2a4c13387e11b26fb147d031e5214038a34775bb4d9d295e4,1766431800,1769023800,False,False
profile_0306,cf3f736b64f37bdbba6f76a353d0eaf605bfc865928695c2b8f73246c47d3a71,005577a156d2f6b6c7a81955f4694cbb5c9ff7d18d77dd78b2f072555b1cf24d,1766431800,1769023800,False,False
profile_0307,82f5e5fbfa15dc4f001dca6839321c527bafe3e4a5c373b90e4ede3aa12cefbe,170a8f19f4fa0e57b53e2746002ff1a7903a6f44c63dda21d01890bdf50d60d6,1766431800,1769023800,False,False
profile_0308,bc078e36a2bc4a333f67f807f04b3dde18a3d3a6174305b70bbe575e11671090,b466e579a4d42575e378babf842604d6550a45c77f2e62c1e2a5d43346834ba8,1766431800,1769023800,False,False
profile_0309,0e9546ddeb59b678cf4824791a4e118b4786dbf73b54c428ad997e2fd8c32534,386742cf1a40738e4e5f69cb0474aeb92667392391f1838f0e42f2b03c59bdb5,1766431800,1769023800,False,False
profile_0310,90165ede5c8e5617340dcfc6072256274e225bc51a442574adb643d8314ec587,8cdf31a1e6706ceb9944504d5716ae8996451427fda3c940ea2f9f54bd6f9e0e,1766431800,1769023800,False,False
profile_0311,f377d2c2c698920482f94fa05cf1facbbf439921ab974e4bb4a2530817166ee9,19006eedce00555a3af0e00d3eccf88d2fa7d8100d69a9cd9e30b953256de7c5,1766431800,1769023800,False,False
profile_0312,3bafbceb79d1aef782cbdc9d933b7a2f2ddee9cb0e024c76980c457bddba5000,22272cdcbc145a2bd9325c43f1b6c2952f2aff587b24c3aeea66d9a1323c8b08,1766431800,1769023800,False,False
profile_0313,cde8071ec6f92b99102d0c207d6f789beb3481af53c75e3fe386286e0822f48e,fec606b0745e40884c3b893d376723af4aa438a556fbf8e88867ae7894c02f58,1766431800,1769023800,False,False
profile_0314,a5965533afffbc39f823d97dbbdb2b293eff6f10d5fac9a6f513fc94f4d96f53,ad2715130d7cb7639d89d5bbf53ee1473ca3b1fced6f600477831ce13dc814d5,1766431800,1769023800,False,False
profile_0315,74c0dc4481891b9757d52ccc4742e96e8ae1734f3f74fefbcc4e8974d0ea4a26,e96868c84bf8df3d9dda9571e8caec0d916ae8f300f6b186db8112fe3497ae45,1766431800,1769023800,False,False
profile_0316,4790f90214efef7611e18b12dd6732ae3f757a64517142656d45dd7aeeed85f9,ffc2a1a261b16033e1fecd3d2ca79b591f1f6dbb9fec10d1b345475fef5aff8b,1766431800,1769023800,False,False
profile_0317,5ef29a99a5a0cdb81f66aa4a0a1830a82c55eab1d8a2cec120fb30dcfbc7e0f3,f453462837536f1f07de5b58fef2cadb17e8999049f38f2fe18c2c062d293fe8,1766431800,1769023800,False,False
profile_0318,6550a4c7a8cd66e88775240a0ac36ab9d580027bb20ec9bf57b4dc1a28265b25,1cc04a3605d7cdc14ad6b2a0b65fa061a296d5dbc97055b651a62383814bfe4c,1766431800,1769023800,False,False
profile_0319,90a9f63d4b9a501a78eb95fc2dcc26929f967a24cebdb3044f22b77f35b57b7b,4b61cc4267cdf64ff3d43536d0d1cbf4d148cdddbf9d6d2814d22a1c95fd5ed3,1766431800,1769023800,False,False
profile_0320,55743f9e5b78d93593bed4b3a08a9458c922458fa7239bc69f578002f1f0f4f0,a77047e8663ede93b4d5d3e87a60de66955d272e54e0882a10907b4ca7b80a9c,1766431800,1769023800,False,False
profile_0321,fbf7925360df891201c08884e018c488206b7e16e8b6ede1ccafc2599d471f15,ee9abaeb9cba6c23277cb45119c2cc11ede4066ac2988240f1ddab04c7ac57c2,1766431800,1769023800,False,False
profile_0322,a0ff7f084c5a13d373b81d1499de985b95c39c6566cc7452c1a8f921a53c3bfa,3ba632acaf60a5dcacfd550fb062def3bc8679cec1f6ba6a4944d3ca216ebb1b,1766431800,1769023800,False,False
profile_0323,665b4a9159806b33adc680b0792875b1f13ff3cc8ef049d2e10b3d3369008b0a,2163fc157293051bf6181fcc719a3cb75db0de7a7ae371d34d3ec77615d0ad21,1766431800,1769023800,False,False
profile_0324,7623e02aab619eab30f5c41a67c798f3ca17eda23ce1cc1fc297dbb47ac26ee5,d17517df960e3f9fd0ca9dfa038d0703069f51c1b4dda99d9facda9e7301fbe9,1766431800,1769023800,False,False
profile_0325,8507160808484398059babef48ccd99d66fd4d0ddee8e99c9f65928a2882804c,3bf9ab52ebd038e58ba6e7a52413b072dfd9841b7da821b5343d0375f961cc7c,1766431800,1769023800,False,False
profile_0326,71fd84b5cb6269ef07d5f7de478f85f2b166ceb65bf713a03d0d3ecd53648ec8,ee43be24c078b636faf2b760fb27e257978052a4f8b56d1823901fd08f76c6af,1766431800,1769023800,False,False
profile_0327,3d35e6566ef0bc9cfa6098d07e89017c06688214ca812ba953b412e5cf80918d,7a9911b7f816a316e6a39214b2067d1e6ae70c245ba89045e4270f982705d41b,1766431800,1769023800,False,False
profile_0328,83032f8c852df498396d3ad11540a9c89921cb737e831c7b0282c1a47edc6e0a,76bc80e916feb590ee69f7e19ae376b549d5cf2d49c31f0139992541bf578ce8,1766431800,1769023800,False,False
profile_0329,2853c286bbdefb29697349bb0d904870cab3e514d13b8eb9f53b730f0b1ce197,88338c40bc6cfb73d05784a30ff2b84bcd22cf55f6ae8c0c1c9d46d32c3fa02b,1766431800,1769023800,False,False
profile_0330,5628423f0bae79a68cebd7281806b27a2c352ddff244a19d79681e38927c3a54,044ddee648dd7973c88b1537d0e11a1a79a6a806540ec606bb70f766a9e9fd73,1766431800,1769023800,False,False
profile_0331,364ed2f9ede25d7863cd3e56ac1289be87479f2edc6e30df76ae29ca3409046f,65abe40595f7527dfcb06a26ec1a50d65580233458d06da9f27ad2b562176b14,1766431800,1769023800,False,False
profile_0332,b612a1a81f692d0b32c1897f2b5f6329514e2c8ec5275705919b1db8d23e3ca7,6224c5467d5034754f392f5c777606c82e16a3c5cf481abfae9e4d23206a39b1,1766431800,1769023800,False,False
profile_0333,95027c3a249212555fbd0fff37e1df8a680b8cf93a64477e82be7ba69bebde14,530efa7a34915d5a50e1dbe96bb6059cbc134696c0c0e1862117f3ce7c9ca465,1766431800,1769023800,False,False
profile_0334,c9361533f2223c67227023aebcb176385c987b12b53f1c6bbed7d807ceb41d34,4539e43a0ace05970987d4ea2f5d49041a2c09adc4121ef8c83785db71f845b3,1766431800,1769023800,False,False
profile_0335,6081f74186e327d74b756e7630ef972c5d1b47ded4b6f5f59ec027bab9e7786a,029abd1ecd968a46729bbdc723e0e11409c9c7cbae23db2f5971d4dca8110ed8,1766431800,1769023800,False,False
profile_0336,bc0322be1788a3d89321ed6c24bbf6a003328f58dbea3fbc6b65fc5e7d8d89c4,ee7649d80e378b7318f96524461f5685296aef5dacb8eb4f9d26daaaa8b389ec,1766431800,1769023800,False,False
profile_0337,139ad6fcbb833d819798440a31be158bb0c6f5ddb23b95835f12249468fe8a96,12c7fd947632ebf6a15ccc2e299525f13f4240d431eef0b6527b9e8f38d07ccb,1766431800,1769023800,False,False
profile_0338,a3194970f9648607747caab9617b4065ff55967ce32e2f9b41aa98df4e690499,5e324d1cf0cf2df9e754ec6097ee6fad319b22c56e26238421efbea64104e0a1,1766431800,1769023800,False,False
profile_0339,a16594e6a32bffca05e7f56b26b1aea7a92fde46f272fcfd7245a497b9b0aa48,66298a5f0d6df34d2dd3bc6ae6a8f3c8f18267f9b74a091266a3366cabe38f3f,1766431800,1769023800,False,False
profile_0340,f5a490e97c52f15b0bf5ed3582ce4362ecbc7a9f11823f7727eeada114f803d6,803be1fe51e0395462de404212cd9474d617f486d260109fa66fa42377e012e7,1766431800,1769023800,False,False
profile_0341,8e4badbbe0de5c3c626bae2119f3a7c6074e40b76368c267ef5ab6e8dd31139a,ff5dade853b0e24ed8d4a3d502004495a8246ab46351313aa7800159e3705fae,1766431800,1769023800,False,False
profile_0342,56b6ff2d292deea1aba3cf3c0d02735f4d59adf801c03a837681542e2469bc69,8ed89a0582c98e6300fb07b7f97316c332de81b662ea90ebbe8c8820981647c2,1766431800,1769023800,False,False
profile_0343,44fbb8daa5afb211eceb057e2812ea6f3d894a3ff5c5ee183b77e9de7c71af67,c6d8fbf899903598c57c72db29f50c58f208982f6218f827065cbe7491b04749,1766431800,1769023800,False,False
profile_0344,6e86ff710d80c997f711cb83e6885494d8b7f65b538ca1a981a0cb97e60e6318,0783d3afe2f0e122067b7aa166f5849362007bee540dc21cc0d72b3045dfaa81,1766431800,1769023800,False,False
profile_0345,45b3dc29908cf1a67aeb1d6458efe84ff8672bf81be0276641081542a2fca4db,d3a843bfdbd5409d8a4f833944c777dbe322b7f626a2889378f9fac7870b5d2a,1766431800,1769023800,False,False
profile_0346,e4e41fa804d14f02fea73f53c035a296a75502c6cb514599b7ef8021a37e8b65,9eb1967ccce91331de497c131094a5a174e00bdc4f78de9aa351a01fd2db0b96,1766431800,1769023800,False,False
profile_0347,2c3146f896dbad3c2e8d2b741e99133c8acd6d3c09cc3ae2c2aed01275822871,f31ca4f6a83ed0987b96a6cefa859c5f9bd3791123eac8c14f4a7705dabfb822,1766431800,1769023800,False,False
profile_0348,0d41752b4f2ab554c9e70f855c16e37209d745564b2b5dab5db331d4684d5025,ef9611a999c70b8a90addac92fd3f4c299af04b8119f2a1fe8ec94aa07abfc4d,1766431800,1769023800,False,False
profile_0349,00a54e6e84180e7313bdab3f07977f96aa36fd9dcb5bd6f2005aefb438a9a540,d946af209742344597df71de7b203267bf59ce6edae5b383a0bf16dd7d0658b1,1766431800,1769023800,False,False
profile_0350,3f42c32a75dbf75bd317e92a1ba51d61784c63096a8c049ba4d784bcaeca525b,aabe233e394e2b084e1c72760f920d7cc8d32c9ac340a62bb023cdae3a04bca0,1766431800,1769023800,False,False
profile_0351,e417efa9cb3c9488a4688179306923c8f08d1bd8772694b42b6640ce37374572,6d6c46d0bd6f02dd6d8579be3621bc0e00d20bb8eb3255eb7125091f59b2c858,1766431800,1769023800,False,False
profile_0352,9bc8d9956e453dddce0647de8547e28e6b02b234fa44378abcc3a61c9387c008,82441705df9d60ad74718a713578979385e3fe6058def5ede9762362416c76e2,1766431800,1769023800,False,False
profile_0353,714f0e454de997fc813e9d0ec8037b1ffeb9fa8724652b3b1364c5ef19013c0d,9f1b9cd53c83331da05f11b290b55aa00d7f49606d971dde54f4b39e9f28d028,1766431800,1769023800,False,False
profile_0354,1c6b120a003cd7a37698421f22048639c550c373e429152ef46e12ef3a94ab16,d6cb7a567034fb00bb6c2fa3549f355599e14e0d89b711f969ef881aba07f9c8,1766431800,1769023800,False,False
profile_0355,449bef50a074721af023da81b2faac95cd84a40a0b642eb0e9d1f92513a1ba65,225c42f686fff4cb7e8ab5d05a2c14102e0920adcaca91b514800631afcae453,1766431800,1769023800,False,False
profile_0356,b4ca93fcf188da7ad70412f7fa949baf2abf43017d007304e1efa9f3d8b0b852,65fac06e7ce6f17f3c800e43e6a096405b927a0a7a5b67481ed1b7ff2b7408c6,1766431800,1769023800,False,False
profile_0357,315d9da31cef1cf9b8e42fde263c8294ded46974b7dc1441ee19fe83aa199085,5e67f82ee90c7e5d09dfeb46fa3de36c6a4ece0556489308f89ba06b61513397,1766431800,1769023800,False,False
profile_0358,b10c257d9623b857ab9db7aa25354188532fc023969830207f59ac077d96f921,bad629de002a33f09ed7ddbd4211b04f4cf7ad98d3963552f0ef8cfaa2b57c74,1766431800,1769023800,False,False
profile_0359,2c7fd44e3331bf244ff565b4b10798f0e9aaac337b439fbb761166ac07dc9129,08fbc4dc654735931e3ff4d172f665fb3a76f7de9ce5471e0f317830a9a2ca73,1766431800,1769023800,False,False
profile_0360,f1274cf854a5373080e00918f6a317bb07a72fac9c5afa275f9d997165350c3c,5cbd24aa0069422ec85b850784d4e956746a04c9e7f527f9a9533ac047373ed6,1766431800,1769023800,False,False
profile_0361,04923edeeee59df655b0592daec45b4121ef4fb1c0bc60a936b98ed6769487fa,3b418dc67a78445f376249dba435ff4272556af83239bf6df4b61c4348622cba,1766431800,1769023800,False,False
profile_0362,d93cd2f1aae9d15fc957e9ae9ded7b0471d8467fd16f803e903c2b9e195eb4d4,41443c847b8c7cd81d947157e2e20bef63682ee2b4477742b54f128de7d8a711,1766431800,1769023800,False,False
profile_0363,878e70de2e0157dde77a139270afbdc44b72c707dac3f41c47a752ee5891a6cb,aff2726a81f57c0413b3a75f3e3fea1a6bbfe22c6b2fd1f5bbfa4958c6f13a9f,1766431800,1769023800,False,False
profile_0364,2dd384b0c3772eeb20fb2fad008cc199927c36371e35ddf0cfb7aca88db6abd3,a2fafdb50f2a0fb66ea6ebe9470ede31c4520481cbbe4bdca329203713b3aa96,1766431800,1769023800,False,False
profile_0365,344cd4642fa5beaa4434b7a66869c29359ae491bbd1f3c59db8c68a8c10fc728,33bc30a8e32a044c43b88595a25b410e3fd7eff2f709b2c958ac593a5d898764,1766431800,1769023800,False,False
profile_0366,f193d9ffbf42de9ac59f570c3ec26f51481628faa0eccedda81e2b6858544bfe,38af173ba69c3eb15733b7ff57fc0f49a9f40781414de144f216c0d7e9eeffc5,1766431800,1769023800,False,False
profile_0367,afb2e9de0c1b9fc0486a4ac8f4ce29174cfa27919e4ce749e8010bbdca9bee1b,03f8a5e7add45d3036fcb0cc703eccb29d71ae427d4d157492f0f0ead33e63e6,1766431800,1769023800,False,False
profile_0368,4365e6e061ee87a67cbd7567658ce3c3ed71b8538306f9ec6566e7aa12102c70,cc9f373d5849acec961d33c2541081c726c18bbae7c4d826deb46c41c1f5a81b,1766431800,1769023800,False,False
profile_0369,c5fdcecee18dc0e6511e25c38c79bde0e8833dcc16bd33515263826f6c4570de,70736cf8e6ce38fa12a6fe96e66342e928930d78dbfc313d1e160332d2a75f37,1766431800,1769023800,False,False
profile_0370,4a955dd1800e2c605705c61efd9fff4b35a3638bc6c129a658667901d4ca1054,8f6abd1852198eb4ca9f729b20c36f52e062d186d2eb3302bb35870a9247a89a,1766431800,1769023800,False,False
profile_0371,8e0e1853405c55a14b6cd05df9ef1d9cc6926b658e883d9094230ab2922f6361,2f15ad84b3818a982141a0570b774f9b6eebca12f6ecae2636c290a9ba80fb3b,1766431800,1769023800,False,False
profile_0372,3b8b78635c7a6a8cd895dd72a045b39830b1cf3cdf22b28bf06d8d5f2279c571,f80cb351fd4983013f58f58639f1f3564e84159b8d9daca388e3cc55fbe2bb07,1766431800,1769023800,False,False
profile_0373,ab572e3a6538c103d9f7bc120aad4996629b7b9ac72b1f2b6dfe0fabcddb7fa4,1a5caa6347622cbb1bc70f0003d20e5e9be161eed04bfa0039a694a59736a7cd,1766431800,1769023800,False,False
profile_0374,49eb969ec16364c2ad8ba776082f1d8002a439615458d88a196f03dd471994f3,0bc2bee30ca87263bcb683f0cf7baf8d25903aa97f3ae7aaa9b70eeaec89af84,1766431800,1769023800,False,False
profile_0375,2f8be284c1f5dfd8c5a9ab7a9b670bea747a9006dcfc52d099045c579812e21b,c69ce1817d72356ccfc23e0ca065faf1a633bb4e3eb6cafa4d80c506293cc838,1766431800,1769023800,False,False
profile_0376,0b80546184542426e13f19662fd1d086242d8694ce6bfe3e2b2d9a88e3b6087a,f8ba453dd952ad54471963f2352703bd20aa3b52746395077d6afa657b9cd241,1766431800,1769023800,False,False
profile_0377,0eab9f9b2a20f564af63cfc35669a68c45d51fd02d3f33bff1e9d6b76b692ab7,18fac16d4cce4fb5ab63bf2aeba7764e2593053543e1c3ea72c0b4971bb7745f,1766431800,1769023800,False,False
profile_0378,7a339df4aa996f85ece3aa04146088d296811e326afa4c6ef6a3ef014f118fe5,62be0d9f88ac72fa8ce0dff9c41cf740471d2e432ad9d92bfd74699ffe60d5bf,1766431800,1769023800,False,False
profile_0379,2ee7c0a5746c3f127b54e5e58e9964f418db543e23f799a7ca2252ed32904c61,c663a77173c60053cc9fae5aebfad1454250dd828d67404116a8c5e8442139cc,1766431800,1769023800,False,False
profile_0380,0eaf6d0f43b17832143337ef8cc0ab7ad5f1035a1293ce3121b7f6194db5942a,4b371297e2da32c93f90e9ee28075e78b58ca1529c5c309ebaae34e7beaf1763,1766431800,1769023800,False,False
profile_0381,7c17627cc3c30a9eef1bbc4174e1e885336eed48ed698bab1a8eaa4e9ca6faed,c65fc053f8ebd49462eb1b7d8a88f94e60d3391ba186feca137bb13d9d803380,1766431800,1769023800,False,False
profile_0382,ee1a93cd9b3442882279068a87f6b7948fdcb14f69c0f116a3d53e9c9dfab6b7,12b09ca56d6bc9c6e3789e0d4eb2f532f3eadc008fdc82fa14da12483bc259de,1766431800,1769023800,False,False
profile_0383,91a655b701306066b0afca454caa0afa835ade695988bbd258ed331f5d51c185,d3eb3690d3a04967ea4c96893cd363cd885270e2e4471b9a8df6f1b9e70d362b,1766431800,1769023800,False,False
profile_0384,cacd5f2e06858b1f5ebd5dae6bac02dc49be722e2674becc8c1b71869ef8402f,91f011124f419d9f52262828c853c6293c15652948ba2ca499e87529fec77aee,1766431800,1769023800,False,False
profile_0385,460e84b5be5b974b37495c1bf0bc1ccba95f3b91bc216b2f2919ae41b7d3f1ea,8ceb471384105ec242c11904452796a40b01f31d7ca6b85bf1bf070c851f6de4,1766431800,1769023800,False,False
profile_0386,236082f653d4ad6cc3a5c97b752f4816068755ce35e7d4d080a5db8cab549e5f,c7b59a4ffbdce7083c9e33738b60d5bccd5d77ae790e8fc2addf87723dddde84,1766431800,1769023800,False,False
profile_0387,77151d0baca6c886693516a22efabf1c7a2b8ff38c58a900763b039a95ff52a3,1a64f9ce67e4b1c4ac80bc815dd07cd9e2e3026e2404dd84e02ef747f54a7e4a,1766431800,1769023800,False,False
profile_0388,755cb6d11485e283d55a5be2db24f297886f633a19cc32cb089248360ef787a5,e271589c065d7ce777835438caf7f36fc790b47b5055e17d0cb5095a7d45fb0e,1766431800,1769023800,False,False
profile_0389,0940699cd7f3bd2c7929396978965b5c7c2601d7a97ae8e747ea67e697181bc5,1654565ec9344762e77a47f05bc1b749dae5a6d7f974a37b86b69114d4c9b0fa,1766431800,1769023800,False,False
profile_0390,cfd2795a30c47f8e998ca33c5af371412485d0c743d6534d31b05946979a61bb,a7afd26f2d836aa4810a3e615fce9e59a0cb9858eab3413a57aa5e582ea5b4e3,1766431800,1769023800,False,False
profile_0391,12da96d2638ee6d93b1c7a6ca67ce2abc98ce4aa585b3dcf91007518929343c4,092766315b8612d563b4e2ca3121b291ba6f3a44b7fa53771b4539b924bbcaad,1766431800,1769023800,False,False
profile_0392,a33eb59fc9ff5226e00ba773b6a5876cf1f82b9644f22927aefa022b3066383c,593184cdbba9b96503d7c3a1f8a18b8886bb1b95402d98979b6e9961ba57b94a,1766431800,1769023800,False,False
profile_0393,e2c1a3bc6bcc87dee144e0dca0720f7976427c37943a0d89d0bf801895a2ae2d,e768c4d9da429158c2944d4863c6a58e0c42bfe176ad5f6bebce1bf25c71e857,1766431800,1769023800,False,False
profile_0394,af2d0d06240bf14f8e3e58a4a269f13adb836a9bc69dc8349f5cf48b0a6651a3,8d9cdc3e64535f896cc865cf7c72b2c8ebf6cd4f99286c06a66b227790599a44,1766431800,1769023800,False,False
profile_0395,89e2603bc823c3414d6a12644cc4cba1fc992f98b8e1f60efd1c2c7f98534b24,ebec1d4005a25485b0eb0af2b2f06693d8f97a83cf73bc6d484331e2a3665cb7,1766431800,1769023800,False,False
profile_0396,0183dffc3f45484622b7ed220611d89854fef4b191ee03ad426f816729e65571,a99c05e50b66feec952aa317c87adb7e85379fff3880bd1edf25b8a6b5b6cd86,1766431800,1769023800,False,False
profile_0397,757d9e6d7c5a1f72a67cb4b7a8ef79b9f07e43b1cad90c04e6f3c2fd17ad5157,fd82ab5b97b575da03c70281a9319c62b56fe803cd55143a3e8013bd90e0df39,1766431800,1769023800,False,False
profile_0398,bb72de202dc996d112eea61a43966c9ad9446eb965845456292a11941f79d0e7,a86e398ff06e1537c7e5952755ac4b86af2a7a50daf88ac136ed4a977b2f8875,1766431800,1769023800,False,False
profile_0399,a6642f466c9acac5edd354142330d043e7b2ed15e4b631a560b1e9e4a31e8398,22f1024329c4af306ced80a9c7addf3dedfe7632f1c9fe0ed6cc4bd833f2a0f2,1766431800,1769023800,False,False
profile_0400,82371e314840b466877ac85260d5f05d7a27063a4594f357a809e15ae6ebfd9d,27f2774419d0f3f99e4e8ccda3d7f5c222e9da3eb27482d32e4d3540e1af6173,1766431800,1769023800,False,False
profile_0401,c3c2c5110cc74171301ae1843bfbf4d4810e4f11bb136bab042ae4ccab09e711,7c7ecdd7c44fa827687ea3f1286cddcaa7e5ccf3fc16981da078d30b47af4ea5,1766431800,1769023800,False,False
profile_0402,1a8ed43b9f10e2a394383e8a07eb6945e5dc4ce1c786c29731e69fa642201dae,9688df59bc28cfa41139bb6f7e17f959ad266aa3836d4badec7e93e080ebd1ed,1766431800,1769023800,False,False
profile_0403,f5eb6f882b9f173b7c89075339b0f474029d3f555521b930457f63ab8114660d,4dd44c756520086f5d5e7d6d60b74c94f2053a518ceaa9b7ce338bd01ccf9bf9,1766431800,1769023800,False,False
profile_0404,d6ea7ffeabd4e360014b6ea965eae95cd0e4ca8e22cfd7fe61e90bbbd6254472,cbbad0eeee531d7830f70d614812f368c902690355de6334e38963c291da7ac9,1766431800,1769023800,False,False
profile_0405,1db7177773d06455077d650f95029a942baff28fb975b91623ee26f5c4b92ff6,8b25ec9a883c498d01fcfdecb2755cbe953bb1c009f7a284b44811b249b53a6d,1766431800,1769023800,False,False
profile_0406,4ca7e02cdcbd8ca21e29a4b02e0d3dc1f86370333671a42bcf002c89698ad368,66f9d7d2096cd18ff67c06f345f8fc62a7974019c1b00bbe301fb034852b45c9,1766431800,1769023800,False,False
profile_0407,bdc9bf189d5a356c78824b7336e861d28feb93c10b0c51009072fa588fb5044d,6d5cb79d28df680c25a0f6cdb64818d8ed298d2751f7cc032e0634981a2ca72e,1766431800,1769023800,False,False
profile_0408,8ba737aa874e32fbd39ba2cb022a92798f865bed1d3eed61ec80113c161dad1e,d616df19d20bfc140d043d8b02945b28ecd5bcd0ad9bbe6aa2f031d98195289c,1766431800,1769023800,False,False
profile_0409,5b91396672da62f967bc042775722005046613fed3d7b7bc67ef4fedf7f4c2c4,4cf40c092588cb7dca2e890f1e9580037be9d80e0ef9115b99b36e44f48d73b2,1766431800,1769023800,False,False
profile_0410,6ba13a8a4049603e787e8fd71d41ebab94805d855334ca17c54fa39f95d9cd41,197433fb26a38ab63c155d39fced21cdd4049d15890612f511a6c0892e26e63f,1766431800,1769023800,False,False
profile_0411,d1dbd016c7f1b3c9e66659c11f135cdda0d4b120f4c3c59b0f2b79d3cb29c081,14cc189f6744a1a53b30e038ddafa2d66ce16171c1a22e9a5ad0b6a211c1dd53,1766431800,1769023800,False,False
profile_0412,25fe32c8f325c828e14a70b5fce927108dce4109233f1e1ee0d1994d9616343a,91dfa9158fe57a961fbdab706f4b50b9e5decc40b5c614953bd53fd72f5107f3,1766431800,1769023800,False,False
profile_0413,71585b43ecfa775741e6315c6849836154c16f16018ba858da77dceff8ba323d,781e28f389173824fb2c9e19d14a3ecddc7d43d0997b1234c90ed9b2eecee4eb,1766431800,1769023800,False,False
profile_0414,c8fbc58dc0497d824ad7364e42f345d3b394a065bda69a4796dd7b72994640f1,1162e785e771e092a052454abc722b119ccdd430940c56b81203c4f3978af48c,1766431800,1769023800,False,False
profile_0415,c38cc099d1fd92df3691038405616929a2455deb956149c9aaff387f8e281893,bf1c7a4ec9dadde76f29af7848102618fad7a8b83b3b822aa66b851519ee7a9e,1766431800,1769023800,False,False
profile_0416,5511fefd3b150b9164fcf6d9f3601b64e9f160350b904b80ee7c3bee3082ad65,cbe9e5c299ba351cb166f62712d9e6ba7a6e8285bf257a05dd27b631a5e53824,1766431800,1769023800,False,False
profile_0417,2930ca1da5ea2b8a516244d1ac55c1a0228770619d2c9facd7ecc2e0e9af5088,63cca9869a15874f04aaf0c788ad1ca26ce27913396ddff6b6abe784df3fa383,1766431800,1769023800,False,False
profile_0418,9df638decd1dafb8852051ce42cc2a244f6f3fca067c4436b373ff4d0d9e98d1,9fd84d7c42cbd2744f0bf4246dba1fa044e23418710d38c68edfe307021e7516,1766431800,1769023800,False,False
profile_0419,4820b7148e31915294b52967a25edc05411a6c2c5adb5e278150e8b1a2cb3e39,5d7fc5ff79f3be0154a325536647bcd60821795bc12f49900f3b3be64f4fdff6,1766431800,1769023800,False,False
profile_0420,d1fd9958cd1c13f51397c1f9d1d7b292ffbe16a40971c7ee18168ed2c1e73d93,a58a3d15b29756fafd1f16af521ec6e810161e71dc656a6e21558bfb865a7b79,1766431800,1769023800,False,False
profile_0421,1823ed21fcf8b67a35fbacdc20755050a3d039ec5e203b9b0d17b07c407ba223,53f4bda0818dec5a3e29434b382ed437e44eeca4c03c81825563693461b56b82,1766431800,1769023800,False,False
profile_0422,6d64339b4f79f4e53593cac3ed204fd47c39c22cb3bd4951822ba880e289eaf3,9a4f5c9d00ea67cbe6f1df884dfb733666647cfcea3bc0547c6ad11337737bc4,1766431800,1769023800,False,False
profile_0423,a8c70e66855b40d318c478258c1693aa74bc165ee1c92b1f87bd7311948b6d7a,e204d7d16d7473b9d2e93f44eb7f0fa00930fa825915b8e750491cd2f3a57718,1766431800,1769023800,False,False
profile_0424,e19b9b06c343908118429a224e7c883b43b68ef6ac9c7814bbf7ad8c0b5cd7c6,cb28e97759e0411337696fb95a49679a1fdb8e6f9c54f7a014e4d04e476b85ba,1766431800,1769023800,False,False
profile_0425,1f1f40f77fb03d1f5f2eb86e5b7023988c2ed34f1e22bbef4d839281136e48e0,1d6ceb3210c044112c8a6acfd8214e2e8ade3a16fb0257274df672199459777f,1766431800,1769023800,False,False
profile_0426,91d68370dccb1a473bd70c1bbe89f8d985310da49fca15005c474e372a308704,49bd29e541c990bbee23c777abca80f0cb378d9ed6098ca774bb6c1b4d6af069,1766431800,1769023800,False,False
profile_0427,fd509d9e81ec409a3b9473a6966a635dd219eb261e19ef62f29bb40f04367f90,32ffde50fe409f5884b3e88f69e33a2fbb36170b7d232ec1433ebacd84eb98a5,1766431800,1769023800,False,False
profile_0428,d2fddfc7a1a71831097bb5755899353681d2e30e7dd90e7c0a8faffeb1c216c1,d1949cb8fd19904342db10d96622dfcca7f1bc5a89d9517c47ac075485ade4d6,1766431800,1769023800,False,False
profile_0429,fcb4ca0e9e67979e37d4edb1ce751f4cc861d2fbd6932a6e52e83a3d88afb02b,5bb26ea9c677338e84e2ef8b00d806055b3f2023704aa26fa22d8f9b2b9cd690,1766431800,1769023800,False,False
profile_0430,62746a2494f01a134815131f9bc45ec8bd70a34ded6df0437223de190619822d,ff7d6581005337aebd6581259e5527f6375f9ab5c6946eb19587c2c7f9af9ae0,1766431800,1769023800,False,False
profile_0431,4f7c31b18fe10db1fb5af20f60a2389e037d698203b718a2668627ff27d6983a,609bd49bbec9b87f34517925abf5182c6ae75b55cfc40444e469a07d80469a47,1766431800,1769023800,False,False
profile_0432,105b60d064a88e3b66057f9d7b85863833a3664edc0c7b2c33a3b79fa381dda7,f1bf39ff97a9020369c209e53fb47c8383773e671009a6bba049e55dfa3e6001,1766431800,1769023800,False,False
profile_0433,7b30ec86a59117d9e6cc136db1de6cb93e3c7621e4a5c6ca737ef8e2bedea067,20f417ac2342ba1eb1957a3302ef3babd7557a0c266343f5ae5749dbe873cd01,1766431800,1769023800,False,False
profile_0434,3d162573ff8271a7fcc7d231e239af5a067a255e9a7887865b68046ad56b4c7b,b058a1ede69c9d30abb9c37e0e8e3965baa64301d15cf2a60885f5cfa2578654,1766431800,1769023800,False,False
profile_0435,0d86d9d3c679482de426cebbfc971763552af1c4840ebdf6fdf1d202b6f4a23f,4e51de777eb696a8103d468a3777b210798731550681688f29baa8d3c35ad3c5,1766431800,1769023800,False,False
profile_0436,8111896a3df64022da5e397b9419286bf5c8e904e59253ca4e1e834294aa0795,b9c8795661c6bf8e624da9fa889f43ea0b58736f7d609e685942b5236fd78f2b,1766431800,1769023800,False,False
profile_0437,895aa2c2d65d54ae399f192377d78f30a6150a898463739e407817370cecd052,f5f2144ba032667fa2f8397fe345d334b0151e6e5415b3a73b31c8c6a8c54eab,1766431800,1769023800,False,False
profile_0438,d4581a03d9e794d5f160bf3decb919a1d4dcd2f9b43ee832518931cde4b78a10,2fecaeace5cf9b7212c889cc77c9de047a24fa361ea06cb52c4090b7f29ca5d0,1766431800,1769023800,False,False
profile_0439,acd0a6f59f02ea0aa300e47cd0a1145fe2ab171cf0d10e44bb12478c8a2966a5,95403a929bb6c67e1572edb72e04a2d2e092187e40b522f4de809ef71a363355,1766431800,1769023800,False,False
profile_0440,be1252749457d47f33c927d8ffd61944b6f01b1974723426195ffd7cfd299020,d20734ecb8320a0bc20d3a28f73de872f790f9aeee34ffa338c9ebea5ac521b9,1766431800,1769023800,False,False
profile_0441,c396692621625add33f61d536f92543efb6ec3bc5182d6a6e752dc79e21c89cf,c2d9409bb4dd5f4e3cb67fdb04d399dd78791b362d98485316b30d02389f4176,1766431800,1769023800,False,False
profile_0442,e8363a60dc6e349db365fc649c770cdca54d9e7529ea736414d8f6c829facaf4,a661f4138f0fd8a262e40e3370d5f0cbf46db7ee77fa5686c3198743f6b9c79c,1766431800,1769023800,False,False
profile_0443,8ca95fe470ca152268d090f4bf78261a108072c9770ca0a88881be50a8615df1,23739a8a8aa929049aac49d7c91bbd72078014e10db0a63392df64616c809011,1766431800,1769023800,False,False
profile_0444,809829b081fc12cf3bc206702f0e90131c18324160a48447095c43d7f16029ee,38044f91672aa976001bd0ca468c1ca073e83ff595856b2381e4b3a361340be7,1766431800,1769023800,False,False
profile_0445,394fd609ff6fc840bbdfd9e6e7c8fac7146323761bdd3bd3caa21fa3f6f2d57e,913f6f7f8bded2cc4a62095e46ec21777d8548c2a9a5ec4a1c9d02fc7cd000cb,1766431800,1769023800,False,False
profile_0446,216bcba807c3e762ba6f26e5d55a3b73c7c8fca2b05b1a3a4ec02a9d901fafe3,e01b973ebcab9f74c0dc398ef04a9fd77de2a7dc38df320a0374a2054b056ba8,1766431800,1769023800,False,False
profile_0447,bb1b101156cf5b735763b684acdce8e1d279712644ba0e1b9f75c8bcab9bfffc,48c7833b8bdd8dfa889a12d4d67a935e8dd729b6325186e16433a4c0c988051a,1766431800,1769023800,False,False
profile_0448,c0f9208356587a71646823ae07a43e0c4c13ab0ac7ccbb09f8edb415567007bf,268a217a50e3b2c497efc4191bce046723e349a7470996a6abef2e56bf745631,1766431800,1769023800,False,False
profile_0449,2af860b7808db6a86c1e7412b26d58cd97e13d12e25df91a978a1903102c1b09,3b8b5286037b62551584af6b330e24a0d0fe84b4a77b53c370a53eaea6a9a0f0,1766431800,1769023800,False,False
profile_0450,8446ddf4934032821459cdbce770396339af6e5a9e2742766dc1e94be3bcd8fd,14cffe613c0a5ac5c0547e88171431e20d22cb39c5a6752f89e78fdf521ffcae,1766431800,1769023800,False,False
profile_0451,8a268659b31183f88eb14fc6d2943bf186954fa9f2e9a9c81bfa682f32e2d65a,a6d806c9188abb933ad6116dce02794a63663687fea04e602916815b31707dcd,1766431800,1769023800,False,False
profile_0452,ea6d922cb96981690475301904a3b38c5d9909a9f5e79dd45fedadc3072a9711,68f4caaaa5c950ba8161070b7a4e4dcd5cfc1980ebea2f19acefcf2b24e9555a,1766431800,1769023800,False,False
profile_0453,3f15da4389b89e6c25a65c056e6e2615df3309156f99c083dbacc5f7505d1ee6,25ab08598e351d930f86b814b3bacb57770497c1032aecc6666837b0b1f1a002,1766431800,1769023800,False,False
profile_0454,de44a24b87ee50c8ffceebc467e1533a98f3e99f4889daf9c1cbc661ce79d7aa,103f4e7d7d617938f7110c86c999f7b20fc11a92796cb8961c9c701ec42514d5,1766431800,1769023800,False,False
profile_0455,b1eba734c263ab02302e131f23c762417d7d719d431bbe424d664ec668a6ba11,88947a6910dbd782f21e8258a0625c086abf2bfdd6dd2d67be245cd267bd49d0,1766431800,1769023800,False,False
profile_0456,a8e8d6a4d830b7f579e1c18776f06e7abd50bd0afe1a54e571e1eef709b77c52,ebfde6f505e64aff528c974f6b6eee1bfd8fc3ecbbbab875706e6ac82b71e7fc,1766431800,1769023800,False,False
profile_0457,948878cca34e0f208b62f64a5a176e79e755dffa01432c1d75e9149a0c836b7c,45ec50da0b1c6ccf8e54f753f3d5a4a9c5cf463a1d4c9adafaf1dc1d86ba59a6,1766431800,1769023800,False,False
profile_0458,b4a619959f9898eb5eb981bf8f0f51851f25d0cf1fedd29d7bfb0ea8e1741928,bbae4db142f2a041dda429d364bd498522904b45e591d15f55dc1d28c4216804,1766431800,1769023800,False,False
profile_0459,0ae2ca200942320b0eb3985610e95d1ca7e396ed915d3999b6688039c8af5218,af72f00b0448cccf33f135c7ab96bf28bdc8b19226f1f1194bc936fb4dd95521,1766431800,1769023800,False,False
profile_0460,9856465fe71141603a979c6e4dd3d28c7bd87c70f9bf7e63d89be99c712ee729,6c91020f52e8a8b7e8d7fe6270cb5915bc64139d75a49e84b1218ea9c3750aa9,1766431800,1769023800,False,False
profile_0461,156b6df1f32f17469d099e3dd337a6edd4b61a1fab2c0dad1f6d8d32b2fdfc7e,5e87882b468f38c0193762f354cac4e9d7d6def80b8422d5fb244a8b576dc081,1766431800,1769023800,False,False
profile_0462,ad820de37048410377db53a594ef0efee22f31497978e4ab1fe6e1d0ddd42151,ddd2863de3128acbb0a600b4e9bd3f03899e46c942795884070c7e0bb73fabd5,1766431800,1769023800,False,False
profile_0463,76be82dc26c017e1f029b5d80b932842e8c43eebaeab448b11de92409488d5a2,73b9a9a0215914d073822b7910780950b4f6f85c2397e659a88abb30eaee717b,1766431800,1769023800,False,False
profile_0464,8c6d4ac1fd9b973894eae5757d3e78fa87378dd72d8189bf675d7ebaedd8cc8e,a654e838767b253939da28df997bf2eb35fc58b7351487e4c3b15f8c3cf57f9b,1766431800,1769023800,False,False
profile_0465,8642c5c696723b2eeb38faa7dfa6c90dcaf86b2dff70ef5155e2868b95e2d0c0,0d61f9944c5a4188aaafbeb11bdad5b21ef7e62a51d6abb34dad86ea39578751,1766431800,1769023800,False,False
profile_0466,ea5013fc58e5f24415aaf8ef5b5b208a1c6f0d0b0cbf5abad14d312a0133a21b,af339573a2039e739264dfe6cc1de255eb814c435560bf3fb44cd00eda1997b3,1766431800,1769023800,False,False
profile_0467,1cfab821d4b06fafced1d9b9b3d984171a615ad131be12f75eaea836ce65077d,a69ab4e3a6bf9083768a722bdf1dcec2e309328b532953b43c07428a0faf5f03,1766431800,1769023800,False,False
profile_0468,f28f7f8196b59226575038d72b74a657cce198bb15a9d569aa0ed08aa46918c2,fd7f30b0f02667e480ce1d8772f38913423918829e9c769523815ea99323112f,1766431800,1769023800,False,False
profile_0469,bc062197600551beb7ea23820222a89cbe222c4c75461e1b1248a5901640cd26,e7f215423aabc1987fe07147f1bfbbff6969335807691a6ae9e54a6264ec64b9,1766431800,1769023800,False,False
profile_0470,9cc95ab01d740018261792df6b98c1936efde3a218258ce07fdcd8c2e48c0d6f,096915f59994adb40ed4b60e1f5fe8b16574f20e71d30e7b3ba2e007ba94d9f3,1766431800,1769023800,False,False
profile_0471,6e74fa2887582d2969a12876b9dcdb8e8f8e630247fececf8058263f6bd7e0bd,f420c3448dc32a9fb7ef3915f77363f500feadebbbf002e3388eadbd622ccd5c,1766431800,1769023800,False,False
profile_0472,0465f9b902c2a6e1c041e7fd8397244767bc6319e2f5a631df54c8663fa73be1,0aee5e502f136de1021577fb18a74bcafe6c9d50c6ac48860bb8c965cc953079,1766431800,1769023800,False,False
profile_0473,6973d1cc61df55a8eaad3b34d809994f090c1a8e94850abe7f8faabb2d99abd0,b99b09fd63f463f92d7c26a992ab2143e5e16753867ff332118d98ec146a6dc5,1766431800,1769023800,False,False
profile_0474,e638b19dda366f9d9a632230412c19b0a87bfa5a6f0811600c94a6c888f5e789,284d1894971333294a6eb4844878bd05640d4c251430d451901a1ec644d5936b,1766431800,1769023800,False,False
profile_0475,f3c9e18da34b2f8655ba5601e9a819d9594ad0c239e107d7352a0a090b8c2ad5,35958606eb83bc303c15fc12559940374e0f7b4c446a4fd0f00497978b1859d5,1766431800,1769023800,False,False
profile_0476,d068e8becdf7d2020dc4d5337836e2bfa14d44f5b49d38c2785d315e133caaad,ca839d8d0af882703b6d313a2f018dff4deb8e1ad92b6e8cfc7ccf40bd2af2ec,1766431800,1769023800,False,False
profile_0477,4acab1538f8f9ac1f2861d26de5e8bd7f6133c4e45d46678372f6ce0d25c8680,6c81216b77160ec64b0afd4a70974e7c1bdf9a6dc043ee8cd09db94020ff37ae,1766431800,1769023800,False,False
profile_0478,64c40fffb942ed1f8388495e6efea7627c25d8728394b3a413a4d9b88947c8c7,26ea69fbe44d0fa97be3fb34dd38b81e94c07166d12761c3fe65ebebe7152365,1766431800,1769023800,False,False
profile_0479,17badde2f5039b37e2c0d197995c482324073b64e51ebda9d495a16935337b00,d77b1275ea6c6e45e04d71e002c4edc6644caf6c867a31845837a07bd1ab9587,1766431800,1769023800,False,False
profile_0480,e70714b266d3a92d94e9d200c938710725689d9eadfbb82a0397015bbbf06a2e,17d5be43f273601ffbb1d9dca5f1088fcb0eea159edfe2aed6edd1b3bd93af6c,1766431800,1769023800,False,False
profile_0481,388450cbac933e63133cce1710e9fe66766c949646aacfdf030a217bdc8c9682,30950e3ff75145542fcb6c48b55cde04dce3ff4162edc97fb43d49c345c0985e,1766431800,1769023800,False,False
profile_0482,0d726fa4020e31b9d73e9a10e4bea81a4fd17994b95ab6393674bd8ff319f4b3,78c9db96ffc474f7bfa255dbc2b1a52314a75d8a657159de949bcf787da6ea57,1766431800,1769023800,False,False
profile_0483,836b878f778f840dfd2a7e9a17aa917ca1002dad9d3e709951c213ce9237269a,90f68a6049658c4c9a6573adde2ca5c7ef9b623c0e3a5d602e2ec1bee984a9d4,1766431800,1769023800,False,False
profile_0484,9ef81245bbecde053b7036d392ab755230af8d7f3e0df1a26d17ba13d2d82426,f64490a00ffaead32d6f3db3aea61815f60c17918b9a7aef0c9158b5675e858e,1766431800,1769023800,False,False
profile_0485,9531fd0e97c206b26ca490554bf4f4be1d02efc8395562fbe5932ab57434b835,957cfadd0fbaef902511ea1110867ca8d95769a3ac1578194b6319eee6698147,1766431800,1769023800,False,False
profile_0486,9eabe2c963c33bd3bfbe6b8412283285afe1b070ac3e9b5fe372bf255d15541f,e834eed4e3fda265e73b403fcaac6fe4ca011af8b931e379041c6b9778126c1d,1766431800,1769023800,False,False
profile_0487,b670045470184abcb6e41b6fe029613c9184ae163e83155f73067a3870c40210,488d062acce9a783607577e68fa184a7019d6baf5cd2b6242747bc41307bc58d,1766431800,1769023800,False,False
profile_0488,fa4a2599db6126cdfa6a54bc2e253fc4cab393ff383fcebbfb83e0ee7554a84c,f6931981e13200989752f60d66989167aaf318be14731af09fbc30a9bc1435e0,1766431800,1769023800,False,False
profile_0489,2c277fa4a030692c90e9d66bc5b036a30385dca293c2047fef7620c92ef4a12d,cc22b5ea8c3d3fa6782fe8053dd146a8423687812564166c70ea2e291532d3d6,1766431800,1769023800,False,False
profile_0490,da474b1e8ee197afc586ef682e76bafd4d48fdd67bc849bf4ae0426266bf6fbd,61644353f7b9dd42ba457d3fb30fc494b2104cabe3194a0f7b4bbecec0dc7934,1766431800,1769023800,False,False
profile_0491,8838669259b247f38f0d789644a3f333f8d5392ff3e1c7903c76bb5c8920cafa,c54075bf7be1e558056b44d45b8f7d960f44b0af39a17d8fbeae0445a84c4d79,1766431800,1769023800,False,False
profile_0492,3188a25502b7502accd3b4066ab643b3706e31065da7f795fd18ead4757e2396,9b05a332e5b9a3cb11ef581c7543a6e6be14819d69276cdf128571ddb875b6ef,1766431800,1769023800,False,False
profile_0493,ecf7e745c58a9ab250cfa084fa5ffbed6c47794c324a57c8f45ad0f092ef5e0e,c3f584609eb7bd9b9c7f0dd615433fc18c4561a1711971e15e32f5b99089504b,1766431800,1769023800,False,False
profile_0494,a945614222624cda2dfdfd6d9913bd39f23f6bdf44727d605cf588d73f1f3476,fa8e7d62db5857645de5b0dc5ce16a71be92fb9dbc7d5842c59672b634df4135,1766431800,1769023800,False,False
profile_0495,a457a42fd3a71c7b30087acd94fb676f49bc4b75bf62f6ef04d9a37b63a9bdb4,63f7b5d90101dc5698e2d222065201d9ede67bb87600382048951da29a52833a,1766431800,1769023800,False,False
profile_0496,45be2b22596694a1034da2147d72c20ce63a5aba26dd66e7f113187fa2cbcde8,27777d3f0ef0fe16103229de6cfe4df47d51021341963cc3325611a26b140c5b,1766431800,1769023800,False,False
profile_0497,8072d56f170bbcc7380dc1ba63aacc0145a7f8c328eba90eb534ae28ad42a839,ed00f1db605196ef9239df25967522dc87dc4b4796b87a4b737c2c3d12b82b61,1766431800,1769023800,False,False
profile_0498,3bb7379c6b1da021bb90a622381e1a661e1e5ac0530631ec97362ea8d8f3d878,8f6b5ee1f6a7342c37fe87fbab801e1bc0fe2da9cf2b5b9032363e35fea57116,1766431800,1769023800,False,False
profile_0499,23b2e4f4d45a6e039d3ba711970562486b239b0e69926a0b9d693d4855254a09,145fda7678326100ac476c3479bd359fa67507059f1de91f804e5b8991f25b31,1766431800,1769023800,False,False
