profile1_id,profile2_id,original_compatibility,anonymized_compatibility,error
profile_0000,profile_0001,0.5160190640715154,0.5208333333333335,0.004814269261818049
profile_0000,profile_0002,0.6821410273055544,0.42857142857142866,0.2535695987341257
profile_0000,profile_0003,0.43387140578797856,0.3000000000000001,0.13387140578797846
profile_0000,profile_0004,0.6123543948961179,0.21428571428571427,0.39806868061040357
profile_0000,profile_0005,0.6747846311319748,0.3333333333333334,0.3414512977986414
profile_0000,profile_0006,0.7185211139018322,0.4571428571428571,0.2613782567589751
profile_0000,profile_0007,0.2643533048081465,0.6805555555555554,0.41620225074740885
profile_0000,profile_0008,0.5015269566539604,0.380952380952381,0.12057457570157942
profile_0000,profile_0009,0.4145042410381881,0.1247442800989902,0.2897599609391979
profile_0001,profile_0002,0.48385045509269603,0.37500000000000006,0.10885045509269597
profile_0001,profile_0003,0.31690119123125376,0.21428571428571427,0.10261547694553949
profile_0001,profile_0004,0.5584743996255704,0.4571428571428571,0.10133154248271337
profile_0001,profile_0005,0.3944605253802661,0.12499999999999997,0.2694605253802661
profile_0001,profile_0006,0.4443049983601109,0.4354069380492127,0.008898060310898182
profile_0001,profile_0007,0.5208871630925056,0.18367346938775503,0.3372136937047506
profile_0001,profile_0008,0.5864904548551979,0.1666666666666667,0.41982378818853117
profile_0001,profile_0009,0.5352875972740431,0.27801042189089925,0.2572771753831438
profile_0001,profile_0010,0.4862394064986006,0.4166666666666668,0.0695727398319338
profile_0002,profile_0003,0.46865372705109587,0.21428571428571427,0.25436801276538157
profile_0002,profile_0004,0.8213058738960896,0.22758470135836645,0.5937211725377232
profile_0002,profile_0005,0.5911919534044308,0.04166666666666668,0.5495252867377641
profile_0002,profile_0006,0.6808326923951856,0.3000000000000001,0.3808326923951855
profile_0002,profile_0007,0.380137371758518,0.21428571428571427,0.1658516574728037
profile_0002,profile_0008,0.5701337242399446,0.1666666666666667,0.40346705757327783
profile_0002,profile_0009,0.6330630068761545,0.46296296296296297,0.1701000439131915
profile_0002,profile_0010,0.524663580169847,0.14285714285714282,0.38180643731270425
profile_0002,profile_0011,0.6537378487214658,0.2571428571428572,0.3965949915786086
profile_0003,profile_0004,0.4513444353086515,0.199602543803367,0.2517418915052845
profile_0003,profile_0005,0.7320973500245214,0.39999999999999986,0.3320973500245215
profile_0003,profile_0006,0.7024205346324196,0.1666666666666667,0.5357538679657529
profile_0003,profile_0007,0.5660609356836396,0.22222222222222232,0.34383871346141726
profile_0003,profile_0008,0.6861020856802537,0.05555555555555558,0.6305465301246981
profile_0003,profile_0009,0.6387373552863095,0.3333333333333334,0.30540402195297606
profile_0003,profile_0010,0.5145453963343737,0.2922298125457648,0.22231558378860888
profile_0003,profile_0011,0.4408581023517818,0.3906249999999997,0.05023310235178208
profile_0003,profile_0012,0.5144647273638161,0.4999999999999999,0.01446472736381621
profile_0004,profile_0005,0.5976458085309172,0.5029725791762125,0.09467322935470468
profile_0004,profile_0006,0.5560283908192631,0.39253347824487383,0.1634949125743893
profile_0004,profile_0007,0.41220125257719065,0.7500000000000003,0.3377987474228097
profile_0004,profile_0008,0.7860542667554569,0.5952380952380953,0.19081617151736152
profile_0004,profile_0009,0.6441506730734274,0.28571428571428564,0.3584363873591418
profile_0004,profile_0010,0.5697740562957924,0.19999999999999998,0.3697740562957924
profile_0004,profile_0011,0.7199767197137271,0.035714285714285705,0.6842624339994414
profile_0004,profile_0012,0.7011870115104356,0.18750000000000008,0.5136870115104355
profile_0004,profile_0013,0.5670969226579912,0.3333333333333334,0.23376358932465774
profile_0005,profile_0006,0.8778730500063191,0.4508979049832615,0.4269751450230576
profile_0005,profile_0007,0.41463280789573953,0.1666666666666667,0.24796614122907282
profile_0005,profile_0008,0.6627630495792876,0.380952380952381,0.28181066862690657
profile_0005,profile_0009,0.4287773874252897,0.22222222222222215,0.20655516520306755
profile_0005,profile_0010,0.3945618450333049,0.06666666666666668,0.3278951783666382
profile_0005,profile_0011,0.7203476099037688,0.049999999999999996,0.6703476099037687
profile_0005,profile_0012,0.44145851348992593,0.2423943145706975,0.19906419891922844
profile_0005,profile_0013,0.46949218166415396,0.4571428571428571,0.01234932452129689
profile_0005,profile_0014,0.6052764706678221,0.4571428571428571,0.148133613524965
profile_0006,profile_0007,0.529071770329855,0.1506726870785016,0.3783990832513534
profile_0006,profile_0008,0.5801533943456104,0.7142857142857143,0.13413231994010388
profile_0006,profile_0009,0.5217656718291493,0.08333333333333336,0.438432338495816
profile_0006,profile_0010,0.4660903421133683,0.11428571428571427,0.35180462782765404
profile_0006,profile_0011,0.5912480049564082,0.6928826503116804,0.10163464535527222
profile_0006,profile_0012,0.475001241725345,0.24564477270052307,0.22935646902482196
profile_0006,profile_0013,0.5257564476952697,0.37500000000000006,0.1507564476952697
profile_0006,profile_0014,0.6201995719997896,0.2226385759467249,0.3975609960530647
profile_0006,profile_0015,0.6397829598557633,0.14285714285714282,0.4969258169986205
profile_0007,profile_0008,0.6563893557965422,0.04164815055542638,0.6147412052411159
profile_0007,profile_0009,0.5460571892916918,0.19397983839557312,0.3520773508961187
profile_0007,profile_0010,0.820787256688436,0.16951288198698813,0.6512743747014479
profile_0007,profile_0011,0.3348252128531085,0.5605118712879805,0.225686658434872
profile_0007,profile_0012,0.6156639157308142,0.06666666666666668,0.5489972490641476
profile_0007,profile_0013,0.5618344061102045,0.33418160310502604,0.22765280300517848
profile_0007,profile_0014,0.45566127947243795,0.0002671267865113189,0.45539415268592665
profile_0007,profile_0015,0.5036240983671358,0.4571428571428571,0.04648124122427877
profile_0007,profile_0016,0.5455256896327737,0.08333333333333336,0.46219235629944033
profile_0008,profile_0009,0.6502370258212141,0.21428571428571427,0.4359513115354998
profile_0008,profile_0010,0.6961711625114574,0.2571428571428572,0.4390283053686002
profile_0008,profile_0011,0.6965783909126415,0.4464285714285714,0.2501498194840701
profile_0008,profile_0012,0.7984475637644427,0.4464285714285714,0.3520189923358713
profile_0008,profile_0013,0.49936881959830604,0.4018871384358579,0.09748168116244815
profile_0008,profile_0014,0.7198064152067659,0.26051075061627604,0.45929566459048987
profile_0008,profile_0015,0.7455418580233558,0.038019093763745945,0.7075227642596099
profile_0008,profile_0016,0.5349453396905878,0.37500000000000006,0.15994533969058772
profile_0008,profile_0017,0.4840674778060767,0.2270600781780538,0.2570073996280229
profile_0009,profile_0010,0.6250791829021387,0.07142857142857141,0.5536506114735673
profile_0009,profile_0011,0.5097891780472161,0.5102040816326527,0.0004149035854366101
profile_0009,profile_0012,0.720801427085733,0.0,0.720801427085733
profile_0009,profile_0013,0.48927242639057833,0.13333333333333336,0.35593909305724497
profile_0009,profile_0014,0.6043926042121955,0.035714285714285705,0.5686783184979098
profile_0009,profile_0015,0.851217288566131,0.12499999999999997,0.726217288566131
profile_0009,profile_0016,0.8136867350285604,0.33196838379072663,0.48171835123783374
profile_0009,profile_0017,0.48505118524164165,0.22222222222222215,0.2628289630194195
profile_0009,profile_0018,0.6657288305696365,0.3333333333333334,0.3323954972363031
profile_0010,profile_0011,0.43751689418647904,0.06666666666666668,0.37085022751981234
profile_0010,profile_0012,0.5994327105281274,0.21428571428571427,0.3851469962424131
profile_0010,profile_0013,0.6125555094690377,0.21428571428571427,0.3982697951833234
profile_0010,profile_0014,0.36879989857829665,0.0,0.36879989857829665
profile_0010,profile_0015,0.5098206373148322,0.4444444444444447,0.06537619287038748
profile_0010,profile_0016,0.6410360740391613,0.22499999999999992,0.4160360740391614
profile_0010,profile_0017,0.4578582429499592,0.20542478510856751,0.2524334578413917
profile_0010,profile_0018,0.3938056771724441,0.13333333333333336,0.2604723438391107
profile_0010,profile_0019,0.36904227511999077,0.4464285714285714,0.07738629630858063
profile_0011,profile_0012,0.5594647651160809,0.22222222222222232,0.3372425428938586
profile_0011,profile_0013,0.591222098515034,0.19999999999999998,0.3912220985150341
profile_0011,profile_0014,0.4999051577353322,0.04166666666666668,0.4582384910686655
profile_0011,profile_0015,0.6014538107364378,0.08333333333333336,0.5181204774031044
profile_0011,profile_0016,0.5166595601757018,0.0,0.5166595601757018
profile_0011,profile_0017,0.5521624887325751,0.10651082470435619,0.44565166402821893
profile_0011,profile_0018,0.651600655923653,0.15999999999999998,0.49160065592365304
profile_0011,profile_0019,0.6444423142721071,0.4571428571428571,0.18729945712925
profile_0011,profile_0020,0.7282014725812084,0.05555555555555558,0.6726459170256528
profile_0012,profile_0013,0.48967025450249974,0.19999999999999993,0.28967025450249984
profile_0012,profile_0014,0.7044651017046362,0.23720782735046894,0.4672572743541672
profile_0012,profile_0015,0.6543593088014225,0.4166666666666668,0.23769264213475566
profile_0012,profile_0016,0.7520472431852802,0.3265306122448978,0.42551663094038233
profile_0012,profile_0017,0.41472750396595454,0.14285714285714282,0.2718703611088117
profile_0012,profile_0018,0.5194908322402381,0.3968253968253968,0.12266543541484126
profile_0012,profile_0019,0.3065611997652046,0.28571428571428564,0.02084691405091893
profile_0012,profile_0020,0.6326842440248612,0.3333333333333334,0.2993509106915278
profile_0012,profile_0021,0.6961313204471717,0.5333333333333334,0.1627979871138383
profile_0013,profile_0014,0.3472642630121975,0.13333333333333336,0.21393092967886412
profile_0013,profile_0015,0.3804743316888173,0.25478932305817803,0.12568500863063925
profile_0013,profile_0016,0.5145368094149018,0.30326779611571464,0.21126901329918713
profile_0013,profile_0017,0.6992861745857829,0.06249999999999997,0.6367861745857829
profile_0013,profile_0018,0.5494830308558512,0.6805555555555554,0.1310725246997042
profile_0013,profile_0019,0.6566179160982696,0.2500000000000001,0.40661791609826947
profile_0013,profile_0020,0.7325545109089179,0.5514595691461369,0.18109494176278096
profile_0013,profile_0021,0.5184313893944303,0.11428571428571427,0.4041456751087161
profile_0013,profile_0022,0.34046253749401933,0.2499999999999999,0.09046253749401945
profile_0014,profile_0015,0.7230412085070573,0.07639404768978342,0.6466471608172739
profile_0014,profile_0016,0.49607385487142397,0.08333333333333336,0.4127405215380906
profile_0014,profile_0017,0.5678232542803283,0.28571428571428564,0.2821089685660427
profile_0014,profile_0018,0.5620517191957534,0.11428571428571427,0.4477660049100391
profile_0014,profile_0019,0.3764097498314356,0.380952380952381,0.004542631120945384
profile_0014,profile_0020,0.6348220825499555,0.37500000000000006,0.2598220825499555
profile_0014,profile_0021,0.495022481817358,0.11881345356201398,0.37620902825534397
profile_0014,profile_0022,0.5305937320471648,0.25,0.28059373204716476
profile_0014,profile_0023,0.5582587529800174,0.4999999999999999,0.05825875298001748
profile_0015,profile_0016,0.584006981976676,0.0,0.584006981976676
profile_0015,profile_0017,0.47658545915414363,0.09523809523809525,0.3813473639160484
profile_0015,profile_0018,0.5924044210240271,0.05555555555555558,0.5368488654684715
profile_0015,profile_0019,0.4185725552272006,0.13300843265907222,0.28556412256812835
profile_0015,profile_0020,0.501122578063981,0.09503231160264548,0.4060902664613355
profile_0015,profile_0021,0.4408411799142709,0.0,0.4408411799142709
profile_0015,profile_0022,0.6670831562343321,0.380952380952381,0.28613077528195113
profile_0015,profile_0023,0.5478829049005175,0.3000000000000001,0.2478829049005174
profile_0015,profile_0024,0.38080671755862705,0.380952380952381,0.00014566339375393644
profile_0016,profile_0017,0.43051417918617985,0.4444444444444447,0.013930265258264851
profile_0016,profile_0018,0.5755193946498458,0.21428571428571427,0.3612336803641315
profile_0016,profile_0019,0.5587344027002962,0.15999999999999998,0.3987344027002962
profile_0016,profile_0020,0.5944172374648443,0.205682753881321,0.3887344835835233
profile_0016,profile_0021,0.747633388679392,0.2962962962962963,0.4513370923830957
profile_0016,profile_0022,0.7854009830749109,0.18750000000000008,0.5979009830749108
profile_0016,profile_0023,0.8803433804317808,0.2962962962962963,0.5840470841354846
profile_0016,profile_0024,0.5168535268257654,0.380952380952381,0.13590114587338437
profile_0016,profile_0025,0.7685497988696987,0.08333333333333336,0.6852164655363653
profile_0017,profile_0018,0.7151588644606663,0.236280146353605,0.47887871810706134
profile_0017,profile_0019,0.599179145554636,0.1666666666666667,0.4325124788879693
profile_0017,profile_0020,0.6330665752104858,0.4464285714285714,0.18663800378191442
profile_0017,profile_0021,0.38163860304121744,0.14285714285714282,0.23878146018407462
profile_0017,profile_0022,0.2729630978595133,0.29287179945385294,0.01990870159433966
profile_0017,profile_0023,0.4400772915627611,0.3000000000000001,0.140077291562761
profile_0017,profile_0024,0.4695678712249748,0.18750000000000008,0.2820678712249747
profile_0017,profile_0025,0.5636682449347036,0.3333333333333334,0.23033491160137015
profile_0017,profile_0026,0.7401890597055312,0.2563233397527927,0.48386571995273847
profile_0018,profile_0019,0.6135290734482319,0.4999999999999999,0.11352907344823204
profile_0018,profile_0020,0.5873811178161248,0.2795550216723174,0.3078260961438074
profile_0018,profile_0021,0.34867804662187946,0.5714285714285713,0.22275052480669183
profile_0018,profile_0022,0.5230279193387624,0.32142857142857134,0.20159934791019102
profile_0018,profile_0023,0.6111947572615545,0.18750000000000008,0.42369475726155437
profile_0018,profile_0024,0.6813744980514413,0.28124999999999994,0.4001244980514414
profile_0018,profile_0025,0.5047798331571445,0.13333333333333336,0.3714464998238111
profile_0018,profile_0026,0.5761723372242895,0.5066250357283464,0.06954730149594313
profile_0018,profile_0027,0.6531064707798853,0.28571428571428564,0.3673921850655996
profile_0019,profile_0020,0.6575860409470587,0.37499999999999994,0.2825860409470588
profile_0019,profile_0021,0.3384437262565044,0.09523809523809525,0.24320563101840914
profile_0019,profile_0022,0.3954777868388311,0.3333333333333334,0.06214445350549769
profile_0019,profile_0023,0.5671921504534148,0.4999999999999999,0.06719215045341487
profile_0019,profile_0024,0.4639545256589599,0.08333333333333336,0.3806211923256265
profile_0019,profile_0025,0.4204876477021879,0.5952380952380953,0.17475044753590746
profile_0019,profile_0026,0.49398187963407636,0.05555555555555558,0.4384263240785208
profile_0019,profile_0027,0.7909998051686181,0.06397971543524784,0.7270200897333703
profile_0019,profile_0028,0.6374009953458468,0.25,0.3874009953458468
profile_0020,profile_0021,0.6636824809312636,0.2571428571428572,0.4065396237884064
profile_0020,profile_0022,0.5938610609260294,0.049999999999999996,0.5438610609260294
profile_0020,profile_0023,0.5049479400234368,0.06666666666666668,0.43828127335677014
profile_0020,profile_0024,0.6617047068440813,0.10070668529267024,0.5609980215514111
profile_0020,profile_0025,0.6201831599708681,0.13333333333333336,0.4868498266375348
profile_0020,profile_0026,0.774361612505316,0.6666666666666666,0.10769494583864936
profile_0020,profile_0027,0.7810227065721354,0.21428571428571427,0.566736992286421
profile_0020,profile_0028,0.4752218440034621,0.32339679343917754,0.15182505056428458
profile_0020,profile_0029,0.5687469228299167,0.04761904761904762,0.521127875210869
profile_0021,profile_0022,0.6423928023021245,0.6249999999999999,0.017392802302124588
profile_0021,profile_0023,0.5847088909750389,0.4571428571428571,0.1275660338321818
profile_0021,profile_0024,0.3411681313890346,0.22499999999999992,0.1161681313890347
profile_0021,profile_0025,0.7797777932750416,0.4571428571428571,0.3226349361321845
profile_0021,profile_0026,0.795474907893147,0.37499999999999994,0.42047490789314707
profile_0021,profile_0027,0.4456359401102498,0.06981187500266736,0.3758240651075825
profile_0021,profile_0028,0.47386067874262455,0.2312797341571379,0.24258094458548665
profile_0021,profile_0029,0.4964536606104202,0.0829458878841333,0.41350777272628686
profile_0021,profile_0030,0.5654789437866906,0.22499999999999992,0.3404789437866907
profile_0022,profile_0023,0.7188048982515604,0.466094001305107,0.2527108969464534
profile_0022,profile_0024,0.5283436756358934,0.09523809523809525,0.4331055803977981
profile_0022,profile_0025,0.6921319607133937,0.5234471896051447,0.16868477110824898
profile_0022,profile_0026,0.5237356187658663,0.3265306122448978,0.19720500652096845
profile_0022,profile_0027,0.48657774311943447,0.3265306122448978,0.16004713087453665
profile_0022,profile_0028,0.5354811146965972,0.2571428571428572,0.27833825755374003
profile_0022,profile_0029,0.7658664040871974,0.4999999999999999,0.2658664040871975
profile_0022,profile_0030,0.575520647550008,0.0,0.575520647550008
profile_0022,profile_0031,0.5891020035330525,0.17585666320978996,0.41324534032326254
profile_0023,profile_0024,0.41343323407282934,0.15999999999999998,0.25343323407282936
profile_0023,profile_0025,0.6422228537338245,0.0,0.6422228537338245
profile_0023,profile_0026,0.6237880339805763,0.049659045562712174,0.5741289884178641
profile_0023,profile_0027,0.6649245291322092,0.04166666666666668,0.6232578624655426
profile_0023,profile_0028,0.8223326830672177,0.5208333333333335,0.30149934973388426
profile_0023,profile_0029,0.5451864722335985,0.04761904761904762,0.4975674246145509
profile_0023,profile_0030,0.5649131252421964,0.0625,0.5024131252421964
profile_0023,profile_0031,0.5111492271206164,0.19999999999999998,0.31114922712061643
profile_0023,profile_0032,0.5975622036127425,0.19436584913863986,0.4031963544741026
profile_0024,profile_0025,0.3556736109407797,0.2571428571428572,0.09853075379792253
profile_0024,profile_0026,0.5013244301256621,0.3333333333333334,0.16799109679232865
profile_0024,profile_0027,0.7061433396489076,0.39999999999999986,0.3061433396489078
profile_0024,profile_0028,0.2589392219768724,0.09523809523809525,0.16370112673877718
profile_0024,profile_0029,0.6053834869919728,0.4571428571428571,0.14824062984911568
profile_0024,profile_0030,0.4817689007227021,0.3265306122448978,0.1552382884778043
profile_0024,profile_0031,0.5694254147667529,0.46296296296296297,0.10646245180378994
profile_0024,profile_0032,0.695772322833265,0.0,0.695772322833265
profile_0024,profile_0033,0.6818400706539615,0.046832660603957986,0.6350074100500035
profile_0025,profile_0026,0.7517948344691345,0.4464285714285714,0.30536626304056314
profile_0025,profile_0027,0.43346102472228093,0.0,0.43346102472228093
profile_0025,profile_0028,0.626649294751903,0.21428571428571427,0.4123635804661887
profile_0025,profile_0029,0.5340295444175003,0.37499999999999994,0.15902954441750033
profile_0025,profile_0030,0.7250098001486776,0.33225397203324036,0.3927558281154372
profile_0025,profile_0031,0.7121535510743123,0.28571428571428564,0.4264392653600267
profile_0025,profile_0032,0.398548575724993,0.09999999999999996,0.29854857572499305
profile_0025,profile_0033,0.6955189748958519,0.0,0.6955189748958519
profile_0025,profile_0034,0.6853955308065863,0.32,0.3653955308065863
profile_0026,profile_0027,0.6209401979549926,0.26439244325916833,0.3565477546958242
profile_0026,profile_0028,0.5858180207010311,0.21428571428571427,0.37153230641531676
profile_0026,profile_0029,0.4822352614144962,0.11111111111111117,0.371124150303385
profile_0026,profile_0030,0.7813663296644987,0.4464285714285714,0.3349377582359273
profile_0026,profile_0031,0.57997510190449,0.14285714285714282,0.4371179590473472
profile_0026,profile_0032,0.4805086314072374,0.11111111111111117,0.3693975202961262
profile_0026,profile_0033,0.6672928540301252,0.32142857142857134,0.34586428260155383
profile_0026,profile_0034,0.5762560395503773,0.4444444444444444,0.13181159510593288
profile_0026,profile_0035,0.5533951145946571,0.510204081632653,0.043191032962004106
profile_0027,profile_0028,0.5498409478320135,0.22222222222222232,0.3276187256097912
profile_0027,profile_0029,0.5895770038619883,0.11428571428571427,0.47529128957627403
profile_0027,profile_0030,0.4807196601434517,0.09999999999999996,0.3807196601434517
profile_0027,profile_0031,0.5313938310118086,0.1944218934199493,0.3369719375918593
profile_0027,profile_0032,0.5942699439858273,0.07149416244403234,0.522775781541795
profile_0027,profile_0033,0.5978119988284007,0.1666666666666667,0.431145332161734
profile_0027,profile_0034,0.5317822318041847,0.380952380952381,0.15082985085180373
profile_0027,profile_0035,0.653885757149777,0.37500000000000006,0.278885757149777
profile_0027,profile_0036,0.610485382956698,0.2666666666666667,0.34381871629003125
profile_0028,profile_0029,0.4089021701289238,0.16666666666666666,0.24223550346225717
profile_0028,profile_0030,0.609348133702375,0.3000000000000001,0.30934813370237485
profile_0028,profile_0031,0.5481388045185289,0.22499999999999992,0.323138804518529
profile_0028,profile_0032,0.3928279756191539,0.12499999999999997,0.26782797561915395
profile_0028,profile_0033,0.4082843535999327,0.5333333333333334,0.12504897973340073
profile_0028,profile_0034,0.7290683230365939,0.20238417243202578,0.5266841506045681
profile_0028,profile_0035,0.548529275012949,0.06666666666666668,0.48186260834628236
profile_0028,profile_0036,0.6295639462395505,0.4340193106899772,0.1955446355495733
profile_0028,profile_0037,0.47095234511632217,0.08333333333333336,0.3876190117829888
profile_0029,profile_0030,0.4280037987146394,0.22499999999999992,0.20300379871463947
profile_0029,profile_0031,0.6362256028532084,0.049999999999999996,0.5862256028532083
profile_0029,profile_0032,0.6197043431101198,0.21077548398796211,0.4089288591221577
profile_0029,profile_0033,0.7433644413969291,0.22222222222222232,0.5211422191747068
profile_0029,profile_0034,0.5900734967085326,0.07826725282423236,0.5118062438843003
profile_0029,profile_0035,0.7169500182121448,0.3265306122448978,0.39041940596724695
profile_0029,profile_0036,0.4104416190893254,0.6399999999999999,0.2295583809106745
profile_0029,profile_0037,0.8091837004731651,0.09999999999999996,0.7091837004731651
profile_0029,profile_0038,0.6450971939523842,0.3333333333333334,0.31176386061905076
profile_0030,profile_0031,0.6162599295109794,0.4418818722941163,0.1743780572168631
profile_0030,profile_0032,0.5765986368906092,0.2200138055573752,0.356584831333234
profile_0030,profile_0033,0.5668379459590224,0.18750000000000008,0.37933794595902226
profile_0030,profile_0034,0.6207472346628167,0.380952380952381,0.23979485371043568
profile_0030,profile_0035,0.517066704153061,0.08888888888888886,0.42817781526417215
profile_0030,profile_0036,0.7131698851110423,0.04982447185332682,0.6633454132577155
profile_0030,profile_0037,0.704968423528599,0.39999999999999986,0.30496842352859915
profile_0030,profile_0038,0.6384293768567493,0.21428571428571427,0.424143662571035
profile_0030,profile_0039,0.817299833230955,0.19999999999999993,0.617299833230955
profile_0031,profile_0032,0.6369038208589314,0.1904761904761905,0.4464276303827409
profile_0031,profile_0033,0.8514626213031046,0.039999999999999994,0.8114626213031045
profile_0031,profile_0034,0.45826254705992736,0.36363636363636365,0.09462618342356371
profile_0031,profile_0035,0.5588075606363351,0.042885424527811425,0.5159221361085237
profile_0031,profile_0036,0.6874939958171246,0.5208333333333335,0.16666066248379108
profile_0031,profile_0037,0.8338576853948334,0.049999999999999996,0.7838576853948334
profile_0031,profile_0038,0.7314268556691658,0.5208333333333335,0.21059352233583228
profile_0031,profile_0039,0.7039523772574544,0.39999999999999986,0.30395237725745455
profile_0031,profile_0040,0.604841920256814,0.37499999999999994,0.2298419202568141
profile_0032,profile_0033,0.6003257649704506,0.32142857142857134,0.2788971935418793
profile_0032,profile_0034,0.38988895499454385,0.06249999999999997,0.3273889549945439
profile_0032,profile_0035,0.6486744408375286,0.10109838515172712,0.5475760556858015
profile_0032,profile_0036,0.5264226648579514,0.07142857142857141,0.45499409342938
profile_0032,profile_0037,0.7985480037046147,0.380952380952381,0.41759562275223366
profile_0032,profile_0038,0.38677305878218704,0.3485809748890348,0.03819208389315226
profile_0032,profile_0039,0.5360818297673652,0.2571428571428572,0.278938972624508
profile_0032,profile_0040,0.824856943586013,0.49708303748155475,0.3277739061044583
profile_0032,profile_0041,0.4930048690528558,0.06666666666666668,0.42633820238618914
profile_0033,profile_0034,0.4330445769068626,0.3000000000000001,0.1330445769068625
profile_0033,profile_0035,0.600263368643757,0.4444444444444447,0.15581892419931226
profile_0033,profile_0036,0.641655709965246,0.4444444444444444,0.1972112655208016
profile_0033,profile_0037,0.8439078351226333,0.19999999999999998,0.6439078351226334
profile_0033,profile_0038,0.7668917595621325,0.4444444444444447,0.3224473151176878
profile_0033,profile_0039,0.6810168455219485,0.39999999999999986,0.28101684552194867
profile_0033,profile_0040,0.6143795565375817,0.39203074461843457,0.22234881191914713
profile_0033,profile_0041,0.6448651992884685,0.3333333333333334,0.3115318659551351
profile_0033,profile_0042,0.5584139460695894,0.1904761904761905,0.3679377555933989
profile_0034,profile_0035,0.5244157297565425,0.5208333333333335,0.003582396423209011
profile_0034,profile_0036,0.36173385804002023,0.11111111111111117,0.25062274692890907
profile_0034,profile_0037,0.5804868597173943,0.6125,0.03201314028260571
profile_0034,profile_0038,0.49801663402460983,0.2962962962962963,0.20172033772831355
profile_0034,profile_0039,0.5889602684015461,0.25,0.33896026840154614
profile_0034,profile_0040,0.519988410071537,0.04619570437079413,0.47379270570074283
profile_0034,profile_0041,0.6002206279415653,0.03333333333333334,0.566887294608232
profile_0034,profile_0042,0.3838960592136955,0.05327856676808237,0.33061749244561317
profile_0034,profile_0043,0.5512851224430005,0.380952380952381,0.17033274149061955
profile_0035,profile_0036,0.5743115395209133,0.2507505233943129,0.3235610161266004
profile_0035,profile_0037,0.6536276955559801,0.5142857142857143,0.13934198127026576
profile_0035,profile_0038,0.5587393280513652,0.21428571428571427,0.34445361376565087
profile_0035,profile_0039,0.5387383704968378,0.3545951669675641,0.1841432035292737
profile_0035,profile_0040,0.5701341889315245,0.30217949560753965,0.2679546933239848
profile_0035,profile_0041,0.6480378898100014,0.46296296296296297,0.18507492684703847
profile_0035,profile_0042,0.5795231855897582,0.23627283571117946,0.3432503498785788
profile_0035,profile_0043,0.5556378841379009,0.37977520568504125,0.1758626784528597
profile_0035,profile_0044,0.48464138918964106,0.510204081632653,0.025562692443011903
profile_0036,profile_0037,0.6150609071927602,0.13333333333333336,0.4817275738594268
profile_0036,profile_0038,0.6279776075850508,0.22222222222222232,0.4057553853628285
profile_0036,profile_0039,0.6480332723175041,0.3173907116964825,0.3306425606210216
profile_0036,profile_0040,0.5283824883689439,0.7901234567901234,0.26174096842117955
profile_0036,profile_0041,0.38189485006952406,0.3333333333333334,0.048561516736190635
profile_0036,profile_0042,0.7694361922755534,0.03333333333333334,0.73610285894222
profile_0036,profile_0043,0.5158433098164472,0.3265515289497954,0.18929178086665183
profile_0036,profile_0044,0.47975193242936925,0.07142857142857141,0.40832336100079786
profile_0036,profile_0045,0.6536820825952734,0.8128315363210455,0.15914945372577216
profile_0037,profile_0038,0.7739766665138501,0.2539682539682539,0.5200084125455962
profile_0037,profile_0039,0.6979728705273585,0.7999999999999999,0.10202712947264148
profile_0037,profile_0040,0.7015908446176976,0.2740477587369438,0.4275430858807538
profile_0037,profile_0041,0.6987143551230736,0.22222222222222232,0.47649213290085124
profile_0037,profile_0042,0.4602292476014882,0.2612128632120625,0.1990163843894257
profile_0037,profile_0043,0.5810551154559855,0.13333333333333336,0.4477217821226522
profile_0037,profile_0044,0.5433089388632856,0.14791091739976722,0.3953980214635183
profile_0037,profile_0045,0.7277981603439131,0.04166666666666668,0.6861314936772465
profile_0037,profile_0046,0.6686684199404455,0.5208333333333335,0.14783508660711198
profile_0038,profile_0039,0.6497521561736174,0.11111111111111117,0.5386410450625062
profile_0038,profile_0040,0.41179923815299097,0.22499999999999992,0.18679923815299104
profile_0038,profile_0041,0.658915376630068,0.14588891704938556,0.5130264595806825
profile_0038,profile_0042,0.5938372713203641,0.21428571428571427,0.3795515570346498
profile_0038,profile_0043,0.3035377645257191,0.32,0.016462235474280884
profile_0038,profile_0044,0.24898912496791112,0.6249999999999999,0.37601087503208874
profile_0038,profile_0045,0.6954675407505018,0.4606863522083582,0.23478118854214358
profile_0038,profile_0046,0.5908522672522708,0.21428571428571427,0.3765665529665565
profile_0038,profile_0047,0.6578900235486895,0.03333333333333334,0.6245566902153562
profile_0039,profile_0040,0.6437386169241995,0.19999999999999998,0.4437386169241996
profile_0039,profile_0041,0.6944927794727124,0.041666666666666664,0.6528261128060457
profile_0039,profile_0042,0.6384299134405927,0.19999999999999993,0.4384299134405928
profile_0039,profile_0043,0.7602307355202526,0.46296296296296297,0.2972677725572896
profile_0039,profile_0044,0.697061308126459,0.3000000000000001,0.39706130812645885
profile_0039,profile_0045,0.5350494625979534,0.44642857142857123,0.08862089116938215
profile_0039,profile_0046,0.47276578315495366,0.18750000000000008,0.28526578315495354
profile_0039,profile_0047,0.6766479054421072,0.5952380952380953,0.08140981020401183
profile_0039,profile_0048,0.5869044751986687,0.25,0.33690447519866873
profile_0040,profile_0041,0.5712124369206278,0.08333333333333336,0.48787910358729447
profile_0040,profile_0042,0.39477014622678475,0.0,0.39477014622678475
profile_0040,profile_0043,0.7408569423602562,0.3968253968253968,0.34403154553485943
profile_0040,profile_0044,0.6626228089181059,0.22499999999999992,0.43762280891810595
profile_0040,profile_0045,0.399881693490459,0.14285714285714282,0.2570245506333162
profile_0040,profile_0046,0.578638454540926,0.4999999999999999,0.0786384545409261
profile_0040,profile_0047,0.7262685953470641,0.5208333333333335,0.20543526201373064
profile_0040,profile_0048,0.6312515392649927,0.11428571428571427,0.5169658249792783
profile_0040,profile_0049,0.607962293656785,0.05555555555555558,0.5524067381012294
profile_0041,profile_0042,0.5783289127879534,0.2500000000000001,0.3283289127879533
profile_0041,profile_0043,0.5606968428851802,0.15999999999999998,0.4006968428851802
profile_0041,profile_0044,0.47383762077148656,0.19999999999999998,0.27383762077148655
profile_0041,profile_0045,0.5316470066682182,0.06604887265634127,0.4655981340118769
profile_0041,profile_0046,0.499688440344553,0.15999999999999998,0.33968844034455303
profile_0041,profile_0047,0.6527458909187771,0.15999999999999998,0.49274589091877713
profile_0041,profile_0048,0.804180133244474,0.09523809523809525,0.7089420380063788
profile_0041,profile_0049,0.518239428615374,0.6363636363636362,0.11812420774826227
profile_0041,profile_0050,0.5029913706075805,0.11428571428571427,0.3887056563218662
profile_0042,profile_0043,0.4991276520583123,0.04166666666666668,0.4574609853916456
profile_0042,profile_0044,0.44843105798708166,0.14285714285714282,0.3055739151299388
profile_0042,profile_0045,0.615616969402929,0.0,0.615616969402929
profile_0042,profile_0046,0.5996072117439919,0.04166666666666668,0.5579405450773253
profile_0042,profile_0047,0.6442723874038986,0.2571428571428572,0.3871295302610414
profile_0042,profile_0048,0.6821458487749267,0.3265306122448978,0.35561523653002886
profile_0042,profile_0049,0.47349397090507256,0.24461976874276367,0.2288742021623089
profile_0042,profile_0050,0.5516322888936299,0.3000000000000001,0.2516322888936298
profile_0042,profile_0051,0.30955769647317655,0.3000000000000001,0.009557696473176447
profile_0043,profile_0044,0.882556539030574,0.3000000000000001,0.5825565390305738
profile_0043,profile_0045,0.4621692782127272,0.25,0.21216927821272719
profile_0043,profile_0046,0.4240246918403745,0.3000000000000001,0.1240246918403744
profile_0043,profile_0047,0.6135713744020292,0.19999999999999998,0.4135713744020293
profile_0043,profile_0048,0.5092094398227229,0.37500000000000006,0.13420943982272288
profile_0043,profile_0049,0.34965826182556314,0.3333333333333334,0.016324928492229718
profile_0043,profile_0050,0.655169104757499,0.07140295721088973,0.5837661475466093
profile_0043,profile_0051,0.549634232286519,0.25,0.299634232286519
profile_0043,profile_0052,0.4834904139085424,0.6666666666666669,0.18317625275812444
profile_0044,profile_0045,0.37575765352628937,0.4571428571428571,0.0813852036165677
profile_0044,profile_0046,0.5007127109855961,0.11111111111111117,0.38960159987448495
profile_0044,profile_0047,0.5494774757537614,0.5625,0.01302252424623862
profile_0044,profile_0048,0.44800766434684414,0.5714285714285713,0.12342090708172715
profile_0044,profile_0049,0.2993059129227395,0.08333333333333336,0.21597257958940613
profile_0044,profile_0050,0.7581566315211031,0.35610223121893,0.40205440030217315
profile_0044,profile_0051,0.5220299383869694,0.3968253968253968,0.12520454156157262
profile_0044,profile_0052,0.483872845613155,0.28124999999999994,0.20262284561315508
profile_0044,profile_0053,0.5818432971751873,0.3333333333333334,0.24850996384185392
profile_0045,profile_0046,0.6178641032730299,0.5714285714285713,0.04643553184445859
profile_0045,profile_0047,0.6704012816079552,0.2539682539682539,0.4164330276397013
profile_0045,profile_0048,0.7544445368130618,0.2962962962962963,0.4581482405167655
profile_0045,profile_0049,0.44196477063679074,0.028571428571428567,0.41339334206536216
profile_0045,profile_0050,0.5300979867329059,0.6428571428571427,0.11275915612423681
profile_0045,profile_0051,0.6281241242868008,0.08689495589447348,0.5412291683923273
profile_0045,profile_0052,0.8348034235861216,0.22499999999999992,0.6098034235861216
profile_0045,profile_0053,0.5359189179728173,0.04761904761904762,0.4882998703537697
profile_0045,profile_0054,0.5262779643047497,0.19999999999999998,0.32627796430474976
profile_0046,profile_0047,0.6403944432477287,0.2500000000000001,0.39039444324772854
profile_0046,profile_0048,0.8011234109353589,0.31772372013431205,0.48339969080104683
profile_0046,profile_0049,0.5598848444125383,0.39999999999999986,0.15988484441253842
profile_0046,profile_0050,0.7511645322596657,0.028571428571428567,0.7225931036882371
profile_0046,profile_0051,0.6295465461571768,0.5333333333333334,0.09621321282384332
profile_0046,profile_0052,0.6963123135018837,0.4831796116234148,0.21313270187846894
profile_0046,profile_0053,0.5502161842936845,0.49982446027392324,0.05039172401976122
profile_0046,profile_0054,0.4504246438008427,0.07460177431311907,0.3758228694877236
profile_0046,profile_0055,0.6724351815027382,0.29993432239852275,0.37250085910421543
profile_0047,profile_0048,0.8067575634578557,0.4999999999999999,0.30675756345785576
profile_0047,profile_0049,0.5155442455521279,0.1666666666666667,0.3488775788854611
profile_0047,profile_0050,0.6221220276101262,0.14285714285714282,0.47926488475298346
profile_0047,profile_0051,0.6633113970877568,0.11428571428571427,0.5490256828020426
profile_0047,profile_0052,0.6877382765275714,0.46296296296296297,0.2247753135646084
profile_0047,profile_0053,0.5750614391007153,0.1666666666666667,0.40839477243404854
profile_0047,profile_0054,0.6390870668643592,0.06666666666666668,0.5724204001976926
profile_0047,profile_0055,0.6358370509059869,0.3783526680836537,0.25748438282233316
profile_0047,profile_0056,0.6508774625019753,0.28124999999999994,0.36962746250197537
profile_0048,profile_0049,0.5797453394411254,0.3554193520545346,0.22432598738659076
profile_0048,profile_0050,0.5852602255393708,0.22499999999999992,0.3602602255393709
profile_0048,profile_0051,0.6725500381425279,0.3000000000000001,0.3725500381425278
profile_0048,profile_0052,0.6939489316667512,0.08333333333333336,0.6106155983334178
profile_0048,profile_0053,0.6940774021236703,0.11757196856868776,0.5765054335549825
profile_0048,profile_0054,0.4470042377866533,0.21239241101691383,0.2346118267697395
profile_0048,profile_0055,0.7254990604114137,0.11428571428571427,0.6112133461256994
profile_0048,profile_0056,0.693437794186628,0.3000000000000001,0.3934377941866279
profile_0048,profile_0057,0.7175334669941169,0.4444444444444447,0.2730890225496722
profile_0049,profile_0050,0.4445557410934367,0.09999999999999996,0.34455574109343673
profile_0049,profile_0051,0.42000688233681366,0.21428571428571427,0.20572116805109938
profile_0049,profile_0052,0.44600150246286796,0.37500000000000006,0.0710015024628679
profile_0049,profile_0053,0.49231546687170374,0.040176834197379024,0.45213863267432475
profile_0049,profile_0054,0.33696632920165254,0.37500000000000006,0.03803367079834752
profile_0049,profile_0055,0.7039077208742877,0.28571428571428564,0.418193435160002
profile_0049,profile_0056,0.5051002532902726,0.2135375602932205,0.2915626929970522
profile_0049,profile_0057,0.5995958036695939,0.13333333333333336,0.4662624703362605
profile_0049,profile_0058,0.3893864536008698,0.13333333333333336,0.25605312026753646
profile_0050,profile_0051,0.6906752843635935,0.4495687729627309,0.2411065114008626
profile_0050,profile_0052,0.6734523278389428,0.08333333333333336,0.5901189945056095
profile_0050,profile_0053,0.5450648783063498,0.39999999999999986,0.1450648783063499
profile_0050,profile_0054,0.5434102460474871,0.14285714285714282,0.4005531031903443
profile_0050,profile_0055,0.558756333164143,0.30849256349558424,0.25026376966855873
profile_0050,profile_0056,0.5066256191022456,0.380952380952381,0.12567323814986459
profile_0050,profile_0057,0.6329870718009505,0.04704346436449022,0.5859436074364602
profile_0050,profile_0058,0.7434590933659762,0.6428571428571427,0.10060195050883347
profile_0050,profile_0059,0.6756134219503269,0.1666666666666667,0.5089467552836602
profile_0051,profile_0052,0.7999378231746539,0.0,0.7999378231746539
profile_0051,profile_0053,0.598127643916629,0.04123778472813548,0.5568898591884935
profile_0051,profile_0054,0.7633673910207682,0.39999999999999986,0.36336739102076837
profile_0051,profile_0055,0.7434120571211678,0.03333333333333334,0.7100787237878344
profile_0051,profile_0056,0.7365168180450391,0.027777777777777794,0.7087390402672613
profile_0051,profile_0057,0.4739974543619032,0.32142857142857134,0.15256888293333187
profile_0051,profile_0058,0.775857412754421,0.1904761904761905,0.5853812222782305
profile_0051,profile_0059,0.7769436532356204,0.4464285714285714,0.330515081807049
profile_0051,profile_0060,0.6954806445153756,0.41838987238530595,0.27709077213006966
profile_0052,profile_0053,0.46578634924663476,0.3265306122448978,0.13925573700173693
profile_0052,profile_0054,0.7527176322652732,0.22499999999999992,0.5277176322652732
profile_0052,profile_0055,0.6135460753356349,0.4999999999999999,0.11354607533563499
profile_0052,profile_0056,0.5713545469824757,0.09523809523809525,0.47611645174438044
profile_0052,profile_0057,0.5321156745081791,0.3265306122448978,0.20558506226328127
profile_0052,profile_0058,0.7993589024755263,0.1666666666666667,0.6326922358088596
profile_0052,profile_0059,0.47847284240317484,0.19999999999999998,0.2784728424031748
profile_0052,profile_0060,0.6497029680344873,0.09523809523809525,0.5544648727963921
profile_0052,profile_0061,0.39763061473890066,0.34370794795554627,0.05392266678335439
profile_0053,profile_0054,0.5274248922335817,0.3333333333333334,0.19409155890024826
profile_0053,profile_0055,0.7999055982075913,0.22499999999999992,0.5749055982075915
profile_0053,profile_0056,0.5295816642670155,0.12499999999999997,0.4045816642670155
profile_0053,profile_0057,0.7492139805327334,0.3906249999999997,0.35858898053273364
profile_0053,profile_0058,0.6127496983655805,0.222450342682225,0.3902993556833555
profile_0053,profile_0059,0.6757774255659081,0.37500000000000006,0.3007774255659081
profile_0053,profile_0060,0.6098230048410654,0.04761904761904762,0.5622039572220178
profile_0053,profile_0061,0.6071195957280809,0.11428571428571427,0.4928338814423667
profile_0053,profile_0062,0.5505521868411247,0.2571428571428572,0.29340932969826755
profile_0054,profile_0055,0.6278328578728174,0.2500000000000001,0.3778328578728173
profile_0054,profile_0056,0.4920638681240223,0.17894602071106047,0.31311784741296184
profile_0054,profile_0057,0.4843420154212604,0.12447823677310264,0.3598637786481577
profile_0054,profile_0058,0.6337974128440604,0.27467800012978494,0.3591194127142755
profile_0054,profile_0059,0.6360991330764763,0.2500000000000001,0.38609913307647614
profile_0054,profile_0060,0.679967539895877,0.42857142857142866,0.25139611132444833
profile_0054,profile_0061,0.4773717679977428,0.3333333333333334,0.14403843466440935
profile_0054,profile_0062,0.41974529308086567,0.05174879421877065,0.367996498862095
profile_0054,profile_0063,0.7635207277630811,0.16071428571428567,0.6028064420487954
profile_0055,profile_0056,0.6142982554651402,0.24552459029999932,0.3687736651651409
profile_0055,profile_0057,0.722472619447973,0.2727272727272728,0.4497453467207002
profile_0055,profile_0058,0.7248436496609056,0.5333333333333334,0.1915103163275722
profile_0055,profile_0059,0.7078287428148677,0.39999999999999986,0.3078287428148679
profile_0055,profile_0060,0.73986104076135,0.14285714285714282,0.5970038979042072
profile_0055,profile_0061,0.7056500160003608,0.28571428571428564,0.41993573028607517
profile_0055,profile_0062,0.6265730380100918,0.23373730591297356,0.3928357320971182
profile_0055,profile_0063,0.784921591089223,0.14285714285714282,0.6420644482320802
profile_0055,profile_0064,0.545244125494082,0.6944444444444446,0.14920031895036268
profile_0056,profile_0057,0.3988251825169907,0.5803415005266483,0.18151631800965767
profile_0056,profile_0058,0.6310808060192105,0.2815456259562132,0.3495351800629973
profile_0056,profile_0059,0.6423900107537149,0.11111111111111117,0.5312788996426038
profile_0056,profile_0060,0.5266230362786435,0.06484916332460366,0.4617738729540398
profile_0056,profile_0061,0.5986438624525787,0.5102040816326527,0.08843978081992598
profile_0056,profile_0062,0.421735943953094,0.13333333333333336,0.28840261061976064
profile_0056,profile_0063,0.57129104399792,0.32429292270505866,0.2469981212928613
profile_0056,profile_0064,0.43040382331155874,0.2196761504090961,0.21072767290246264
profile_0056,profile_0065,0.6637426324458158,0.2534320645665734,0.41031056787924236
profile_0057,profile_0058,0.641968316396311,0.1904761904761905,0.45149212592012056
profile_0057,profile_0059,0.5104082110296072,0.3000000000000001,0.2104082110296071
profile_0057,profile_0060,0.7162029752421601,0.15990192235158815,0.556301052890572
profile_0057,profile_0061,0.6003653340809197,0.25,0.35036533408091974
profile_0057,profile_0062,0.7401042337574256,0.19659962196042544,0.5435046117970002
profile_0057,profile_0063,0.7825362557427351,0.2962962962962963,0.48623995944643883
profile_0057,profile_0064,0.7889187313991524,0.03333333333333334,0.755585398065819
profile_0057,profile_0065,0.758209195485198,0.4464285714285714,0.31178062405662665
profile_0057,profile_0066,0.6069541097050595,0.39009811474741174,0.21685599495764774
profile_0058,profile_0059,0.6708611580077275,0.3333333333333334,0.3375278246743941
profile_0058,profile_0060,0.8289572610323931,0.18750000000000008,0.641457261032393
profile_0058,profile_0061,0.5245341014921012,0.13333333333333336,0.39120076815876786
profile_0058,profile_0062,0.651745539438608,0.049999999999999996,0.601745539438608
profile_0058,profile_0063,0.7630148110361578,0.039999999999999994,0.7230148110361577
profile_0058,profile_0064,0.5659151406808071,0.039999999999999994,0.525915140680807
profile_0058,profile_0065,0.8647495699983736,0.1666666666666667,0.6980829033317069
profile_0058,profile_0066,0.8113572381980674,0.04534924428529898,0.7660079939127684
profile_0058,profile_0067,0.7342833424650088,0.380952380952381,0.35333096151262783
profile_0059,profile_0060,0.7856639871671904,0.2666666666666667,0.5189973205005237
profile_0059,profile_0061,0.5835851990968154,0.12499999999999997,0.4585851990968154
profile_0059,profile_0062,0.503072983525598,0.13333333333333336,0.3697396501922647
profile_0059,profile_0063,0.6628109340474635,0.7777777777777776,0.11496684373031407
profile_0059,profile_0064,0.37089157662579614,0.39999999999999986,0.029108423374203718
profile_0059,profile_0065,0.6092875465795528,0.533955958324856,0.07533158825469677
profile_0059,profile_0066,0.5102887275941331,0.380952380952381,0.12933634664175214
profile_0059,profile_0067,0.8029807731288394,0.15999999999999998,0.6429807731288395
profile_0059,profile_0068,0.6272576079058568,0.2500000000000001,0.3772576079058567
profile_0060,profile_0061,0.49426262491455886,0.0817396458727864,0.4125229790417725
profile_0060,profile_0062,0.6900930375456983,0.26187068784473333,0.42822234970096495
profile_0060,profile_0063,0.7412941739192503,0.45454545454545464,0.2867487193737957
profile_0060,profile_0064,0.6035330235543422,0.06666666666666668,0.5368663568876756
profile_0060,profile_0065,0.6639336378264435,0.3333333333333333,0.33060030449311023
profile_0060,profile_0066,0.6757300333323422,0.22499999999999992,0.45073003333234224
profile_0060,profile_0067,0.7591042912948495,0.39999999999999986,0.3591042912948496
profile_0060,profile_0068,0.4907873609427727,0.510204081632653,0.019416720689880262
profile_0060,profile_0069,0.7188433220788532,0.380952380952381,0.33789094112647217
profile_0061,profile_0062,0.5965928104049312,0.28576926639517813,0.31082354400975304
profile_0061,profile_0063,0.7642673642531805,0.3333333333333334,0.4309340309198471
profile_0061,profile_0064,0.5067272157448285,0.1666666666666667,0.34006054907816174
profile_0061,profile_0065,0.6543036287703626,0.3000000000000001,0.35430362877036253
profile_0061,profile_0066,0.618036878961448,0.32142857142857134,0.29660830753287665
profile_0061,profile_0067,0.7412555940163306,0.0,0.7412555940163306
profile_0061,profile_0068,0.8128816498784718,0.0,0.8128816498784718
profile_0061,profile_0069,0.6805420603950643,0.380952380952381,0.2995896794426833
profile_0061,profile_0070,0.6086224845359133,0.2500000000000001,0.35862248453591317
profile_0062,profile_0063,0.5801702077698281,0.0,0.5801702077698281
profile_0062,profile_0064,0.5858329495785046,0.09999999999999996,0.48583294957850465
profile_0062,profile_0065,0.6724135825888495,0.43791480102914104,0.2344987815597085
profile_0062,profile_0066,0.7471468168373937,0.16071428571428567,0.586432531123108
profile_0062,profile_0067,0.6801523515152135,0.6049382716049381,0.0752140799102754
profile_0062,profile_0068,0.5523642531651608,0.39999999999999986,0.15236425316516095
profile_0062,profile_0069,0.779935472893,0.35036329749782846,0.42957217539517156
profile_0062,profile_0070,0.7125543417712759,0.28124999999999994,0.4313043417712759
profile_0062,profile_0071,0.8263647296380923,0.2770021377998775,0.5493625918382148
profile_0063,profile_0064,0.6380613418519528,0.3333333333333334,0.3047280085186194
profile_0063,profile_0065,0.7470029359563237,0.29746830843934613,0.4495346275169776
profile_0063,profile_0066,0.6946376166558962,0.10811248990004327,0.5865251267558529
profile_0063,profile_0067,0.8264409087070257,0.2688436925001989,0.5575972162068268
profile_0063,profile_0068,0.679356658697269,0.22499999999999992,0.4543566586972691
profile_0063,profile_0069,0.697577845856494,0.3291649601712026,0.36841288568529135
profile_0063,profile_0070,0.721946995310259,0.049999999999999996,0.6719469953102589
profile_0063,profile_0071,0.595644491211616,0.4464285714285714,0.1492159197830446
profile_0063,profile_0072,0.4906270880263362,0.19999999999999998,0.2906270880263362
profile_0064,profile_0065,0.6254991258972562,0.5714285714285713,0.05407055446868492
profile_0064,profile_0066,0.4355407928448806,0.2571428571428572,0.17839793570202345
profile_0064,profile_0067,0.567553095027886,0.13333333333333336,0.4342197616945526
profile_0064,profile_0068,0.4513272541448648,0.04761904761904762,0.4037082065258172
profile_0064,profile_0069,0.6015591201784076,0.1666666666666667,0.4348924535117409
profile_0064,profile_0070,0.7305010666504111,0.32,0.41050106665041114
profile_0064,profile_0071,0.5585923151821152,0.39999999999999986,0.1585923151821153
profile_0064,profile_0072,0.45320574611288716,0.21428571428571427,0.2389200318271729
profile_0064,profile_0073,0.6566245791928927,0.11428571428571427,0.5423388649071785
profile_0065,profile_0066,0.7552976240435502,0.4144256895932323,0.3408719344503179
profile_0065,profile_0067,0.8083437098092946,0.03333024208436268,0.775013467724932
profile_0065,profile_0068,0.6191517477170428,0.5333333333333334,0.08581841438370941
profile_0065,profile_0069,0.8075692530902595,0.4464285714285714,0.3611406816616881
profile_0065,profile_0070,0.7321370400865215,0.44400091318417595,0.2881361269023455
profile_0065,profile_0071,0.5883847030346494,0.3085473727977377,0.2798373302369117
profile_0065,profile_0072,0.6567695436719915,0.32142857142857134,0.33534097224342013
profile_0065,profile_0073,0.3956235108310881,0.380952380952381,0.014671129878707112
profile_0065,profile_0074,0.8130040815391036,0.3585339604955082,0.45447012104359547
profile_0066,profile_0067,0.6526733102234371,0.6393974316430411,0.013275878580396028
profile_0066,profile_0068,0.5958069992510808,0.18750000000000008,0.4083069992510807
profile_0066,profile_0069,0.7921555705554225,0.13333333333333336,0.6588222372220891
profile_0066,profile_0070,0.6205747410223327,0.32,0.30057474102233267
profile_0066,profile_0071,0.6614076523996034,0.36,0.30140765239960343
profile_0066,profile_0072,0.7692082298691878,0.0,0.7692082298691878
profile_0066,profile_0073,0.5984649170649122,0.25,0.3484649170649122
profile_0066,profile_0074,0.8313693050678704,0.5333333333333334,0.298035971734537
profile_0066,profile_0075,0.7942604511460163,0.11111111111111117,0.6831493400349051
profile_0067,profile_0068,0.6826596538740922,0.8571428571428571,0.17448320326876487
profile_0067,profile_0069,0.6348446077443022,0.21428571428571427,0.4205588934585879
profile_0067,profile_0070,0.8242872544539899,0.4025677423721826,0.42171951208180725
profile_0067,profile_0071,0.6170882752395198,0.13333333333333336,0.48375494190618645
profile_0067,profile_0072,0.5085311452464868,0.07423721535643703,0.4342939298900498
profile_0067,profile_0073,0.41380605810960364,0.380952380952381,0.03285367715722265
profile_0067,profile_0074,0.7034818657905225,0.6603269289628204,0.043154936827702106
profile_0067,profile_0075,0.7856355204112487,0.28124999999999994,0.5043855204112488
profile_0067,profile_0076,0.780661719615599,0.049999999999999996,0.730661719615599
profile_0068,profile_0069,0.687648481882597,0.4571428571428571,0.2305056247397399
profile_0068,profile_0070,0.6117231063421478,0.19999999999999993,0.4117231063421478
profile_0068,profile_0071,0.6740650253588094,0.32142857142857134,0.35263645393023807
profile_0068,profile_0072,0.36250024773436446,0.46296296296296297,0.10046271522859851
profile_0068,profile_0073,0.5538823598473681,0.1666666666666667,0.38721569318070137
profile_0068,profile_0074,0.581532054238581,0.28124999999999994,0.30028205423858106
profile_0068,profile_0075,0.6914889191846753,0.1666666666666667,0.5248222525180085
profile_0068,profile_0076,0.6865657426475441,0.19999999999999993,0.48656574264754415
profile_0068,profile_0077,0.6663010891450496,0.28124999999999994,0.38505108914504965
profile_0069,profile_0070,0.6286317833770955,0.031249999999999993,0.5973817833770955
profile_0069,profile_0071,0.769756584729311,0.2962962962962963,0.4734602884330147
profile_0069,profile_0072,0.6932725719081908,0.5208333333333335,0.17243923857485732
profile_0069,profile_0073,0.5645163104601831,0.12234942396826444,0.4421668864919187
profile_0069,profile_0074,0.8316493948928514,0.39825097886175154,0.43339841603109985
profile_0069,profile_0075,0.7596615139272399,0.19419095434435263,0.5654705595828873
profile_0069,profile_0076,0.8487929148165672,0.21428571428571427,0.6345072005308529
profile_0069,profile_0077,0.7458567783150982,0.1111111111111111,0.6347456672039871
profile_0069,profile_0078,0.7584725441673106,0.40475393869590304,0.35371860547140754
profile_0070,profile_0071,0.7536414885235845,0.14285714285714282,0.6107843456664417
profile_0070,profile_0072,0.5456724755175766,0.42731150787990985,0.11836096763766674
profile_0070,profile_0073,0.5721363293731928,0.16666666666666666,0.4054696627065262
profile_0070,profile_0074,0.7716633333126645,0.21428571428571427,0.5573776190269502
profile_0070,profile_0075,0.5431286913462011,0.2962962962962963,0.24683239504990484
profile_0070,profile_0076,0.7471645741377695,0.7000000000000001,0.04716457413776942
profile_0070,profile_0077,0.48073711331399,0.15999999999999998,0.32073711331399
profile_0070,profile_0078,0.7221433966982921,0.380952380952381,0.3411910157459111
profile_0070,profile_0079,0.7223058274083941,0.09999999999999996,0.6223058274083941
profile_0071,profile_0072,0.618507206719611,0.5625,0.056007206719611013
profile_0071,profile_0073,0.671703504153598,0.31416468319597035,0.3575388209576277
profile_0071,profile_0074,0.8010365562385288,0.19999999999999998,0.6010365562385288
profile_0071,profile_0075,0.6072900687187983,0.43800196722605395,0.16928810149274437
profile_0071,profile_0076,0.7965088495029464,0.03333333333333334,0.7631755161696131
profile_0071,profile_0077,0.7163703726589182,0.05555555555555558,0.6608148171033627
profile_0071,profile_0078,0.6016106711345603,0.09999999999999996,0.5016106711345604
profile_0071,profile_0079,0.694860346444571,0.11111111111111117,0.5837492353334598
profile_0071,profile_0080,0.6291338628312649,0.2571428571428572,0.37199100568840776
profile_0072,profile_0073,0.5098314125814019,0.26416409102590904,0.2456673215554928
profile_0072,profile_0074,0.7404942160981908,0.2500000000000001,0.49049421609819066
profile_0072,profile_0075,0.578595315780226,0.2571428571428572,0.3214524586373689
profile_0072,profile_0076,0.7475795263206901,0.7294485559683941,0.01813097035229605
profile_0072,profile_0077,0.6058048898198141,0.18750000000000008,0.41830488981981395
profile_0072,profile_0078,0.7378572668498851,0.09999999999999996,0.6378572668498851
profile_0072,profile_0079,0.5999536025515881,0.1666666666666667,0.4332869358849214
profile_0072,profile_0080,0.37876394884472847,0.13333333333333336,0.2454306155113951
profile_0072,profile_0081,0.49925571817913816,0.46296296296296297,0.0362927552161752
profile_0073,profile_0074,0.5907840035037618,0.0,0.5907840035037618
profile_0073,profile_0075,0.40554033389809485,0.2272842216964859,0.17825611220160895
profile_0073,profile_0076,0.7223397861541306,0.05473624317033178,0.6676035429837989
profile_0073,profile_0077,0.4602319239865226,5.889226596320182e-06,0.46022603475992624
profile_0073,profile_0078,0.43585237400292876,0.42857142857142866,0.0072809454315000965
profile_0073,profile_0079,0.5312776310650155,0.3000000000000001,0.23127763106501537
profile_0073,profile_0080,0.6994611910787049,0.22499999999999992,0.47446119107870494
profile_0073,profile_0081,0.5920601097501415,0.2666666666666667,0.32539344308347473
profile_0073,profile_0082,0.39713419697678276,0.5758982817862106,0.17876408480942785
profile_0074,profile_0075,0.7170252340948957,0.16023487078765308,0.5567903633072426
profile_0074,profile_0076,0.8190743707928133,0.0,0.8190743707928133
profile_0074,profile_0077,0.6096484996104143,0.0,0.6096484996104143
profile_0074,profile_0078,0.7004115498149694,0.553729804524106,0.14668174529086342
profile_0074,profile_0079,0.7544109317282987,0.6944444444444446,0.05996648728385401
profile_0074,profile_0080,0.5665570813703859,0.08333333333333336,0.4832237480370525
profile_0074,profile_0081,0.6866487677901028,0.21428571428571427,0.47236305350438845
profile_0074,profile_0082,0.6311197977977021,0.09999999999999996,0.5311197977977021
profile_0074,profile_0083,0.6994382518719872,0.21401088813304575,0.4854273637389414
profile_0075,profile_0076,0.7281187738572609,0.3454403022099516,0.3826784716473093
profile_0075,profile_0077,0.7687936029863823,0.02380952380952381,0.7449840791768585
profile_0075,profile_0078,0.6172795188285837,0.14285714285714282,0.4744223759714409
profile_0075,profile_0079,0.8154013232662246,0.3168243423336096,0.498576980932615
profile_0075,profile_0080,0.6324587546369739,0.19999999999999998,0.4324587546369739
profile_0075,profile_0081,0.6803234003258906,0.32142857142857134,0.3588948288973192
profile_0075,profile_0082,0.55919108503628,0.06666666666666668,0.49252441836961336
profile_0075,profile_0083,0.7344680214195731,0.08333333333333336,0.6511346880862398
profile_0075,profile_0084,0.8124718166693943,0.11111111111111117,0.7013607055582831
profile_0076,profile_0077,0.6942882706502264,0.37500000000000006,0.3192882706502263
profile_0076,profile_0078,0.7289414877694146,0.5333333333333334,0.19560815443608115
profile_0076,profile_0079,0.7373435701168536,0.2571428571428572,0.4802007129739964
profile_0076,profile_0080,0.5799682576765745,0.3333333333333334,0.24663492434324102
profile_0076,profile_0081,0.6821423371734792,0.37499999999999994,0.3071423371734792
profile_0076,profile_0082,0.6270002799238604,0.3314203946326624,0.29557988529119805
profile_0076,profile_0083,0.6361695405742777,0.06791656967653667,0.568252970897741
profile_0076,profile_0084,0.660447093675185,0.30418556488095183,0.3562615287942331
profile_0076,profile_0085,0.5033309860916881,0.15999999999999998,0.34333098609168816
profile_0077,profile_0078,0.6165562815471503,0.5000000000000002,0.11655628154715003
profile_0077,profile_0079,0.7889485162729248,0.049999999999999996,0.7389485162729248
profile_0077,profile_0080,0.46729997454319966,0.19569455069014835,0.2716054238530513
profile_0077,profile_0081,0.4324607557507067,0.21428571428571427,0.21817504146499242
profile_0077,profile_0082,0.5236778290286058,0.2500000000000001,0.2736778290286057
profile_0077,profile_0083,0.49581147499670997,0.4233320474764923,0.07247942752021769
profile_0077,profile_0084,0.7233236276334059,0.380952380952381,0.34237124668102487
profile_0077,profile_0085,0.40875262828089165,0.2342414357264051,0.17451119255448655
profile_0077,profile_0086,0.5059680310279062,0.29090909090909095,0.21505894011881527
profile_0078,profile_0079,0.7115892717585828,0.28571428571428564,0.42587498604429713
profile_0078,profile_0080,0.4627998880016202,0.13333333333333336,0.32946655466828684
profile_0078,profile_0081,0.4816386782115035,0.09523809523809525,0.3864005829734083
profile_0078,profile_0082,0.8233676871964728,0.5526859861919293,0.2706817010045435
profile_0078,profile_0083,0.6190092323196007,0.5102040816326527,0.10880515068694796
profile_0078,profile_0084,0.5345065906547593,0.014487565922262751,0.5200190247324965
profile_0078,profile_0085,0.5191628462329003,0.06235918366698585,0.4568036625659145
profile_0078,profile_0086,0.33889931118268335,0.5208333333333335,0.18193402215065013
profile_0078,profile_0087,0.7755197512494494,0.5142857142857143,0.26123403696373504
profile_0079,profile_0080,0.6542910591909107,0.0,0.6542910591909107
profile_0079,profile_0081,0.7573979313866607,0.3265306122448978,0.43086731914176285
profile_0079,profile_0082,0.640520929309422,0.3000000000000001,0.34052092930942185
profile_0079,profile_0083,0.7010149459754196,0.16071428571428567,0.5403006602611339
profile_0079,profile_0084,0.7479229391860526,0.04166666666666668,0.7062562725193859
profile_0079,profile_0085,0.593735406902936,0.380952380952381,0.21278302595055504
profile_0079,profile_0086,0.4849889974029982,0.3333333333333334,0.1516556640696648
profile_0079,profile_0087,0.62982986705742,0.380952380952381,0.24887748610503896
profile_0079,profile_0088,0.8186634701449611,0.32494507759621893,0.49371839254874217
profile_0080,profile_0081,0.6206674727778636,0.2491737001394375,0.3714937726384261
profile_0080,profile_0082,0.5374475446944177,0.5555555555555554,0.01810801086113767
profile_0080,profile_0083,0.7933900625516508,0.2302428476340486,0.5631472149176022
profile_0080,profile_0084,0.5246386031595017,0.11111111111111117,0.41352749204839057
profile_0080,profile_0085,0.5521291455170552,0.6399999999999999,0.08787085448294474
profile_0080,profile_0086,0.4787945227108659,0.13333333333333336,0.34546118937753256
profile_0080,profile_0087,0.4872495421019343,0.041666666666666664,0.4455828754352676
profile_0080,profile_0088,0.5350462906665056,0.4393266759138394,0.09571961475266616
profile_0080,profile_0089,0.6758151620927201,0.11428571428571427,0.5615294478070059
profile_0081,profile_0082,0.4246231265299811,0.4139910749917882,0.010632051538192855
profile_0081,profile_0083,0.5988631325023268,0.03333333333333334,0.5655297991689935
profile_0081,profile_0084,0.5604926944148918,0.18422857725441957,0.37626411716047226
profile_0081,profile_0085,0.4952101909948362,0.1904761904761905,0.30473400051864574
profile_0081,profile_0086,0.4070360273895644,0.380952380952381,0.026083646437183416
profile_0081,profile_0087,0.4041039535357216,0.4444444444444447,0.0403404909087231
profile_0081,profile_0088,0.4141419546583267,0.2500000000000001,0.1641419546583266
profile_0081,profile_0089,0.5571745538911581,0.18367346938775503,0.3735010845034031
profile_0081,profile_0090,0.33435578999997967,0.21428571428571427,0.1200700757142654
profile_0082,profile_0083,0.48909786596478755,0.32639151530449007,0.16270635066029748
profile_0082,profile_0084,0.5744703772725672,0.6629877800760277,0.08851740280346043
profile_0082,profile_0085,0.35038990468868075,0.15999999999999998,0.19038990468868078
profile_0082,profile_0086,0.49107442568601284,0.510204081632653,0.019129655946640123
profile_0082,profile_0087,0.6864766107977666,0.5444444444444444,0.14203216635332216
profile_0082,profile_0088,0.7116481381637041,0.049999999999999996,0.661648138163704
profile_0082,profile_0089,0.7383047910964221,0.380952380952381,0.3573524101440411
profile_0082,profile_0090,0.7192723620671684,0.45,0.26927236206716837
profile_0082,profile_0091,0.451276257468185,0.3000000000000001,0.1512762574681849
profile_0083,profile_0084,0.5236372409907069,0.5714285714285713,0.04779133043786443
profile_0083,profile_0085,0.7982451713683076,0.5333333333333334,0.2649118380349742
profile_0083,profile_0086,0.3500254102092372,0.39999999999999986,0.049974589790762636
profile_0083,profile_0087,0.4656763843497555,0.049999999999999996,0.4156763843497555
profile_0083,profile_0088,0.5110374591095286,0.02380952380952381,0.48722793530000474
profile_0083,profile_0089,0.6373941395155144,0.29090909090909095,0.34648504860642343
profile_0083,profile_0090,0.567112145417385,0.4166666666666668,0.15044547875071818
profile_0083,profile_0091,0.5119787041511079,0.1666666666666667,0.34531203748444117
profile_0083,profile_0092,0.6075964553929283,0.5208333333333335,0.0867631220595948
profile_0084,profile_0085,0.26522701501319507,0.5952380952380953,0.3300110802249003
profile_0084,profile_0086,0.4493598842373778,0.0,0.4493598842373778
profile_0084,profile_0087,0.5410367425573587,0.3333333333333333,0.20770340922402536
profile_0084,profile_0088,0.6501312319082195,0.35555555555555546,0.2945756763526641
profile_0084,profile_0089,0.584544764874085,0.13060201426455537,0.45394275060952965
profile_0084,profile_0090,0.4448258417230676,0.2962962962962963,0.14852954542677133
profile_0084,profile_0091,0.6847416307651206,0.22499999999999992,0.4597416307651207
profile_0084,profile_0092,0.8255401099657327,0.1904761904761905,0.6350639194895422
profile_0084,profile_0093,0.5655076117830687,0.2752046465969418,0.2903029651861269
profile_0085,profile_0086,0.19976199252567992,0.3906249999999997,0.1908630074743198
profile_0085,profile_0087,0.2664858834407148,0.36175814870499834,0.09527226526428356
profile_0085,profile_0088,0.47086699430038226,0.4,0.07086699430038224
profile_0085,profile_0089,0.3892706256223277,0.510204081632653,0.12093345601032524
profile_0085,profile_0090,0.4128678535885522,0.32844456234701364,0.08442329124153858
profile_0085,profile_0091,0.37722376432797894,0.6428571428571427,0.26563337852916374
profile_0085,profile_0092,0.36827833127678405,0.1849640195214958,0.18331431175528826
profile_0085,profile_0093,0.5357769632931748,0.21428571428571427,0.3214912490074605
profile_0085,profile_0094,0.38659889196557684,0.36,0.026598891965576854
profile_0086,profile_0087,0.5380653126153672,0.2571428571428572,0.28092245547251
profile_0086,profile_0088,0.423383721997644,0.3472222222222221,0.07616149977542191
profile_0086,profile_0089,0.4498784131186543,0.035714285714285705,0.4141641274043686
profile_0086,profile_0090,0.5719524551020295,0.42857142857142866,0.14338102653060086
profile_0086,profile_0091,0.6254728979316369,0.37348218122362487,0.251990716708012
profile_0086,profile_0092,0.5449214664107563,0.4701339358913612,0.07478753051939513
profile_0086,profile_0093,0.5530903381977352,0.09038872246048288,0.4627016157372523
profile_0086,profile_0094,0.3433377548128197,0.32142857142857134,0.021909183384248354
profile_0086,profile_0095,0.37472338007143324,0.0,0.37472338007143324
profile_0087,profile_0088,0.6705613884968934,0.5625,0.1080613884968934
profile_0087,profile_0089,0.8134264102414432,0.07142857142857141,0.7419978388128718
profile_0087,profile_0090,0.8866327326805569,0.35555555555555546,0.5310771771250014
profile_0087,profile_0091,0.6821230250511339,0.3000000000000001,0.38212302505113377
profile_0087,profile_0092,0.500866468388073,0.45,0.050866468388073016
profile_0087,profile_0093,0.6472043931303724,0.22954137804918168,0.4176630150811907
profile_0087,profile_0094,0.7145884779259145,0.13333333333333336,0.5812551445925811
profile_0087,profile_0095,0.5034544148296151,0.6125,0.10904558517038498
profile_0087,profile_0096,0.6785517646500114,0.06666666666666668,0.6118850979833448
profile_0088,profile_0089,0.6544170179393686,0.32282194050718893,0.33159507743217964
profile_0088,profile_0090,0.6964595331728543,0.14285714285714282,0.5536023903157115
profile_0088,profile_0091,0.6479966626094633,0.28571428571428564,0.36228237689517767
profile_0088,profile_0092,0.6258468678483411,0.08333333333333336,0.5425135345150077
profile_0088,profile_0093,0.6737774971841864,0.3265306122448978,0.3472468849392886
profile_0088,profile_0094,0.5458464652013649,0.1904761904761905,0.35537027472517446
profile_0088,profile_0095,0.518715219233172,0.380952380952381,0.137762838280791
profile_0088,profile_0096,0.6586857196996361,0.2229468142851096,0.4357389054145265
profile_0088,profile_0097,0.422557760939156,0.3215272851200483,0.10103047581910768
profile_0089,profile_0090,0.7498296010334196,0.208450557213243,0.5413790438201765
profile_0089,profile_0091,0.49201835826811186,0.3000000000000002,0.19201835826811164
profile_0089,profile_0092,0.6177428632884125,0.0,0.6177428632884125
profile_0089,profile_0093,0.6799587049178965,0.0,0.6799587049178965
profile_0089,profile_0094,0.7217571465031781,0.2666666666666667,0.4550904798365114
profile_0089,profile_0095,0.4539076438247413,0.2500000000000001,0.2039076438247412
profile_0089,profile_0096,0.6581239480710603,0.22222222222222232,0.435901725848838
profile_0089,profile_0097,0.3014966965994239,0.2571428571428572,0.044353839456566735
profile_0089,profile_0098,0.49573504590375295,0.4197942102754627,0.07594083562829024
profile_0090,profile_0091,0.6115913698708416,0.380952380952381,0.23063898891846063
profile_0090,profile_0092,0.46572188806486114,0.4464285714285714,0.019293316636289748
profile_0090,profile_0093,0.6940543530441812,0.22222222222222232,0.47183213082195885
profile_0090,profile_0094,0.8071265925017415,0.39999999999999986,0.4071265925017416
profile_0090,profile_0095,0.4872303346210469,0.21428571428571427,0.2729446203353326
profile_0090,profile_0096,0.7181190370358509,0.36257146008066027,0.3555475769551906
profile_0090,profile_0097,0.2894168757965322,0.1666666666666667,0.12275020912986548
profile_0090,profile_0098,0.6038739375028191,0.06666666666666668,0.5372072708361525
profile_0090,profile_0099,0.7845581534472479,0.42857142857142866,0.3559867248758192
profile_0091,profile_0092,0.6975783151906337,0.10360105993978773,0.593977255250846
profile_0091,profile_0093,0.7657834459149885,0.19999999999999993,0.5657834459149885
profile_0091,profile_0094,0.46995806671471096,0.4571428571428571,0.012815209571853892
profile_0091,profile_0095,0.8184251138947763,0.11111111111111117,0.7073140027836652
profile_0091,profile_0096,0.7093696817724665,0.14285714285714282,0.5665125389153237
profile_0091,profile_0097,0.6293800715285666,0.3000000000000001,0.32938007152856646
profile_0091,profile_0098,0.6163096209138245,0.04166666666666668,0.5746429542471578
profile_0091,profile_0099,0.38172959759960273,0.4998439811913034,0.11811438359170068
profile_0091,profile_0100,0.745090525091471,0.07566213036566992,0.6694283947258011
profile_0092,profile_0093,0.7513160269406565,0.5333333333333334,0.21798269360732303
profile_0092,profile_0094,0.47429873290549873,0.10200850924060857,0.3722902236648902
profile_0092,profile_0095,0.6552716152859583,0.6363636363636365,0.018907978922321877
profile_0092,profile_0096,0.7639483234424069,0.22194593088602177,0.5420023925563852
profile_0092,profile_0097,0.7210408323340087,0.03333333333333334,0.6877074990006754
profile_0092,profile_0098,0.494654204308889,0.4629596363441619,0.03169456796472714
profile_0092,profile_0099,0.4757430091151802,0.09999999999999996,0.3757430091151802
profile_0092,profile_0100,0.7931613821619152,0.28571428571428564,0.5074470964476296
profile_0092,profile_0101,0.6841099487741793,0.510204081632653,0.17390586714152634
profile_0093,profile_0094,0.6172048691133625,0.25,0.3672048691133625
profile_0093,profile_0095,0.7296575909303071,0.2500000000000001,0.479657590930307
profile_0093,profile_0096,0.7798372098381521,0.1111111111111111,0.6687260987270409
profile_0093,profile_0097,0.4679204489499764,0.21428571428571427,0.2536347346642621
profile_0093,profile_0098,0.7974018037281673,0.11428571428571427,0.6831160894424531
profile_0093,profile_0099,0.5092070864282372,0.45,0.05920708642823719
profile_0093,profile_0100,0.5902994863561388,0.5624999999999997,0.027799486356139158
profile_0093,profile_0101,0.5808187006556857,0.2602933143991917,0.32052538625649407
profile_0093,profile_0102,0.7290296361185168,0.14285714285714282,0.586172493261374
profile_0094,profile_0095,0.5190602722833566,0.15237802006613935,0.3666822522172173
profile_0094,profile_0096,0.7569181517569512,0.12499999999999997,0.6319181517569512
profile_0094,profile_0097,0.2614790096305321,0.11111111111111117,0.15036789851942095
profile_0094,profile_0098,0.4383040877810295,0.18750000000000008,0.25080408778102947
profile_0094,profile_0099,0.6858764494868024,0.2946502671233956,0.3912261823634068
profile_0094,profile_0100,0.4770893462798775,0.16666666666666666,0.3104226796132108
profile_0094,profile_0101,0.5202010890213498,0.3000000000000001,0.22020108902134966
profile_0094,profile_0102,0.6161364975676353,0.44642857142857123,0.1697079261390641
profile_0094,profile_0103,0.22925203165600122,0.5555555555555554,0.32630352389955414
profile_0095,profile_0096,0.7014770739082338,0.5659458201691646,0.13553125373906916
profile_0095,profile_0097,0.6340591525391659,0.19999999999999993,0.43405915253916594
profile_0095,profile_0098,0.5862423026956397,0.0,0.5862423026956397
profile_0095,profile_0099,0.3616381396863004,0.32142857142857134,0.040209568257729034
profile_0095,profile_0100,0.7541101741066227,0.6428571428571427,0.11125303124948005
profile_0095,profile_0101,0.43628092035708244,0.03263433372786868,0.40364658662921377
profile_0095,profile_0102,0.6572140863009193,0.21428571428571427,0.44292837201520496
profile_0095,profile_0103,0.49532882151138674,0.3000000000000002,0.19532882151138653
profile_0095,profile_0104,0.7704829954350424,0.04166666666666668,0.7288163287683758
profile_0096,profile_0097,0.6118419715009304,0.049999999999999996,0.5618419715009304
profile_0096,profile_0098,0.5399584952411519,0.3333333333333334,0.2066251619078185
profile_0096,profile_0099,0.634982413810151,0.5333333333333334,0.10164908047681753
profile_0096,profile_0100,0.7684157578937675,0.39999999999999986,0.3684157578937676
profile_0096,profile_0101,0.7593518300046421,0.5975384385335379,0.16181339147110418
profile_0096,profile_0102,0.7569061118263566,0.09523809523809525,0.6616680165882614
profile_0096,profile_0103,0.3945945545247019,0.061919483167369956,0.33267507135733193
profile_0096,profile_0104,0.8118808004777721,0.3333333333333334,0.4785474671444387
profile_0096,profile_0105,0.6207292503365489,0.37500000000000006,0.24572925033654885
profile_0097,profile_0098,0.3652568868305246,0.3276246660340472,0.03763222079647738
profile_0097,profile_0099,0.3572254226528752,0.04166666666666668,0.31555875598620853
profile_0097,profile_0100,0.8257520556299507,0.20454545454545456,0.6212066010844961
profile_0097,profile_0101,0.538632231877118,0.380952380952381,0.15767985092473696
profile_0097,profile_0102,0.5574746983750255,0.44642857142857123,0.11104612694645427
profile_0097,profile_0103,0.5574172666819924,0.20858102640917206,0.34883624027282034
profile_0097,profile_0104,0.6054799948353555,0.21428571428571427,0.3911942805496412
profile_0097,profile_0105,0.5819135171213188,0.1666666666666667,0.41524685045465204
profile_0097,profile_0106,0.3056282578509113,0.3234954063101508,0.01786714845923948
profile_0098,profile_0099,0.4283166560394445,0.3333333333333334,0.0949833227061111
profile_0098,profile_0100,0.5008398996466037,0.39999999999999986,0.10083989964660384
profile_0098,profile_0101,0.46996464243057057,0.049999999999999996,0.4199646424305706
profile_0098,profile_0102,0.5564058731738172,0.2500000000000001,0.30640587317381707
profile_0098,profile_0103,0.4550745484098272,0.13333333333333336,0.32174121507649384
profile_0098,profile_0104,0.47292378795373724,0.03212884240855494,0.4407949455451823
profile_0098,profile_0105,0.5448991413738573,0.274268156553965,0.2706309848198923
profile_0098,profile_0106,0.6993271089915117,0.5101513568843207,0.18917575210719106
profile_0098,profile_0107,0.5068586538111216,0.19999999999999993,0.30685865381112165
profile_0099,profile_0100,0.5728611892589096,0.22775989685389816,0.3451012924050114
profile_0099,profile_0101,0.7064578839225449,0.5952380952380953,0.1112197886844496
profile_0099,profile_0102,0.7617660485891902,0.06666666666666668,0.6950993819225235
profile_0099,profile_0103,0.40812767600223415,0.3000000000000001,0.10812767600223405
profile_0099,profile_0104,0.6205678762972128,0.25,0.3705678762972128
profile_0099,profile_0105,0.36006553654125095,0.4315048385363303,0.07143930199507936
profile_0099,profile_0106,0.5166899390469726,0.1666666666666667,0.35002327238030584
profile_0099,profile_0107,0.6968784138580205,0.5714285714285713,0.12544984242944923
profile_0099,profile_0108,0.6523564926756684,0.39999999999999986,0.25235649267566856
