connection_id,device_a_id,device_b_id,compatibility,is_worthy,num_insights_a,num_insights_b,learning_magnitude_a,learning_magnitude_b
conn_0000,device_0078,device_0118,5.260227644779606,True,6,4,0.45616454730316364,0.37621591400028215
conn_0001,device_0030,device_0023,9.430381257959057,True,6,5,0.3688216182844586,0.2992556902841693
conn_0002,device_0175,device_0077,9.91903485412219,True,5,6,0.36631244391782797,0.3970455921654565
conn_0003,device_0178,device_0154,20.916040171534533,True,5,6,0.31507306641992616,0.32733123788752394
conn_0004,device_0083,device_0037,22.89524784363432,True,6,6,0.3250997307144173,0.3547702557279205
conn_0005,device_0063,device_0091,12.83780657173164,True,3,5,0.29605365902348396,0.35635926031319526
conn_0006,device_0012,device_0173,5.366431531727641,True,7,6,0.42340358762990854,0.35536808647129214
conn_0007,device_0044,device_0007,21.5100316834681,True,8,4,0.3416027196220586,0.22958106714807125
conn_0008,device_0115,device_0142,6.691780943081671,True,6,8,0.36614774887361834,0.3881193083545957
conn_0009,device_0063,device_0024,3.630140753516999,True,6,6,0.5242747847852489,0.48864612639276483
conn_0010,device_0035,device_0031,5.4320599777458725,True,9,5,0.4786921104793196,0.3454845700662628
conn_0011,device_0199,device_0056,7.137257406277898,True,8,5,0.37628054904677904,0.2619952101245937
conn_0012,device_0102,device_0095,11.95826567679344,True,8,8,0.4599160350739549,0.4103894576644712
conn_0013,device_0165,device_0021,6.677805698614699,True,8,10,0.35802845954551454,0.47973396197939777
conn_0014,device_0066,device_0019,12.889674578375434,True,6,7,0.34915520873171163,0.36632800250810515
conn_0015,device_0016,device_0050,6.217589798478506,True,6,5,0.3690772189923077,0.26456571845614485
conn_0016,device_0113,device_0032,19.1973666077376,True,9,7,0.36270253526524576,0.3356061260180179
conn_0017,device_0084,device_0031,11.19074176812078,True,5,6,0.38871064126746446,0.3928430261957779
conn_0018,device_0118,device_0012,3.394082486477163,True,8,7,0.49983662393089084,0.4986217277259109
conn_0019,device_0146,device_0110,14.039933238653392,True,7,7,0.22459367853437698,0.26490913182419507
conn_0020,device_0101,device_0127,5.610152355011989,True,8,7,0.4286447875913183,0.4176007877272787
conn_0021,device_0174,device_0109,12.609436324942013,True,8,4,0.39833386813739924,0.32882691051556434
conn_0022,device_0054,device_0047,11.486713508688366,True,5,6,0.27077210587643014,0.2524601731859416
conn_0023,device_0114,device_0038,6.457219074881568,True,5,8,0.35576542597611593,0.4385175968543711
conn_0024,device_0158,device_0157,5.37776761108294,True,9,8,0.4523182253613389,0.44024315904598915
conn_0025,device_0075,device_0127,4.785438314871107,True,9,8,0.3066801288541506,0.2877593351799695
conn_0026,device_0140,device_0122,18.156478251662744,True,11,7,0.4801831977933311,0.31290865146857866
conn_0027,device_0071,device_0098,4.117692926004991,True,6,9,0.34214364236194617,0.5382060610298148
conn_0028,device_0051,device_0164,8.839220307988507,True,7,7,0.3707202122217021,0.24275216213292913
conn_0029,device_0134,device_0063,15.777780134810396,True,2,4,0.2946509578170207,0.33665679442700075
conn_0030,device_0139,device_0004,15.010458256066103,True,4,7,0.27834900538041274,0.37102606659914145
conn_0031,device_0182,device_0091,9.780247315925207,True,9,9,0.5074787272213376,0.5095330219031847
conn_0032,device_0124,device_0088,6.911450729850209,True,7,7,0.39840336294929296,0.3343342852933384
conn_0033,device_0128,device_0082,6.788393774791429,True,6,8,0.3844636586258296,0.44411368662897993
conn_0034,device_0046,device_0006,6.805962182925448,True,6,8,0.2816576327985811,0.31970943075053954
conn_0035,device_0056,device_0007,11.357538523124978,True,9,9,0.42858538638823684,0.42679597269260927
conn_0036,device_0199,device_0071,4.991803138230929,True,8,7,0.3318914885483867,0.2605366644821716
conn_0037,device_0120,device_0135,9.687109738140133,True,7,9,0.4380719891886947,0.4495313357913447
conn_0038,device_0149,device_0059,4.932796614090062,True,6,8,0.4322602812151426,0.4863381852535757
conn_0039,device_0025,device_0063,7.122625964504505,True,9,8,0.44991597318621945,0.408941461202059
conn_0040,device_0068,device_0136,11.04138234723573,True,4,6,0.2848552834061988,0.3956383824937092
conn_0041,device_0188,device_0014,8.986009901693397,True,7,8,0.28801554461838175,0.31989641599835233
conn_0042,device_0056,device_0147,12.93940255264568,True,7,7,0.3478145060490565,0.36338909933850183
conn_0043,device_0099,device_0090,13.040066082462616,True,7,8,0.38457483738724935,0.46594535658063396
conn_0044,device_0044,device_0045,15.599769362149443,True,6,7,0.4368936692652951,0.4079281128828009
conn_0045,device_0081,device_0188,6.760165944414519,True,8,8,0.2828072260733065,0.3098583076158194
conn_0046,device_0151,device_0007,7.952509935350323,True,9,9,0.342265396252422,0.3631975766895681
conn_0047,device_0090,device_0145,9.924846878653918,True,7,5,0.4154556725257992,0.3958182372316298
conn_0048,device_0144,device_0048,5.904532062615439,True,6,9,0.3074849273943277,0.37497833352874543
conn_0049,device_0126,device_0138,10.083566806630015,True,5,6,0.4538459414860376,0.4412064179652422
conn_0050,device_0125,device_0009,12.04486881140891,True,7,9,0.3068868085136951,0.3051459209230656
conn_0051,device_0059,device_0154,19.253553162467497,True,6,8,0.3832308643212101,0.4416917796954564
conn_0052,device_0134,device_0122,21.12790669734314,True,8,6,0.3531882555394578,0.3114436058908296
conn_0053,device_0157,device_0051,3.3273245366022866,True,8,10,0.4472184572065552,0.5331891427867131
conn_0054,device_0087,device_0183,18.746325334605345,True,5,7,0.31056567851426836,0.3648908715816913
conn_0055,device_0082,device_0015,11.346479203406306,True,8,5,0.35685355859878676,0.207968818581251
conn_0056,device_0150,device_0180,12.089231422252752,True,4,5,0.2813229130105205,0.28793161580972665
conn_0057,device_0198,device_0028,9.070189351547526,True,7,5,0.4221922101528291,0.34756311093284403
conn_0058,device_0093,device_0018,9.160799777203165,True,7,8,0.47267907776474977,0.4738082071547139
conn_0059,device_0169,device_0101,6.166134727139247,True,5,5,0.3811281633605868,0.3275827744086185
conn_0060,device_0086,device_0077,5.4980692013909405,True,6,8,0.24135184551370348,0.29698372901441594
conn_0061,device_0040,device_0187,18.44548124173021,True,7,8,0.366979139620159,0.3732058914024688
conn_0062,device_0163,device_0124,7.35872470359448,True,6,7,0.21692446478698854,0.26392266041652596
conn_0063,device_0044,device_0181,14.372237697590815,True,4,4,0.32475104772261504,0.32594446805083965
conn_0064,device_0177,device_0157,10.277643498603112,True,10,8,0.4047824410058619,0.3170355751290882
conn_0065,device_0057,device_0170,10.231954546982044,True,4,5,0.1459316846096504,0.217095749437432
conn_0066,device_0044,device_0096,17.713800856948513,True,7,5,0.44398116487285466,0.33489052000715375
conn_0067,device_0176,device_0075,6.038127641586563,True,7,7,0.4677394060805095,0.46143712105776447
conn_0068,device_0186,device_0000,14.839680018794636,True,3,6,0.2779983358065072,0.42648307558678394
conn_0069,device_0146,device_0100,7.22855877543815,True,6,8,0.45188290180815094,0.4433141567511141
conn_0070,device_0197,device_0145,5.48260039451717,True,4,5,0.3292003327089172,0.3433768759520313
conn_0071,device_0154,device_0081,8.562295391065266,True,9,8,0.3985500543255038,0.42715033869016966
conn_0072,device_0156,device_0056,14.187364886147124,True,8,7,0.3969721880155196,0.34690807601020063
conn_0073,device_0026,device_0127,4.973216700242867,True,12,10,0.4153617873691732,0.3953490613758646
conn_0074,device_0190,device_0019,4.3432469515421355,True,7,7,0.37661510976771856,0.3193522596851805
conn_0075,device_0081,device_0042,8.54711221149445,True,4,3,0.3816848113386791,0.336476593012798
conn_0076,device_0022,device_0181,11.753183483914832,True,5,6,0.33516675697348647,0.3851428914748746
conn_0077,device_0186,device_0085,17.42814626322678,True,7,10,0.41751301119948164,0.4863041944305493
conn_0078,device_0067,device_0053,10.480839704456194,True,9,8,0.4427300229836068,0.41529761528351783
conn_0079,device_0017,device_0089,4.111253038456123,True,9,8,0.3786978185980689,0.35401710031336026
conn_0080,device_0027,device_0184,7.217150892741806,True,7,10,0.475551144048232,0.4522314031465674
conn_0081,device_0098,device_0112,18.149185947950876,True,8,7,0.33928053992327195,0.3033328195607176
conn_0082,device_0042,device_0105,5.48732040276968,True,11,7,0.5988975130766435,0.43936098591686135
conn_0083,device_0096,device_0089,8.307812454162825,True,8,8,0.42130550959218344,0.429233488286726
conn_0084,device_0025,device_0122,14.408770490029854,True,7,5,0.4170405069900956,0.40715047892161815
conn_0085,device_0147,device_0166,8.398613126672366,True,8,8,0.4108501709184364,0.40535415326951985
conn_0086,device_0057,device_0041,8.655079415021435,True,7,8,0.35593229051288566,0.3314567292565632
conn_0087,device_0008,device_0075,3.8989187215934535,True,9,9,0.35439424021075516,0.3686708595445884
conn_0088,device_0066,device_0026,9.549680099079078,True,9,8,0.4542169546463719,0.4427863421733934
conn_0089,device_0043,device_0096,15.46704164140244,True,7,7,0.40445825053993456,0.35214714290042953
conn_0090,device_0019,device_0140,10.69993217005017,True,8,8,0.413165947942313,0.3631106297055302
conn_0091,device_0023,device_0086,5.290829468853538,True,6,7,0.39823421714942536,0.39916445445809556
conn_0092,device_0157,device_0123,5.904454918982991,True,9,9,0.4650627908913259,0.47661972583429224
conn_0093,device_0110,device_0167,5.253923347981052,True,6,8,0.37960579038374725,0.44531526904861446
conn_0094,device_0111,device_0040,15.468540252872,True,9,6,0.38116364946827114,0.2515343381064945
conn_0095,device_0084,device_0052,9.361082783181391,True,6,6,0.41059712869429266,0.40349352748565037
conn_0096,device_0104,device_0178,6.805776634779737,True,7,7,0.42000175151678415,0.4305285983089834
conn_0097,device_0186,device_0138,15.837695313007044,True,6,9,0.4174801571976416,0.42513838646551455
conn_0098,device_0072,device_0076,9.147861182351058,True,8,7,0.4177453295620397,0.3263082693702817
conn_0099,device_0012,device_0100,5.843478815094034,True,7,8,0.32077744179138845,0.36438105861753806
conn_0100,device_0125,device_0039,14.0542549699167,True,8,9,0.33627221351961156,0.37499425882807985
conn_0101,device_0000,device_0109,10.159854749730975,True,6,5,0.43329226581195396,0.42408527204315843
conn_0102,device_0169,device_0160,3.399722247920953,True,6,5,0.3182662922702972,0.35485942162040573
conn_0103,device_0051,device_0024,1.9371694979965444,True,7,7,0.5105559004143652,0.4341172502289893
conn_0104,device_0043,device_0163,13.13534956094646,True,7,7,0.326759835712897,0.3145854069005212
conn_0105,device_0020,device_0121,18.676179048830637,True,8,8,0.35646644028780416,0.43468420595219975
conn_0106,device_0078,device_0101,9.596643902788808,True,5,5,0.3446205824349892,0.3167028090286727
conn_0107,device_0169,device_0067,8.942219812439422,True,7,5,0.4312373807754319,0.43103353848294024
conn_0108,device_0139,device_0099,8.659580707892285,True,8,10,0.47277228000678645,0.505381654476904
conn_0109,device_0097,device_0094,8.86238483818383,True,4,5,0.32896173546104746,0.3350493396980177
conn_0110,device_0011,device_0067,15.26450451698871,True,8,3,0.4486467250640692,0.292304003321904
conn_0111,device_0067,device_0057,11.185120782756323,True,9,8,0.4792159729087606,0.4338474758165138
conn_0112,device_0144,device_0015,8.324995602667693,True,10,9,0.4177598828321219,0.389699772689718
conn_0113,device_0178,device_0170,7.55030367481449,True,5,6,0.4470576459609541,0.4082470387118798
conn_0114,device_0171,device_0088,12.387709741700641,True,7,7,0.3814132983236846,0.36382218638020286
conn_0115,device_0105,device_0193,6.254446390592909,True,5,7,0.4301116365835644,0.48841244518485977
conn_0116,device_0141,device_0015,8.063266965277046,True,7,5,0.371275378230415,0.34788461740379045
conn_0117,device_0133,device_0107,1.518139903347939,True,7,7,0.36779227949320836,0.3576073461127941
conn_0118,device_0175,device_0121,17.577623418392196,True,6,4,0.29630674022016507,0.2780702427017021
conn_0119,device_0060,device_0121,14.975601395478996,True,5,5,0.1806524267809167,0.20992810046159527
conn_0120,device_0101,device_0182,14.093356720200166,True,9,8,0.43904211397938864,0.3892184795016605
conn_0121,device_0146,device_0132,8.568155946682115,True,7,8,0.34518077694624366,0.4468520219497973
conn_0122,device_0173,device_0158,5.918859860914844,True,7,8,0.44005617922165985,0.4246830738298775
conn_0123,device_0193,device_0114,11.07772437275519,True,8,6,0.3879322456606289,0.367939536091401
conn_0124,device_0042,device_0054,10.127012551311319,True,8,6,0.39004336999377803,0.3987880188962722
conn_0125,device_0032,device_0010,14.83753291376968,True,5,6,0.3112656410661368,0.34522521548812996
conn_0126,device_0174,device_0111,14.553874394561632,True,7,6,0.3379591924234822,0.2807598899354076
conn_0127,device_0160,device_0037,9.934046102141199,True,6,6,0.36021300980252857,0.4412863362995295
conn_0128,device_0066,device_0081,7.141973690272122,True,8,8,0.3533144655629246,0.34772616005640455
conn_0129,device_0017,device_0022,11.44221359814607,True,7,7,0.38207310629816843,0.38812102568340884
conn_0130,device_0101,device_0141,8.539973402414285,True,6,6,0.28077859586176,0.2953125640390545
conn_0131,device_0070,device_0133,5.834286834103987,True,2,3,0.21809086465478064,0.29093690386060456
conn_0132,device_0003,device_0179,4.210058573921857,True,8,4,0.39668801664332076,0.320826283601266
conn_0133,device_0133,device_0107,1.518139903347939,True,7,7,0.36779227949320836,0.3576073461127941
conn_0134,device_0038,device_0037,7.894823316906989,True,6,6,0.4421731520778902,0.5021047788046059
conn_0135,device_0149,device_0194,1.774893730622924,True,6,6,0.34534041887962674,0.3480072906126043
conn_0136,device_0025,device_0027,4.7188624550817595,True,8,7,0.4108692969548556,0.3479930318727494
conn_0137,device_0025,device_0073,5.760844189978853,True,4,7,0.2601499790528629,0.3441189184025105
conn_0138,device_0088,device_0105,5.170743241795554,True,11,8,0.5349287363034386,0.4623005021443508
conn_0139,device_0167,device_0124,4.575440505777265,True,7,7,0.33361745994772873,0.34276416785710473
conn_0140,device_0121,device_0009,10.164385564383823,True,7,7,0.35454614374481475,0.38692306302720963
conn_0141,device_0103,device_0036,8.133474233557985,True,7,6,0.39657652463268184,0.418226226318677
conn_0142,device_0174,device_0177,14.137157612764064,True,4,3,0.401258407218693,0.39187912334559377
conn_0143,device_0101,device_0084,5.317240506921333,True,8,8,0.5647744363209294,0.5459789696128371
conn_0144,device_0012,device_0190,5.192393953329109,True,4,3,0.22230975960368668,0.19796855721980675
conn_0145,device_0068,device_0095,11.49446745777614,True,9,9,0.3717404843249789,0.42555814093426747
conn_0146,device_0077,device_0079,5.7444560347194376,True,7,7,0.3519091743476253,0.36450176574982096
conn_0147,device_0125,device_0178,11.165505143007215,True,7,7,0.26474473746183125,0.2771366947066342
conn_0148,device_0058,device_0034,7.838912384696774,True,10,8,0.4070282279100375,0.3341372102698022
conn_0149,device_0190,device_0113,6.820919338732924,True,5,7,0.33754922295427403,0.41345404016997767
conn_0150,device_0082,device_0068,5.772084862037826,True,7,6,0.38114104495201745,0.362120946736744
conn_0151,device_0154,device_0165,13.046383901843575,True,10,7,0.4515612078372848,0.3570525718669445
conn_0152,device_0113,device_0054,12.547113474502527,True,6,7,0.2680712144111664,0.30776905973368374
conn_0153,device_0104,device_0189,5.4368842632553065,True,7,8,0.3755583357948161,0.42916285475277743
conn_0154,device_0132,device_0095,22.170342787487982,True,7,5,0.34989378302951396,0.26001305169770544
conn_0155,device_0131,device_0040,9.882071092357439,True,8,7,0.3776916613052662,0.3710252215845525
conn_0156,device_0181,device_0129,8.46076460160426,True,9,6,0.4532524502275084,0.3332307454034074
conn_0157,device_0199,device_0134,7.698060702770655,True,6,5,0.38066994005293797,0.3322559142233257
conn_0158,device_0007,device_0044,21.5100316834681,True,4,8,0.22958106714807125,0.3416027196220586
conn_0159,device_0051,device_0014,4.19354218375501,True,7,8,0.42503964787411036,0.46709497509232584
conn_0160,device_0116,device_0012,3.3547150720181214,True,7,6,0.3862804915328095,0.3659358658064714
conn_0161,device_0180,device_0050,3.070715247026668,True,9,9,0.41022664478546644,0.4025960419441391
conn_0162,device_0118,device_0129,13.54100308228573,True,7,7,0.40178140864361833,0.3964996644503073
conn_0163,device_0031,device_0174,7.299102690025853,True,7,9,0.4321154430240383,0.48539841797994804
conn_0164,device_0095,device_0125,19.611943459468712,True,6,5,0.2855019773279191,0.24656040469078158
conn_0165,device_0045,device_0121,18.203653694332168,True,3,3,0.13626845280200908,0.1494326566813307
conn_0166,device_0089,device_0088,6.19265030925562,True,5,6,0.4124716462179797,0.48064096434011366
conn_0167,device_0066,device_0191,4.702621133081356,True,7,6,0.44948638741459634,0.4378657619974683
conn_0168,device_0023,device_0072,7.1476663900643915,True,5,6,0.31779068962079093,0.3379066793984562
conn_0169,device_0012,device_0041,6.681310575662211,True,6,4,0.38735807777979264,0.31572869101035145
conn_0170,device_0199,device_0054,6.986396344588174,True,6,5,0.2822529877679592,0.26939981430774707
conn_0171,device_0165,device_0057,4.687734491808079,True,8,8,0.433367182961307,0.433367182961307
conn_0172,device_0068,device_0166,5.495194936750227,True,7,7,0.3703775885225034,0.3767355456099982
conn_0173,device_0005,device_0199,4.385404285912436,True,7,7,0.456785312944528,0.3720308768736374
conn_0174,device_0174,device_0002,12.316275600322331,True,12,8,0.4510345935943448,0.38997619028977215
conn_0175,device_0033,device_0165,10.048372249052225,True,9,7,0.39734940876119274,0.376095801803447
conn_0176,device_0002,device_0057,7.4007170654486565,True,10,11,0.42840970020230906,0.43518168294938564
conn_0177,device_0078,device_0182,12.132656836165912,True,7,6,0.4169035219818271,0.33904104175844235
conn_0178,device_0164,device_0070,9.734480308155398,True,4,6,0.32308342033399984,0.34030987376958394
conn_0179,device_0096,device_0089,8.307812454162825,True,8,8,0.42130550959218344,0.429233488286726
conn_0180,device_0055,device_0119,6.603361906760256,True,6,4,0.2633301308168607,0.17932067282834757
conn_0181,device_0133,device_0159,5.317036706959585,True,5,5,0.31542746747180667,0.38169682067514754
conn_0182,device_0026,device_0001,2.534858855181944,True,5,8,0.38982186680440106,0.48099679254609534
conn_0183,device_0169,device_0095,10.140523168950732,True,9,4,0.46037422770517156,0.31485912761388946
conn_0184,device_0152,device_0155,16.076172008196657,True,6,3,0.41364169044891547,0.23050706872067947
conn_0185,device_0175,device_0027,10.998423822094496,True,6,7,0.35093781359125287,0.3596657214830765
conn_0186,device_0086,device_0070,7.12516261116786,True,6,7,0.30381191940142865,0.31093389535549676
conn_0187,device_0070,device_0066,12.569623642008253,True,5,5,0.3692817037498586,0.34356016709532156
conn_0188,device_0166,device_0076,8.560055145018032,True,8,8,0.47866431199452075,0.4351939658959617
conn_0189,device_0132,device_0195,13.904187677837475,True,6,4,0.35781440125119424,0.31505372942439924
conn_0190,device_0014,device_0153,5.7702892304418425,True,5,6,0.15125863991497962,0.2875638508175043
conn_0191,device_0081,device_0174,6.361132937651494,True,7,7,0.4241210387855938,0.35730604912723896
conn_0192,device_0006,device_0167,7.193999831083083,True,5,4,0.23193535262009826,0.2104671145760056
conn_0193,device_0075,device_0066,9.982227592732992,True,7,8,0.3359286688765067,0.3538626574860088
conn_0194,device_0103,device_0099,14.234285384090683,True,7,6,0.3483344872414625,0.4126050675327897
conn_0195,device_0149,device_0181,3.9979344612139913,True,4,5,0.21634404800260873,0.2785347387447199
conn_0196,device_0048,device_0087,7.587586496521827,True,9,7,0.4004443883061836,0.4184891385770461
conn_0197,device_0056,device_0175,12.749701860233396,True,6,6,0.45108077995162477,0.45108077995162477
conn_0198,device_0121,device_0171,10.085567233634679,True,8,7,0.4021093502807747,0.3035200688416453
conn_0199,device_0076,device_0043,16.96250870371152,True,8,9,0.3565502721813504,0.412056480326879
conn_0200,device_0142,device_0046,3.5172628554073184,True,7,8,0.4180588197769936,0.4802334223551848
conn_0201,device_0120,device_0032,20.337216252469815,True,9,9,0.40359769771194975,0.3676842400875802
conn_0202,device_0185,device_0143,2.047115643153943,True,7,7,0.37453755601423067,0.39441998233083275
conn_0203,device_0046,device_0174,9.882287551416034,True,5,7,0.32924410633314743,0.35821681253680826
conn_0204,device_0167,device_0022,10.866129678414227,True,5,5,0.4436788377855419,0.4436788377855419
conn_0205,device_0057,device_0190,3.4949089671327864,True,5,7,0.33695805713722915,0.3933625374136963
conn_0206,device_0107,device_0084,5.625009112767843,True,4,3,0.4125640454431276,0.2181375864179449
conn_0207,device_0149,device_0075,2.6551136735977736,True,7,7,0.368211581992775,0.3201618655923889
conn_0208,device_0030,device_0120,12.896668022309502,True,8,6,0.44624402735039326,0.42527272815101674
conn_0209,device_0162,device_0149,2.387914927475729,True,7,7,0.4585682072832116,0.5334712302781326
conn_0210,device_0158,device_0018,9.078281591673258,True,5,5,0.32659804103313417,0.3379745198438316
conn_0211,device_0049,device_0128,4.7885741499934245,True,7,9,0.31547191371496824,0.378403648095796
conn_0212,device_0174,device_0097,15.47857762188272,True,8,6,0.31515250859794386,0.21349462244434209
conn_0213,device_0105,device_0013,5.907496536318063,True,6,9,0.35152708201360955,0.41184021340007093
conn_0214,device_0038,device_0035,7.494147588673385,True,2,5,0.2048727174146141,0.33976324955457093
conn_0215,device_0087,device_0104,10.074910144693522,True,6,8,0.41782740889141384,0.49241879554385676
conn_0216,device_0117,device_0036,6.916616324681752,True,5,5,0.35276492114520724,0.44008980484942756
conn_0217,device_0183,device_0046,6.8546220528496935,True,5,3,0.43686383649786514,0.29093820487980077
conn_0218,device_0124,device_0085,11.771786204779666,True,8,8,0.3144849527968228,0.3078200727727658
conn_0219,device_0045,device_0080,9.955043017576633,True,5,2,0.36176945115352843,0.2760742392440016
conn_0220,device_0001,device_0115,3.75589439865771,True,10,7,0.3933115937934566,0.2939265182706991
conn_0221,device_0194,device_0198,5.811133070793903,True,5,8,0.28396236141022707,0.4265827304474644
conn_0222,device_0195,device_0040,12.22203873142619,True,9,8,0.4032854036221599,0.39720332469047503
conn_0223,device_0195,device_0199,8.895919676836524,True,5,6,0.27910935591264174,0.30502096491467817
conn_0224,device_0157,device_0111,7.955924417119636,True,7,8,0.31835656954585373,0.4439078857085986
conn_0225,device_0103,device_0109,14.415186701694195,True,7,6,0.4182416485759141,0.40538856938297485
conn_0226,device_0098,device_0001,5.503176243686083,True,7,7,0.36962989352616826,0.3477053273596462
conn_0227,device_0051,device_0187,9.769293651957376,True,8,7,0.45366888883804146,0.3382570056307978
conn_0228,device_0003,device_0082,7.017776265476914,True,3,5,0.2574164260115002,0.3114974247783885
conn_0229,device_0135,device_0048,3.8086090117662645,True,6,7,0.40180062173784953,0.3171597738022653
conn_0230,device_0001,device_0160,4.925615072731135,True,7,7,0.243123752686449,0.21101438779335777
conn_0231,device_0057,device_0177,12.605380300864466,True,5,5,0.251171229664092,0.23406464852971826
conn_0232,device_0079,device_0033,13.043885111043597,True,5,5,0.27825091288106124,0.34850747608651333
conn_0233,device_0128,device_0150,7.934922892174036,True,6,7,0.4234844039853837,0.42660967631616903
conn_0234,device_0016,device_0011,14.682613057462996,True,4,5,0.22091158806307637,0.23630112142479345
conn_0235,device_0074,device_0116,5.627859884527766,True,3,5,0.28950422540705495,0.3603075187772726
conn_0236,device_0152,device_0134,19.01521586199831,True,6,4,0.2988501378270342,0.31531921744719865
conn_0237,device_0175,device_0034,17.003154565698583,True,9,8,0.3777316446279191,0.3520552501536295
conn_0238,device_0125,device_0091,12.857635347468468,True,7,8,0.21799121434702254,0.2276689485843627
conn_0239,device_0042,device_0103,26.802963018161478,True,5,5,0.25828984274555156,0.17129399366535786
conn_0240,device_0057,device_0186,14.414914365260016,True,7,7,0.2483230182880001,0.2577053048457317
conn_0241,device_0054,device_0187,11.330763425913615,True,7,6,0.38302081029609486,0.3027560622724904
conn_0242,device_0129,device_0043,16.662115693073527,True,8,8,0.33874027253689254,0.4387696314437586
conn_0243,device_0182,device_0166,10.761641136151706,True,8,7,0.4604692909103277,0.3777119602708889
conn_0244,device_0096,device_0163,13.853259088601439,True,7,6,0.27783692776829677,0.2531998264321221
conn_0245,device_0136,device_0159,14.688777698579514,True,8,7,0.37126863252820724,0.3538025974464573
conn_0246,device_0012,device_0169,3.264116681819893,True,3,6,0.3324669287847745,0.3797700228321505
conn_0247,device_0005,device_0012,6.72975239433856,True,6,7,0.30773113232883603,0.3253713964859217
conn_0248,device_0106,device_0113,7.300371870897272,True,6,8,0.4687438329009496,0.45142085658515835
conn_0249,device_0140,device_0064,15.954393614358295,True,5,3,0.30744798157689823,0.2375269833137703
conn_0250,device_0039,device_0052,11.46800349914815,True,6,5,0.37649519039020773,0.34356043188495405
conn_0251,device_0161,device_0002,11.858137160524246,True,7,5,0.36318851363203647,0.33901540655518503
conn_0252,device_0169,device_0025,7.789960521616075,True,5,3,0.1652534617049719,0.2375242908014028
conn_0253,device_0069,device_0159,9.113975519871838,True,7,5,0.22002147419733634,0.20463954571302606
conn_0254,device_0035,device_0107,3.0050562500343285,True,6,3,0.37795928648819666,0.2512044987654754
conn_0255,device_0026,device_0130,7.391354666485538,True,6,7,0.3437844546604211,0.3325453794515367
conn_0256,device_0030,device_0072,6.897970690425187,True,4,4,0.24826960519128025,0.26730968403623356
conn_0257,device_0027,device_0127,4.448413827214824,True,9,8,0.3675139300030241,0.30123878480100413
conn_0258,device_0051,device_0199,6.781031417531344,True,5,6,0.25979083075359455,0.2999695785225034
conn_0259,device_0133,device_0051,4.66919385254281,True,5,4,0.22593469244233952,0.23684188776572235
conn_0260,device_0104,device_0075,3.741620044373667,True,5,7,0.37996597756942874,0.45415381617162776
conn_0261,device_0140,device_0127,7.761578617889051,True,9,7,0.45306686283019837,0.3838645918277627
conn_0262,device_0176,device_0123,9.137477814088596,True,7,6,0.38241252402148973,0.41622310622851844
conn_0263,device_0000,device_0003,8.956396275084655,True,5,3,0.33501166802853183,0.19777160447594133
conn_0264,device_0028,device_0146,6.08209973204038,True,7,6,0.46238458859710313,0.4372027611655312
conn_0265,device_0038,device_0023,5.203220773344847,True,10,7,0.47199904161069045,0.4232867074885053
conn_0266,device_0019,device_0185,6.1276599831187415,True,4,3,0.21172518432765164,0.2752375864249928
conn_0267,device_0065,device_0164,7.649350658787485,True,9,11,0.38889400436012145,0.4348195131347863
conn_0268,device_0075,device_0067,10.46081263804836,True,8,8,0.42548958710709495,0.41145941660475194
conn_0269,device_0025,device_0044,19.868975753244246,True,4,5,0.18728028703197172,0.2525984219441323
conn_0270,device_0074,device_0092,8.470990194815995,True,5,3,0.37603354965050356,0.19739374432601822
conn_0271,device_0080,device_0109,6.811864218032637,True,10,9,0.41537645437483484,0.39785002465977576
conn_0272,device_0024,device_0194,2.971237686912673,True,7,7,0.2961853629464351,0.2807539563232646
conn_0273,device_0002,device_0035,6.865995134061283,True,5,8,0.3453486702265109,0.48781237133035577
conn_0274,device_0043,device_0084,13.71738076326293,True,7,8,0.4176393973559222,0.4619093196805605
conn_0275,device_0112,device_0159,15.307716637356485,True,5,6,0.27699855450589234,0.31805233371752245
conn_0276,device_0187,device_0023,12.65428354997611,True,6,6,0.3887725171359297,0.4244911991950813
conn_0277,device_0087,device_0046,9.777084956797356,True,8,7,0.47102576725023526,0.4602401219844937
conn_0278,device_0102,device_0116,5.478538397905104,True,5,8,0.30235152160779283,0.36979964007554494
conn_0279,device_0098,device_0176,12.806902059955792,True,7,8,0.4429554303936757,0.3981243758463014
conn_0280,device_0107,device_0166,3.0878515072461754,True,7,6,0.4138279890547514,0.3106274367288248
conn_0281,device_0042,device_0028,10.535325804199596,True,8,6,0.4186870742952117,0.2725414843437594
conn_0282,device_0185,device_0015,3.371596007328357,True,9,8,0.5117844372877602,0.425557752219756
conn_0283,device_0040,device_0026,13.014774274454071,True,7,9,0.34792705503040244,0.3663837394006246
conn_0284,device_0151,device_0123,5.231598711206169,True,8,9,0.46878217470693145,0.48217509157977667
conn_0285,device_0173,device_0112,10.091298965438412,True,8,7,0.43639817802477665,0.28937646768718805
conn_0286,device_0097,device_0199,8.194624185817037,True,4,6,0.2392037796082199,0.34190159310814666
conn_0287,device_0007,device_0175,12.887724098080223,True,9,8,0.44476119668584463,0.38817276499810327
conn_0288,device_0186,device_0033,9.670989200756184,True,6,9,0.41123111276128765,0.5741396170556473
conn_0289,device_0124,device_0028,4.62555708203281,True,10,8,0.3809156465664569,0.2735335546872243
conn_0290,device_0112,device_0011,10.28183728193832,True,3,9,0.25721227142755054,0.487250312977588
conn_0291,device_0167,device_0080,5.9854208570945975,True,9,8,0.33119017985486626,0.3240394187384887
conn_0292,device_0173,device_0134,14.987671052002034,True,5,4,0.2670592016651929,0.21136362376034504
conn_0293,device_0147,device_0185,5.841268557183665,True,7,9,0.3543249528901446,0.3745749354547631
conn_0294,device_0171,device_0086,5.460554026323714,True,8,7,0.424270427561526,0.43239888247213754
conn_0295,device_0176,device_0179,9.968559648515576,True,8,6,0.34219240387337463,0.3171558550391355
conn_0296,device_0110,device_0169,4.35786210799558,True,6,10,0.3766542044046877,0.47288750633836246
conn_0297,device_0123,device_0088,11.657918093857928,True,8,7,0.39135569418610877,0.33226083774850224
conn_0298,device_0164,device_0098,11.054106320045284,True,8,8,0.34738029997331155,0.43173459538265263
conn_0299,device_0142,device_0156,11.612715917425023,True,5,6,0.3406342621857794,0.36252141620427086
conn_0300,device_0164,device_0040,10.334465018746862,True,11,10,0.4602750385677808,0.4304937613623424
conn_0301,device_0120,device_0126,13.418845859424085,True,6,7,0.4102968725385939,0.400239331247776
conn_0302,device_0019,device_0192,10.544639986957147,True,7,5,0.3022795522145032,0.28311366380749536
conn_0303,device_0061,device_0084,11.460555863445842,True,5,7,0.36209956360653694,0.3697041948117197
conn_0304,device_0012,device_0129,7.839768531341248,True,6,5,0.42709696103124,0.4209108488357982
conn_0305,device_0164,device_0096,8.223740599884511,True,9,7,0.5112295541350322,0.49129164813507
conn_0306,device_0060,device_0020,13.730241017234524,True,7,8,0.4737068961636364,0.5139810914909488
conn_0307,device_0146,device_0114,13.531581765386697,True,4,4,0.16678137127504578,0.22956674160344626
conn_0308,device_0127,device_0114,7.401930473596402,True,6,6,0.29801306495779756,0.29801306495779756
conn_0309,device_0127,device_0190,3.301443023227803,True,8,10,0.26724756005118483,0.3418279184267612
conn_0310,device_0026,device_0103,10.233522600729168,True,7,8,0.46089762783149124,0.4859383377435429
conn_0311,device_0142,device_0140,8.949384310337832,True,7,9,0.39805347726505047,0.47885262146052227
conn_0312,device_0023,device_0154,21.528738689768325,True,5,6,0.26578419526923913,0.2896305150636621
conn_0313,device_0163,device_0077,6.2478997942377115,True,6,8,0.3191278642785572,0.35731320658408267
conn_0314,device_0143,device_0052,4.650040100908631,True,8,8,0.41690847624893124,0.41138227885695333
conn_0315,device_0116,device_0087,5.996247811015079,True,8,7,0.5200685039772124,0.4943453601154933
conn_0316,device_0013,device_0057,6.873577325683887,True,11,7,0.38233048063567787,0.33481127288388046
conn_0317,device_0084,device_0143,3.669317050440184,True,9,7,0.5767299001876207,0.5690405677506228
conn_0318,device_0153,device_0121,5.108626178291365,True,8,8,0.41788908844569067,0.47758095284056057
conn_0319,device_0093,device_0183,13.934857920702207,True,6,8,0.39001430108667173,0.4257302430095621
conn_0320,device_0024,device_0194,2.971237686912673,True,7,7,0.2961853629464351,0.2807539563232646
conn_0321,device_0000,device_0087,10.505960470656316,True,8,6,0.546802453903238,0.4434521327746478
conn_0322,device_0162,device_0074,4.516192325446485,True,6,8,0.36745833718346654,0.5366699321496416
conn_0323,device_0095,device_0179,12.557021570513275,True,8,9,0.4335117775509069,0.43240884662333434
conn_0324,device_0042,device_0126,12.45837056235072,True,6,6,0.41343607472075117,0.3992779749810931
conn_0325,device_0183,device_0190,5.045135619298087,True,8,6,0.42098560596869905,0.2767253039484414
conn_0326,device_0027,device_0065,5.637760014681705,True,11,10,0.4378025002061584,0.4167000342896982
conn_0327,device_0048,device_0030,7.573625748546205,True,7,6,0.2836293309621659,0.2996796237558257
conn_0328,device_0100,device_0055,2.57811972664626,True,6,6,0.2759817659421072,0.35895461760105984
conn_0329,device_0048,device_0183,8.042958557042832,True,5,3,0.3596673951614255,0.3177490459564044
conn_0330,device_0193,device_0106,10.762241218095363,True,9,6,0.34790049610680973,0.31218149298497727
conn_0331,device_0162,device_0172,11.6437981795043,True,4,5,0.18331780879536225,0.34075022506852853
conn_0332,device_0197,device_0115,6.242056004109852,True,10,6,0.4428858452943248,0.3944007283121655
conn_0333,device_0150,device_0129,12.772338167024964,True,7,5,0.40502519879841686,0.37113832936113655
conn_0334,device_0127,device_0001,4.19543374789969,True,4,4,0.21850478446295551,0.21850478446295551
conn_0335,device_0012,device_0141,4.858271116896979,True,4,4,0.2986526600845603,0.2634486827058245
conn_0336,device_0149,device_0123,2.922309864925914,True,10,9,0.4373144298985189,0.4582133256478572
conn_0337,device_0199,device_0045,8.511462241993419,True,4,5,0.2682846394137015,0.34406993615968634
conn_0338,device_0044,device_0187,17.791142186374234,True,8,7,0.4148447147179378,0.4108826892041253
conn_0339,device_0026,device_0099,11.447993980985354,True,5,7,0.2634855020696852,0.37500487527020465
conn_0340,device_0155,device_0082,10.164664605879862,True,4,4,0.3802306372507824,0.35793545132412075
conn_0341,device_0098,device_0107,5.147978433383642,True,7,6,0.3074101322612274,0.24082708172870407
conn_0342,device_0177,device_0195,13.955667733521079,True,6,7,0.32076998374377846,0.3567137591594164
conn_0343,device_0101,device_0087,11.428504437706877,True,8,8,0.4322672509215186,0.4315859979268641
conn_0344,device_0115,device_0034,7.531001356009585,True,9,10,0.505392394662532,0.5108501746785091
conn_0345,device_0154,device_0179,14.965122386365946,True,4,5,0.3331160045008815,0.318784613986529
conn_0346,device_0131,device_0076,11.914117391158197,True,10,8,0.3521675160539383,0.3275696927203612
conn_0347,device_0140,device_0080,12.545411018890094,True,9,8,0.3120181342879506,0.3084197998027033
conn_0348,device_0141,device_0161,4.243999768342741,True,8,6,0.4556860264726142,0.39541932408655656
conn_0349,device_0053,device_0159,5.018000057399898,True,6,9,0.32764817982480865,0.449445377216305
conn_0350,device_0175,device_0088,19.085233959757524,True,4,3,0.27625244362373863,0.234199424634637
conn_0351,device_0033,device_0181,9.04319228426904,True,6,7,0.29592234676309176,0.3818090819581906
conn_0352,device_0045,device_0128,11.942786309381091,True,6,5,0.32907599155661654,0.3073431517537118
conn_0353,device_0163,device_0082,11.299214854185832,True,5,6,0.21385268284222272,0.22874825044043137
conn_0354,device_0194,device_0090,6.835887340717002,True,6,8,0.40398359968895214,0.43722554228650024
conn_0355,device_0149,device_0146,4.567306582153812,True,7,7,0.36810964259546863,0.4277917255031321
conn_0356,device_0181,device_0106,3.1808780434522883,True,9,5,0.48725918914121474,0.3705035306715641
conn_0357,device_0136,device_0073,6.046671031551827,True,2,4,0.1742673975420522,0.45827514899473243
conn_0358,device_0108,device_0003,10.043625800412842,True,5,5,0.2639224597837998,0.24039729598388238
conn_0359,device_0006,device_0097,8.63442100661167,True,9,6,0.4125977197690887,0.33333202649978033
conn_0360,device_0171,device_0014,9.347943328143543,True,4,6,0.28221382055550587,0.3215066203776908
conn_0361,device_0192,device_0041,10.092014267464638,True,9,9,0.3914190038711706,0.42236013126330374
conn_0362,device_0174,device_0064,12.226717067737788,True,6,3,0.3708006835135034,0.2965160687367959
conn_0363,device_0015,device_0176,8.959331683103823,True,8,10,0.4266717474170442,0.5174257936614167
conn_0364,device_0052,device_0192,10.571558522127102,True,5,4,0.30796656021686736,0.30996566059732744
conn_0365,device_0091,device_0115,4.82230188516822,True,8,7,0.5390005051513782,0.534972084173974
conn_0366,device_0172,device_0189,9.479443907323885,True,8,6,0.3276362736209924,0.3429307839041917
conn_0367,device_0057,device_0190,3.4949089671327864,True,5,7,0.33695805713722915,0.3933625374136963
conn_0368,device_0099,device_0060,8.131295119207136,True,8,8,0.4644737169981742,0.5034985569070115
conn_0369,device_0178,device_0073,5.0282131473352205,True,4,8,0.2932463886044352,0.40878915407470745
conn_0370,device_0012,device_0097,7.22705237907002,True,6,5,0.39051626069664064,0.18963485169087477
conn_0371,device_0175,device_0080,8.076257300479869,True,7,6,0.45590715195390474,0.434955843874145
conn_0372,device_0013,device_0003,5.774336935644634,True,5,8,0.3116214646887184,0.26612633818210896
conn_0373,device_0051,device_0158,7.9683102633533744,True,4,5,0.3245771053302113,0.36564556092515976
conn_0374,device_0113,device_0057,13.31570543432586,True,6,5,0.2641252596786387,0.23871181599806
conn_0375,device_0180,device_0181,9.090912841023682,True,7,6,0.32105708920180664,0.29052999031180515
conn_0376,device_0193,device_0150,8.616483339611014,True,6,5,0.48665782456490514,0.4365704766809908
conn_0377,device_0154,device_0050,6.460293452344922,True,6,7,0.42580571408605206,0.43354832506081387
conn_0378,device_0049,device_0075,4.296763996449362,True,4,6,0.19566055351064277,0.2643064136280338
conn_0379,device_0174,device_0019,14.758101646620949,True,3,5,0.1499972918962415,0.27434728366274075
conn_0380,device_0044,device_0188,18.780322782816103,True,7,7,0.3790477177046542,0.33168818681472567
conn_0381,device_0096,device_0010,8.877473523816258,True,6,7,0.3864147850753419,0.45136319835597294
conn_0382,device_0142,device_0067,7.314896403907296,True,9,10,0.546119424471947,0.6033524243396616
conn_0383,device_0149,device_0065,3.2647932410479767,True,9,8,0.45119603380948126,0.4446986528969959
conn_0384,device_0119,device_0181,6.361258758480041,True,4,8,0.216513111317732,0.33211311618717115
conn_0385,device_0010,device_0039,13.215016184372002,True,5,7,0.26401422806836583,0.3896910247626554
conn_0386,device_0152,device_0013,16.276682690099065,True,5,5,0.2589024031259063,0.2676445748897224
conn_0387,device_0160,device_0157,5.700744304394378,True,7,5,0.42113907617836643,0.320015220465904
conn_0388,device_0077,device_0125,6.911192448311215,True,9,6,0.35520730322915484,0.28896316892557095
conn_0389,device_0140,device_0091,12.113329538678993,True,9,5,0.4599534408491455,0.37932897177758523
conn_0390,device_0181,device_0081,2.8250512341829688,True,7,4,0.33713912790511996,0.324664683737965
conn_0391,device_0047,device_0133,5.843010231434503,True,5,7,0.37818614633263087,0.4041531552383257
conn_0392,device_0129,device_0040,20.346245276866632,True,7,7,0.3308510772580591,0.3195234042140043
conn_0393,device_0137,device_0103,7.250816889175022,True,7,7,0.5571047132576009,0.4861816236225926
conn_0394,device_0056,device_0054,6.743532794720134,True,7,8,0.40764798854851475,0.45470694822362867
conn_0395,device_0084,device_0092,12.421410247766957,True,7,7,0.3868186308766444,0.3200023675882462
conn_0396,device_0192,device_0158,9.953530857256668,True,7,9,0.33900098072831447,0.36772777554905817
conn_0397,device_0143,device_0192,3.5552415334933385,True,9,9,0.5253151391655501,0.46013117347419724
conn_0398,device_0002,device_0029,13.572268465806651,True,5,7,0.2279222981627049,0.28958008033856586
conn_0399,device_0114,device_0061,8.139739487702723,True,8,8,0.3804943102220211,0.3527946475470125
conn_0400,device_0157,device_0159,9.693759875662414,True,8,10,0.3491739174492049,0.32596702836096997
conn_0401,device_0010,device_0174,10.849736523262512,True,4,6,0.35621271789806513,0.38677958702516113
conn_0402,device_0097,device_0029,10.407801684727245,True,5,8,0.298643011191096,0.36783896318815573
conn_0403,device_0138,device_0185,5.1754174601580525,True,7,8,0.45448831148613805,0.4908634048449674
conn_0404,device_0132,device_0197,13.162202850017522,True,4,4,0.2499016684826687,0.2617370699827326
conn_0405,device_0130,device_0114,8.457016999276812,True,7,6,0.31584086256613036,0.21370367655854436
conn_0406,device_0075,device_0166,4.084927749475905,True,5,5,0.3736741698577067,0.3613920442408588
conn_0407,device_0131,device_0021,7.448804198354572,True,4,6,0.3008630385157042,0.3580993825768086
conn_0408,device_0042,device_0197,13.240482446179074,True,6,5,0.40447212432624513,0.3165525782708626
conn_0409,device_0001,device_0160,4.925615072731135,True,7,7,0.243123752686449,0.21101438779335777
conn_0410,device_0171,device_0161,13.994522800269309,True,7,8,0.24265050252092898,0.2658806216223908
conn_0411,device_0175,device_0108,8.84001408966228,True,9,9,0.5535947199186882,0.5579383607972634
conn_0412,device_0052,device_0137,5.1523752536483,True,8,7,0.39192274603237554,0.4165030004042197
conn_0413,device_0189,device_0198,13.919587687262288,True,5,7,0.2458214424286954,0.26512291988533704
conn_0414,device_0018,device_0191,2.990600513032257,True,6,6,0.3741625407222422,0.40073348278711557
conn_0415,device_0006,device_0117,7.1875708074281155,True,6,4,0.45362522188211624,0.4100475839383283
conn_0416,device_0009,device_0022,15.659508014772344,True,5,6,0.37782615895379845,0.40065351336408656
conn_0417,device_0045,device_0064,11.753686001769958,True,8,5,0.3740498480294565,0.23042758613722075
conn_0418,device_0147,device_0058,6.589806402197884,True,7,7,0.42432864823658006,0.41376227229578094
conn_0419,device_0104,device_0099,5.606701020713493,True,7,9,0.4378862469112103,0.49475941530453094
conn_0420,device_0103,device_0110,16.00141662733077,True,6,5,0.3877802304322508,0.36631217384049436
conn_0421,device_0099,device_0172,10.945874100762392,True,5,6,0.36153272059450015,0.3628153157490092
conn_0422,device_0001,device_0164,3.923935251502116,True,8,7,0.4066129475402195,0.40385362285915277
conn_0423,device_0016,device_0193,13.011217954487307,True,7,4,0.49494739550699235,0.28173667623185594
conn_0424,device_0011,device_0179,6.782650988461984,True,8,2,0.45161564146799793,0.2853929785183221
conn_0425,device_0091,device_0128,9.298297613472611,True,6,7,0.3849486204432942,0.3989042932079461
conn_0426,device_0175,device_0077,9.91903485412219,True,5,6,0.36631244391782797,0.3970455921654565
conn_0427,device_0072,device_0195,7.60902467425675,True,6,6,0.36699827749271574,0.33092722337694114
conn_0428,device_0097,device_0101,13.374505100959006,True,4,6,0.26942302253663303,0.3064627880067293
conn_0429,device_0007,device_0121,12.749303839147318,True,6,7,0.23994689136804276,0.3010052908036217
conn_0430,device_0056,device_0034,11.989271424141496,True,7,8,0.46337626681968624,0.4663605764568259
conn_0431,device_0139,device_0075,8.554183270963074,True,6,6,0.32272711402933474,0.32391506216232585
conn_0432,device_0036,device_0076,11.001669592049813,True,7,6,0.3677046837541366,0.3653829739056572
conn_0433,device_0186,device_0165,7.462453259583624,True,8,9,0.5052745477897134,0.5165458162896575
conn_0434,device_0002,device_0141,5.239920695524515,True,6,10,0.40300830068966476,0.5040721289565452
conn_0435,device_0036,device_0031,5.2617579370729315,True,8,7,0.4347558168030039,0.37568715745535725
conn_0436,device_0146,device_0152,12.931077820795332,True,5,8,0.41271475892726744,0.42260419856498893
conn_0437,device_0140,device_0021,15.07628377642712,True,7,6,0.33753881633230215,0.31048155829602886
conn_0438,device_0191,device_0189,3.9467861470500467,True,6,5,0.35760246251503724,0.3488716686232468
conn_0439,device_0088,device_0054,11.69918202289031,True,6,7,0.263322084316553,0.2888074926999516
conn_0440,device_0165,device_0131,7.096586097010043,True,7,7,0.31010355637527254,0.31246155662585406
conn_0441,device_0047,device_0056,13.04221115443033,True,7,6,0.39963265165512557,0.4097733063202941
conn_0442,device_0064,device_0049,4.473707644302454,True,8,7,0.3996315875071815,0.34551729644149515
conn_0443,device_0171,device_0145,7.20999830970801,True,6,7,0.3786771494176355,0.42687957142559785
conn_0444,device_0192,device_0140,12.643900638597227,True,6,7,0.35980741035581565,0.40795029453256976
conn_0445,device_0140,device_0018,12.344078499791902,True,5,5,0.3985057811185274,0.41975248144710203
conn_0446,device_0017,device_0064,5.616716250548817,True,8,7,0.315299939541719,0.3702996556743239
conn_0447,device_0185,device_0148,8.17671917968057,True,6,5,0.3306753996371829,0.3487965238016499
conn_0448,device_0084,device_0091,9.728003062289227,True,5,4,0.45194941363318775,0.4560752284942815
conn_0449,device_0167,device_0060,4.531602527465124,True,8,5,0.47233895732535225,0.38239658227232476
conn_0450,device_0158,device_0017,7.173087764604248,True,6,6,0.28677932952741253,0.2837158641429935
conn_0451,device_0081,device_0124,3.9739285942828957,True,4,8,0.18219870132354565,0.33171503886548587
conn_0452,device_0157,device_0168,12.372021885725207,True,8,9,0.370046499414287,0.37121216895525916
conn_0453,device_0149,device_0039,4.553767265659704,True,8,9,0.44677108494339063,0.4342483262571362
conn_0454,device_0093,device_0080,10.131875308113706,True,6,7,0.35204858132949657,0.3953933637369616
conn_0455,device_0043,device_0001,6.436854332705669,True,6,6,0.3412616472108255,0.3622713004189977
conn_0456,device_0056,device_0182,16.447523385180222,True,8,8,0.3979770050408594,0.41180662418592795
conn_0457,device_0111,device_0070,7.949637525897324,True,6,5,0.4149496755379862,0.4084145898894359
conn_0458,device_0034,device_0173,8.73852447256761,True,8,10,0.3362846701607072,0.47928621236976676
conn_0459,device_0122,device_0118,12.717794576788316,True,7,10,0.47535244295154483,0.5180410897946767
conn_0460,device_0198,device_0078,12.667966899067503,True,8,6,0.2843638496192283,0.2610534281018093
conn_0461,device_0027,device_0044,11.333514306353363,True,5,8,0.430088746737156,0.40488855607162516
conn_0462,device_0020,device_0071,12.352626186257897,True,8,6,0.4586689620563828,0.3640951548090047
conn_0463,device_0035,device_0137,7.113237635249377,True,6,3,0.3134660901610124,0.2535897032059364
conn_0464,device_0187,device_0160,10.40361693057391,True,8,7,0.3960966941285498,0.4141714784145532
conn_0465,device_0019,device_0004,13.29693307999659,True,8,7,0.2741505351043506,0.2756414772150235
conn_0466,device_0161,device_0007,10.940515124057706,True,9,7,0.34453038192187546,0.34733854214959015
conn_0467,device_0148,device_0103,15.984355361086125,True,6,7,0.36081514885424104,0.36972299850209706
conn_0468,device_0054,device_0009,9.262661147215702,True,7,8,0.3150466320667224,0.3221991971226649
conn_0469,device_0139,device_0138,14.280316149094872,True,6,9,0.3802025061095229,0.41555372161642096
conn_0470,device_0198,device_0038,10.465902550190757,True,7,6,0.33276153042189016,0.31771877381008146
conn_0471,device_0057,device_0197,6.051666169707024,True,8,11,0.3354930089307063,0.3960692085448127
conn_0472,device_0074,device_0034,9.862551119746827,True,7,5,0.43434541968979157,0.2814839605426823
conn_0473,device_0130,device_0023,9.480449903080894,True,5,6,0.2843109622453151,0.30571888944816744
conn_0474,device_0128,device_0002,12.12219729107714,True,5,4,0.3273217941305333,0.32379920953625296
conn_0475,device_0157,device_0175,6.519456140946858,True,7,8,0.5139846263886757,0.5358176423021866
conn_0476,device_0131,device_0035,9.178586364617344,True,2,6,0.14426527941197412,0.24216125984030296
conn_0477,device_0045,device_0144,13.364788691678193,True,4,3,0.23142569110806815,0.22225300888375527
conn_0478,device_0168,device_0037,14.446939622827019,True,5,7,0.4006160737846277,0.4786130150769112
conn_0479,device_0123,device_0091,9.867060974503357,True,9,9,0.37637504792769194,0.3765320568030682
conn_0480,device_0194,device_0124,2.986089443242533,True,7,9,0.29235203279624283,0.3104259787675883
conn_0481,device_0067,device_0094,12.744890252875912,True,6,7,0.4035930139660421,0.35030647371677565
conn_0482,device_0171,device_0052,9.08784836215837,True,6,7,0.3646164176241156,0.3311390237811814
conn_0483,device_0092,device_0099,7.387635323542105,True,9,11,0.4564484442400991,0.5304229131593932
conn_0484,device_0116,device_0011,6.420671662667637,True,4,7,0.2854250902132562,0.4034444318897954
conn_0485,device_0166,device_0082,5.83300365613585,True,7,8,0.45028752007714923,0.40875234199650745
conn_0486,device_0133,device_0162,3.8662233666838075,True,6,4,0.43894378234006787,0.35299788665207027
conn_0487,device_0189,device_0067,14.533827818206756,True,8,8,0.42391884723185747,0.32215716681405004
conn_0488,device_0145,device_0044,10.29524375110822,True,3,3,0.41451626362915106,0.4109730528554307
conn_0489,device_0096,device_0093,13.143652360530105,True,8,9,0.4484884149036407,0.45791212843546064
conn_0490,device_0019,device_0132,14.31370371831237,True,5,5,0.22336592656116452,0.26424997254793375
conn_0491,device_0057,device_0132,9.865078456345206,True,5,6,0.33580152852609585,0.33216373642019426
conn_0492,device_0088,device_0124,6.911450729850209,True,7,7,0.3343342852933384,0.39840336294929296
conn_0493,device_0154,device_0001,10.842772736520564,True,6,5,0.37578237334320713,0.3142054849705195
conn_0494,device_0035,device_0112,9.534646608601335,True,6,5,0.4064872548966379,0.366028189931395
conn_0495,device_0019,device_0131,7.906728518887649,True,7,7,0.24746081781128534,0.3030897590958207
conn_0496,device_0054,device_0038,5.523092797317606,True,4,7,0.3471488374424261,0.3999943066959782
conn_0497,device_0092,device_0154,21.16850504912852,True,4,5,0.30691833651559547,0.3109011142005847
conn_0498,device_0030,device_0169,7.253049723421911,True,3,3,0.2545452842403185,0.19129056607130598
conn_0499,device_0084,device_0184,11.851501906971185,True,4,6,0.3783843920871498,0.48280303713471046
