user_id,quantum_score,ground_truth,error
user_0000,1.0,0.4081278424198095,0.5918721575801905
user_0001,1.0,0.4102010585679561,0.5897989414320439
user_0002,1.0,0.3100212740337865,0.6899787259662136
user_0003,1.0,0.5390230364171416,0.46097696358285845
user_0004,1.0,0.5164880638030169,0.48351193619698307
user_0005,1.0,0.7168837296130112,0.28311627038698883
user_0006,1.0,0.6765477288640075,0.3234522711359925
user_0007,0.9999999999999999,0.20785925396933122,0.7921407460306686
user_0008,1.0,0.4485977078838118,0.5514022921161882
user_0009,1.0,0.5114535206538112,0.4885464793461888
user_0010,1.0,0.7721337562249296,0.22786624377507037
user_0011,1.0,0.26341371580655387,0.7365862841934461
user_0012,1.0,0.6239107798760374,0.3760892201239626
user_0013,1.0,0.3874356736147108,0.6125643263852891
user_0014,0.9999999999999999,0.4146870636534522,0.5853129363465477
user_0015,1.0,0.37953193460147944,0.6204680653985206
user_0016,1.0,0.751060796058973,0.24893920394102698
user_0017,0.9999999999999999,0.5042530140404305,0.49574698595956934
user_0018,0.9999999999999999,0.5584551260636459,0.441544873936354
user_0019,0.9999999999999999,0.6731381990918793,0.32686180090812056
user_0020,1.0,0.5634549492255791,0.43654505077442085
user_0021,0.9999999999999999,0.5004783291742495,0.4995216708257504
user_0022,1.0,0.6022308159591293,0.3977691840408707
user_0023,1.0,0.516993192807965,0.48300680719203504
user_0024,0.9999999999999999,0.42510444526504065,0.5748955547349592
user_0025,1.0,0.6060471090366039,0.39395289096339614
user_0026,0.9999999999999999,0.3386281153584152,0.6613718846415847
user_0027,1.0,0.4519789683584324,0.5480210316415677
user_0028,1.0,0.44296215033535663,0.5570378496646433
user_0029,0.9999999999999999,0.4503625899267715,0.5496374100732284
user_0030,1.0,0.5746166218691001,0.4253833781308999
user_0031,1.0,0.48012224230332423,0.5198777576966758
user_0032,1.0,0.5350444696244131,0.4649555303755869
user_0033,1.0,0.8726269274567392,0.1273730725432608
user_0034,0.9999999999999999,0.36884224867224297,0.6311577513277569
user_0035,0.9999999999999999,0.5496239509626628,0.4503760490373371
user_0036,1.0,0.5261260395865053,0.4738739604134947
user_0037,1.0,0.5348510892470153,0.4651489107529847
user_0038,0.9999999999999999,0.38697990490045725,0.6130200950995426
user_0039,0.9999999999999999,0.3813189150543879,0.6186810849456119
user_0040,0.9999999999999999,0.5585920044371301,0.4414079955628698
user_0041,1.0,0.3899045821985594,0.6100954178014406
user_0042,1.0,0.4626727155394226,0.5373272844605774
user_0043,0.9999999999999999,0.5974734461507905,0.40252655384920943
user_0044,1.0,0.7240041041130795,0.27599589588692053
user_0045,1.0,0.5931726816830266,0.4068273183169734
user_0046,1.0,0.38133256283633715,0.6186674371636629
user_0047,1.0,0.5776867080939571,0.42231329190604294
user_0048,0.9999999999999999,0.4102606232812285,0.5897393767187714
user_0049,1.0,0.46071444122968175,0.5392855587703183
user_0050,1.0,0.6262770491024636,0.3737229508975364
user_0051,0.9999999999999999,0.6505890132951715,0.3494109867048284
user_0052,0.9999999999999999,0.46339998839558943,0.5366000116044105
user_0053,1.0,0.6822382334743895,0.3177617665256105
user_0054,0.9999999999999999,0.5184728899833422,0.4815271100166577
user_0055,0.9999999999999999,0.5868031889080731,0.41319681109192674
user_0056,1.0,0.44706657466788363,0.5529334253321163
user_0057,1.0,0.37958126784374957,0.6204187321562504
user_0058,1.0,0.6216414135749991,0.37835858642500086
user_0059,1.0,0.5565869704990604,0.44341302950093964
user_0060,1.0,0.5439800057331827,0.4560199942668173
user_0061,0.9999999999999999,0.4915023480821299,0.50849765191787
user_0062,1.0,0.5092078227576454,0.4907921772423546
user_0063,1.0,0.47691369462870625,0.5230863053712937
user_0064,1.0,0.42535514358995186,0.5746448564100481
user_0065,0.9999999999999998,0.548835176384742,0.4511648236152578
user_0066,1.0,0.4828398056235951,0.5171601943764049
user_0067,1.0,0.5040459358488546,0.4959540641511454
user_0068,1.0,0.6013526300996951,0.3986473699003049
user_0069,1.0,0.28759584592953724,0.7124041540704628
user_0070,1.0,0.4701839843433286,0.5298160156566714
user_0071,1.0,0.4926048632038716,0.5073951367961285
user_0072,1.0,0.4060783009707909,0.5939216990292091
user_0073,0.9999999999999999,0.7020365548275899,0.29796344517241
user_0074,1.0,0.7104854481445959,0.2895145518554041
user_0075,1.0000000000000002,0.5965792449023193,0.40342075509768094
user_0076,0.9999999999999999,0.4969220697908357,0.5030779302091641
user_0077,0.9999999999999999,0.3224604429699466,0.6775395570300533
user_0078,1.0,0.4435904462833341,0.5564095537166659
user_0079,0.9999999999999999,0.65928364342011,0.34071635657988986
user_0080,1.0,0.47089422273975595,0.5291057772602441
user_0081,1.0,0.4959629682142489,0.5040370317857511
user_0082,1.0,0.3672251473282176,0.6327748526717825
user_0083,1.0,0.3448875932872183,0.6551124067127817
user_0084,1.0,0.2663302373626354,0.7336697626373646
user_0085,1.0,0.4514051573507439,0.5485948426492562
user_0086,1.0,0.32970281403140606,0.670297185968594
user_0087,0.9999999999999999,0.6938170073407294,0.3061829926592705
user_0088,1.0,0.25573954880318717,0.7442604511968128
user_0089,1.0,0.5781647038259233,0.42183529617407667
user_0090,1.0,0.5270135812096954,0.47298641879030456
user_0091,1.0,0.600556450431278,0.39944354956872197
user_0092,1.0,0.4967296221109121,0.5032703778890879
user_0093,1.0,0.5097708426004985,0.49022915739950146
user_0094,1.0,0.7295749209409278,0.2704250790590722
user_0095,1.0,0.6675963101372842,0.33240368986271585
user_0096,1.0,0.5418115832862798,0.45818841671372024
user_0097,1.0,0.5348071622829557,0.46519283771704434
user_0098,1.0,0.36001664137445427,0.6399833586255457
user_0099,0.9999999999999998,0.49025803789204514,0.5097419621079546
user_0100,1.0,0.4960757588449665,0.5039242411550335
user_0101,1.0,0.4466371834080517,0.5533628165919483
user_0102,0.9999999999999999,0.524790474781422,0.47520952521857784
user_0103,1.0,0.3482658579184106,0.6517341420815894
user_0104,0.9999999999999999,0.4748943742021636,0.5251056257978363
user_0105,1.0,0.4854809238296147,0.5145190761703853
user_0106,1.0,0.33496199643170244,0.6650380035682976
user_0107,1.0,0.5890837968145385,0.4109162031854615
user_0108,1.0,0.397426184534742,0.602573815465258
user_0109,1.0,0.4623422956023186,0.5376577043976813
user_0110,1.0,0.5220663065277906,0.4779336934722094
user_0111,1.0,0.5498415234350932,0.4501584765649068
user_0112,1.0,0.707217165479623,0.292782834520377
user_0113,0.9999999999999999,0.25244435635442763,0.7475556436455723
user_0114,1.0,0.3042150330730049,0.6957849669269951
user_0115,1.0,0.6991389664352335,0.30086103356476646
user_0116,1.0,0.6718852390243297,0.32811476097567027
user_0117,1.0,0.4650791091215061,0.5349208908784939
user_0118,1.0,0.4819632023524152,0.5180367976475848
user_0119,0.9999999999999999,0.3014762232109038,0.6985237767890962
user_0120,0.9999999999999999,0.6152408989966816,0.38475910100331834
user_0121,1.0,0.49565185546387797,0.504348144536122
user_0122,1.0,0.5707011984100857,0.4292988015899143
user_0123,0.9999999999999999,0.5109699358323307,0.48903006416766914
user_0124,1.0,0.5566655290616307,0.4433344709383693
user_0125,0.9999999999999999,0.5891286604152175,0.4108713395847824
user_0126,1.0,0.46245779691286637,0.5375422030871336
user_0127,1.0,0.6164372660838723,0.3835627339161277
user_0128,0.9999999999999999,0.4091084900517251,0.5908915099482748
user_0129,0.9999999999999999,0.556926341094617,0.44307365890538286
user_0130,1.0,0.6314636620109304,0.3685363379890696
user_0131,0.9999999999999999,0.6283588221459554,0.3716411778540445
user_0132,1.0,0.7230773812087984,0.2769226187912016
user_0133,1.0,0.5387926588183869,0.4612073411816131
user_0134,1.0,0.4178760837618468,0.5821239162381532
user_0135,1.0,0.4324541902621838,0.5675458097378162
user_0136,1.0,0.5975532044571471,0.4024467955428529
user_0137,0.9999999999999999,0.6269927900536285,0.3730072099463714
user_0138,1.0,0.6392572946566445,0.3607427053433555
user_0139,1.0,0.5395279327025286,0.46047206729747137
user_0140,0.9999999999999999,0.6409590487203934,0.35904095127960645
user_0141,1.0,0.5179335907141841,0.4820664092858159
user_0142,1.0,0.5734170042847374,0.4265829957152626
user_0143,0.9999999999999999,0.5019942761550781,0.4980057238449218
user_0144,1.0,0.32945791301340316,0.6705420869865968
user_0145,0.9999999999999999,0.49691621286348214,0.5030837871365177
user_0146,0.9999999999999999,0.39413293691912,0.6058670630808799
user_0147,0.9999999999999999,0.46106012566031923,0.5389398743396807
user_0148,0.9999999999999999,0.4748365017196148,0.5251634982803851
user_0149,1.0,0.3519057381108189,0.6480942618891812
user_0150,1.0,0.6879969004010542,0.3120030995989458
user_0151,1.0,0.5828311873164502,0.4171688126835498
user_0152,1.0,0.5046427607897584,0.49535723921024155
user_0153,0.9999999999999999,0.7239526302824685,0.2760473697175314
user_0154,1.0,0.5094035975441028,0.4905964024558972
user_0155,1.0,0.4082536906523032,0.5917463093476968
user_0156,1.0,0.6243985133515322,0.3756014866484678
user_0157,0.9999999999999999,0.5661336357411147,0.43386636425888514
user_0158,1.0,0.9014913797166273,0.0985086202833727
user_0159,1.0,0.45659856469952775,0.5434014353004722
user_0160,1.0,0.6327902819220245,0.36720971807797553
user_0161,1.0,0.4531043029075479,0.5468956970924521
user_0162,1.0,0.6185138919867652,0.3814861080132348
user_0163,0.9999999999999999,0.4087919987690986,0.5912080012309013
user_0164,1.0,0.6479619747305254,0.3520380252694746
user_0165,1.0,0.39748700453879,0.6025129954612101
user_0166,1.0,0.5529648574405716,0.44703514255942844
user_0167,1.0,0.499410305272085,0.5005896947279149
user_0168,1.0,0.6204297195187929,0.3795702804812071
user_0169,1.0,0.46573821631404727,0.5342617836859527
user_0170,1.0,0.37415999287754886,0.6258400071224511
user_0171,0.9999999999999999,0.24608831311953283,0.7539116868804671
user_0172,1.0,0.39955793562968756,0.6004420643703124
user_0173,0.9999999999999999,0.38676860434480453,0.6132313956551954
user_0174,0.9999999999999999,0.5432856516375085,0.45671434836249136
user_0175,0.9999999999999999,0.6663136051977063,0.33368639480229356
user_0176,1.0,0.5152503605332723,0.48474963946672767
user_0177,1.0,0.3082060336860564,0.6917939663139436
user_0178,0.9999999999999999,0.5177801504229866,0.48221984957701325
user_0179,1.0,0.7007127862045596,0.29928721379544043
user_0180,0.9999999999999999,0.36356551180588365,0.6364344881941162
user_0181,0.9999999999999998,0.4408619187574601,0.5591380812425397
user_0182,1.0,0.5462449135587711,0.45375508644122886
user_0183,0.9999999999999999,0.4378099393785529,0.5621900606214469
user_0184,1.0,0.76198123085035,0.23801876914965003
user_0185,1.0,0.424096804294585,0.575903195705415
user_0186,1.0,0.6507623009604115,0.34923769903958846
user_0187,1.0,0.6208711683145947,0.37912883168540534
user_0188,1.0,0.312187638732897,0.687812361267103
user_0189,1.0,0.5208832595400424,0.47911674045995756
user_0190,0.9999999999999999,0.4808044293716386,0.5191955706283613
user_0191,1.0,0.42086781814873186,0.5791321818512681
user_0192,1.0,0.5074367943387741,0.4925632056612259
user_0193,1.0,0.4723423646259512,0.5276576353740488
user_0194,1.0,0.39880465310082314,0.6011953468991769
user_0195,0.9999999999999999,0.24281309712561658,0.7571869028743833
user_0196,1.0,0.47166871889954815,0.5283312811004519
user_0197,1.0,0.3568907349170729,0.6431092650829271
user_0198,1.0,0.47358409525399614,0.5264159047460039
user_0199,0.9999999999999999,0.5989983645745107,0.40100163542548917
user_0200,1.0,0.5465038642628063,0.4534961357371937
user_0201,0.9999999999999999,0.3321622466929059,0.667837753307094
user_0202,1.0,0.7005987527950249,0.2994012472049751
user_0203,0.9999999999999998,0.3959038692081211,0.6040961307918786
user_0204,1.0,0.691317154661134,0.30868284533886603
user_0205,0.9999999999999999,0.6183449769605737,0.3816550230394262
user_0206,1.0,0.24167298505011522,0.7583270149498847
user_0207,0.9999999999999999,0.41065068727319104,0.5893493127268088
user_0208,1.0,0.6483630809720149,0.3516369190279851
user_0209,1.0,0.6603693307878263,0.33963066921217366
user_0210,1.0,0.32906826736225087,0.6709317326377491
user_0211,1.0,0.38676719559065736,0.6132328044093427
user_0212,1.0,0.3155749644571658,0.6844250355428342
user_0213,1.0,0.4774056064565431,0.5225943935434569
user_0214,1.0,0.7122231077179257,0.28777689228207426
user_0215,1.0,0.4670249346849399,0.5329750653150601
user_0216,0.9999999999999999,0.6776570814289873,0.3223429185710126
user_0217,1.0,0.6845946962381102,0.3154053037618898
user_0218,1.0,0.38204350954018046,0.6179564904598196
user_0219,0.9999999999999999,0.32874611668590004,0.6712538833140999
user_0220,1.0,0.5738963765182092,0.42610362348179076
user_0221,1.0,0.5097805115866635,0.4902194884133365
user_0222,0.9999999999999999,0.4204161107081756,0.5795838892918244
user_0223,1.0,0.5659340320323721,0.43406596796762786
user_0224,1.0,0.7103487030479897,0.2896512969520103
user_0225,0.9999999999999998,0.6045326654897997,0.3954673345102001
user_0226,1.0,0.49906096776953707,0.500939032230463
user_0227,1.0,0.5800623412228277,0.41993765877717226
user_0228,0.9999999999999999,0.4621383107915534,0.5378616892084465
user_0229,1.0,0.3715904753255393,0.6284095246744608
user_0230,1.0,0.7105848947573856,0.2894151052426144
user_0231,0.9999999999999999,0.5762078174214305,0.42379218257856943
user_0232,0.9999999999999999,0.41609432609066443,0.5839056739093355
user_0233,0.9999999999999999,0.24520850491734822,0.7547914950826516
user_0234,1.0,0.44057550678966256,0.5594244932103374
user_0235,1.0,0.3333044692492239,0.666695530750776
user_0236,1.0,0.4656625369019105,0.5343374630980895
user_0237,1.0,0.6836664143483117,0.31633358565168834
user_0238,1.0,0.3868089912717294,0.6131910087282706
user_0239,1.0,0.5431391762459133,0.45686082375408665
user_0240,0.9999999999999999,0.5240765462868063,0.47592345371319356
user_0241,1.0,0.3042239242536008,0.6957760757463992
user_0242,1.0,0.5238877750763499,0.47611222492365013
user_0243,1.0,0.5768590091574413,0.42314099084255874
user_0244,1.0,0.502503057576378,0.49749694242362197
user_0245,1.0,0.7423175720638994,0.25768242793610063
user_0246,0.9999999999999999,0.5559870839445136,0.4440129160554863
user_0247,1.0,0.401559881275806,0.598440118724194
user_0248,1.0,0.4374318314690158,0.5625681685309842
user_0249,1.0,0.6947997340376325,0.3052002659623675
user_0250,1.0,0.6008054842517598,0.39919451574824016
user_0251,1.0,0.3971093798439115,0.6028906201560885
user_0252,0.9999999999999999,0.6763250026883274,0.3236749973116725
user_0253,0.9999999999999999,0.4149214157555428,0.585078584244457
user_0254,1.0,0.4290506562106745,0.5709493437893255
user_0255,0.9999999999999999,0.4780578407953771,0.5219421592046227
user_0256,1.0,0.6056124695110469,0.39438753048895314
user_0257,1.0,0.5076720728309025,0.49232792716909746
user_0258,1.0,0.6330262272388059,0.36697377276119414
user_0259,0.9999999999999999,0.3945252045539831,0.6054747954460168
user_0260,1.0,0.5111391574203209,0.4888608425796791
user_0261,1.0,0.5894561306081373,0.4105438693918627
user_0262,1.0,0.60698434980974,0.39301565019025997
user_0263,1.0,0.4809490168178268,0.5190509831821732
user_0264,1.0,0.3631329688179765,0.6368670311820235
user_0265,0.9999999999999999,0.6470239775895658,0.35297602241043413
user_0266,0.9999999999999999,0.4102469845474596,0.5897530154525403
user_0267,0.9999999999999999,0.6980577451562191,0.3019422548437808
user_0268,1.0,0.34782503506005513,0.6521749649399449
user_0269,1.0,0.534738438248105,0.46526156175189504
user_0270,0.9999999999999999,0.46121767336291897,0.5387823266370809
user_0271,1.0,0.45044319578601977,0.5495568042139802
user_0272,0.9999999999999999,0.6284346356398913,0.37156536436010856
user_0273,0.9999999999999999,0.29872703720349686,0.7012729627965031
user_0274,0.9999999999999999,0.4668027832205147,0.5331972167794852
user_0275,0.9999999999999999,0.528539927881628,0.47146007211837193
user_0276,1.0,0.4526928746527002,0.5473071253472999
user_0277,1.0,0.4581885461976761,0.5418114538023239
user_0278,1.0,0.6805783433949643,0.31942165660503574
user_0279,1.0,0.37005712183430134,0.6299428781656986
user_0280,1.0,0.5999710733305607,0.40002892666943934
user_0281,1.0,0.7026656498404308,0.2973343501595692
user_0282,1.0,0.27563313116931687,0.7243668688306831
user_0283,1.0,0.49212964944319665,0.5078703505568034
user_0284,0.9999999999999999,0.49526827178248184,0.5047317282175181
user_0285,1.0,0.5752966781813451,0.4247033218186549
user_0286,0.9999999999999999,0.7292133533590026,0.2707866466409973
user_0287,1.0,0.6970446184189609,0.3029553815810391
user_0288,1.0,0.5168362706917324,0.48316372930826756
user_0289,1.0,0.3937097439382654,0.6062902560617346
user_0290,1.0,0.5439822512366643,0.4560177487633357
user_0291,0.9999999999999999,0.3735831581824273,0.6264168418175726
user_0292,0.9999999999999999,0.4726476198249591,0.5273523801750408
user_0293,1.0,0.6679667447586304,0.3320332552413696
user_0294,1.0,0.44435035551177,0.55564964448823
user_0295,1.0,0.4661946053679815,0.5338053946320185
user_0296,1.0,0.4436750838864543,0.5563249161135457
user_0297,1.0,0.6331504919867926,0.36684950801320737
user_0298,0.9999999999999998,0.41591361107583635,0.5840863889241634
user_0299,1.0,0.508134735359567,0.491865264640433
user_0300,1.0,0.44695148225222786,0.5530485177477722
user_0301,1.0000000000000002,0.5973974412082663,0.4026025587917339
user_0302,1.0,0.6402641707252383,0.35973582927476166
user_0303,1.0,0.6194735505126148,0.38052644948738523
user_0304,1.0,0.6423086353647075,0.3576913646352925
user_0305,0.9999999999999999,0.6941323477736343,0.3058676522263656
user_0306,1.0,0.41074084419777945,0.5892591558022205
user_0307,1.0,0.6153774730957354,0.3846225269042646
user_0308,1.0,0.2543503957224328,0.7456496042775672
user_0309,1.0,0.6457102975599124,0.3542897024400876
user_0310,1.0,0.5081896147356766,0.4918103852643234
user_0311,1.0,0.37848650933111216,0.6215134906688878
user_0312,1.0,0.4276553172790688,0.5723446827209312
user_0313,1.0,0.39653957333958106,0.6034604266604189
user_0314,1.0,0.3887683483995249,0.6112316516004751
user_0315,0.9999999999999999,0.3777821494073891,0.6222178505926108
user_0316,0.9999999999999999,0.4612786782044906,0.5387213217955094
user_0317,0.9999999999999999,0.5208481535934373,0.4791518464065626
user_0318,1.0,0.3416133199684996,0.6583866800315004
user_0319,1.0,0.3620315709698105,0.6379684290301895
user_0320,1.0,0.524875884146599,0.475124115853401
user_0321,1.0,0.7085859321352723,0.2914140678647277
user_0322,1.0000000000000002,0.37971879238672973,0.6202812076132704
user_0323,0.9999999999999999,0.643087278911429,0.35691272108857086
user_0324,0.9999999999999999,0.6509287483981702,0.3490712516018297
user_0325,1.0,0.5340233178723773,0.46597668212762267
user_0326,0.9999999999999999,0.39050961350067376,0.6094903864993262
user_0327,1.0,0.3826831625394022,0.6173168374605977
user_0328,0.9999999999999999,0.4407891412994034,0.5592108587005965
user_0329,1.0,0.6116342989942918,0.3883657010057082
user_0330,0.9999999999999999,0.31517544909086237,0.6848245509091375
user_0331,1.0,0.3983211502200298,0.6016788497799702
user_0332,0.9999999999999999,0.5204608938764289,0.479539106123571
user_0333,0.9999999999999998,0.34119915123795735,0.6588008487620425
user_0334,0.9999999999999999,0.5940513644992605,0.40594863550073934
user_0335,1.0,0.7016429052701123,0.2983570947298877
user_0336,0.9999999999999999,0.4619942471286396,0.5380057528713602
user_0337,1.0,0.6430857804620037,0.3569142195379963
user_0338,0.9999999999999999,0.4037572338597951,0.5962427661402048
user_0339,0.9999999999999999,0.49047639319288194,0.509523606807118
user_0340,0.9999999999999999,0.6312307625140325,0.36876923748596735
user_0341,1.0,0.6007333185329123,0.39926668146708766
user_0342,1.0,0.615284313689267,0.38471568631073305
user_0343,1.0,0.5372929448241606,0.46270705517583943
user_0344,1.0,0.40659254871588785,0.5934074512841121
user_0345,0.9999999999999999,0.5863802167929527,0.4136197832070472
user_0346,1.0,0.3996029247550348,0.6003970752449652
user_0347,1.0,0.42081150985599997,0.5791884901440001
user_0348,0.9999999999999999,0.6589107522340923,0.34108924776590754
user_0349,0.9999999999999998,0.4777083325845491,0.5222916674154507
user_0350,1.0,0.45854287121551895,0.541457128784481
user_0351,1.0,0.6347537163864329,0.36524628361356715
user_0352,0.9999999999999999,0.3858177093685398,0.61418229063146
user_0353,0.9999999999999999,0.3771837251696984,0.6228162748303014
user_0354,1.0,0.5501523477028504,0.4498476522971496
user_0355,0.9999999999999999,0.39154519270165744,0.6084548072983424
user_0356,1.0,0.5058988522562122,0.49410114774378777
user_0357,1.0,0.729788815000518,0.27021118499948205
user_0358,1.0,0.40785176955011865,0.5921482304498813
user_0359,1.0000000000000002,0.47931004591666626,0.520689954083334
user_0360,1.0,0.33372008176588147,0.6662799182341186
user_0361,1.0,0.4735956713210784,0.5264043286789216
user_0362,1.0,0.5273314082124037,0.47266859178759635
user_0363,1.0,0.4149588971853987,0.5850411028146013
user_0364,1.0,0.5591724101325202,0.44082758986747983
user_0365,0.9999999999999999,0.5722837911918868,0.4277162088081131
user_0366,1.0,0.5463938940413265,0.45360610595867346
user_0367,1.0,0.5399311059869645,0.4600688940130355
user_0368,0.9999999999999999,0.5924872929959645,0.4075127070040354
user_0369,1.0,0.38133126851612437,0.6186687314838757
user_0370,1.0,0.1846427444269064,0.8153572555730936
user_0371,1.0,0.3255239932559942,0.6744760067440059
user_0372,1.0,0.3188809316505806,0.6811190683494194
user_0373,1.0,0.5833340413357958,0.4166659586642042
user_0374,1.0,0.3136798238747252,0.6863201761252749
user_0375,0.9999999999999999,0.3461480371464362,0.6538519628535637
user_0376,0.9999999999999999,0.41445468798521384,0.585545312014786
user_0377,0.9999999999999999,0.5977485607721086,0.4022514392278913
user_0378,1.0,0.5823852455557854,0.4176147544442146
user_0379,1.0,0.7342809274110674,0.26571907258893257
user_0380,0.9999999999999999,0.38961811423658654,0.6103818857634133
user_0381,0.9999999999999999,0.6194654184774108,0.3805345815225891
user_0382,1.0,0.6124786217096752,0.38752137829032485
user_0383,1.0,0.47850224013216547,0.5214977598678345
user_0384,1.0,0.5650761599381514,0.4349238400618486
user_0385,1.0,0.7340540264401366,0.2659459735598634
user_0386,1.0,0.5316174174701607,0.46838258252983933
user_0387,1.0000000000000002,0.5712404943988814,0.42875950560111886
user_0388,1.0,0.5105007088737766,0.48949929112622337
user_0389,0.9999999999999999,0.5464190746451443,0.4535809253548556
user_0390,1.0,0.3526275040750345,0.6473724959249655
user_0391,1.0,0.353252610344849,0.646747389655151
user_0392,1.0,0.4828873080003091,0.5171126919996909
user_0393,1.0,0.5945781345108807,0.4054218654891193
user_0394,1.0,0.5253974846584076,0.47460251534159237
user_0395,1.0,0.3398174426137459,0.6601825573862541
user_0396,1.0,0.47178685258223874,0.5282131474177613
user_0397,1.0,0.5115231784017203,0.48847682159827965
user_0398,1.0,0.48591073900492976,0.5140892609950702
user_0399,1.0,0.5811566500772269,0.41884334992277306
user_0400,0.9999999999999999,0.5490444889388845,0.4509555110611154
user_0401,0.9999999999999999,0.33474469765788556,0.6652553023421144
user_0402,0.9999999999999999,0.381956673321374,0.6180433266786258
user_0403,0.9999999999999999,0.5659093357555881,0.4340906642444118
user_0404,1.0,0.27105182571335584,0.7289481742866442
user_0405,1.0,0.5493469142952194,0.4506530857047806
user_0406,0.9999999999999999,0.26741187213748996,0.7325881278625099
user_0407,1.0,0.4558351882405791,0.5441648117594209
user_0408,1.0,0.46176712113475366,0.5382328788652464
user_0409,0.9999999999999999,0.6276924647281243,0.37230753527187554
user_0410,1.0,0.5277175794358108,0.47228242056418923
user_0411,1.0,0.7146722556583329,0.2853277443416671
user_0412,1.0,0.41643446448314286,0.5835655355168572
user_0413,0.9999999999999998,0.3120811570500847,0.687918842949915
user_0414,0.9999999999999999,0.5273792016889839,0.472620798311016
user_0415,0.9999999999999999,0.8564094920547574,0.14359050794524253
user_0416,0.9999999999999999,0.6963664758633057,0.3036335241366942
user_0417,1.0,0.4656304519767678,0.5343695480232322
user_0418,1.0,0.537303984766591,0.462696015233409
user_0419,1.0,0.6214475473732105,0.3785524526267895
user_0420,0.9999999999999999,0.3991403988316623,0.6008596011683376
user_0421,1.0,0.4400518637798731,0.5599481362201268
user_0422,0.9999999999999999,0.44770080693865677,0.5522991930613431
user_0423,1.0,0.5436830864559455,0.45631691354405446
user_0424,0.9999999999999999,0.5317675805488327,0.4682324194511672
user_0425,1.0,0.5787159956783754,0.4212840043216246
user_0426,1.0,0.371798306894668,0.628201693105332
user_0427,1.0,0.3794177653494792,0.6205822346505208
user_0428,0.9999999999999999,0.4923253287330659,0.507674671266934
user_0429,1.0,0.31922955085813476,0.6807704491418652
user_0430,0.9999999999999998,0.44100836057428744,0.5589916394257124
user_0431,1.0,0.4633508901645835,0.5366491098354165
user_0432,1.0,0.39913385727479966,0.6008661427252003
user_0433,1.0,0.6127028642035172,0.38729713579648284
user_0434,1.0,0.41597515928111006,0.5840248407188899
user_0435,1.0,0.6102751772653604,0.3897248227346396
user_0436,1.0,0.5934106919938622,0.4065893080061378
user_0437,1.0,0.493476647912665,0.506523352087335
user_0438,0.9999999999999999,0.62513292826734,0.3748670717326599
user_0439,0.9999999999999999,0.5468872552134922,0.45311274478650765
user_0440,1.0,0.3407030455548676,0.6592969544451324
user_0441,1.0,0.45363411535699333,0.5463658846430066
user_0442,0.9999999999999999,0.45479638821109053,0.5452036117889094
user_0443,0.9999999999999999,0.5873232919026774,0.4126767080973225
user_0444,1.0,0.4502342264290456,0.5497657735709545
user_0445,1.0,0.4914569205760799,0.5085430794239201
user_0446,1.0,0.5399600547242315,0.4600399452757685
user_0447,1.0,0.4741185139884696,0.5258814860115304
user_0448,0.9999999999999999,0.5006653715768933,0.4993346284231066
user_0449,1.0,0.4403099207011318,0.5596900792988682
user_0450,1.0,0.3459439601652785,0.6540560398347215
user_0451,0.9999999999999999,0.5274338925996361,0.47256610740036376
user_0452,0.9999999999999999,0.6994458253745562,0.30055417462544365
user_0453,1.0,0.38994318379104015,0.6100568162089599
user_0454,0.9999999999999999,0.7124726785517397,0.2875273214482602
user_0455,0.9999999999999999,0.43790336797046747,0.5620966320295324
user_0456,1.0,0.419584804518095,0.580415195481905
user_0457,0.9999999999999999,0.5876132708493839,0.412386729150616
user_0458,1.0,0.33475675241378544,0.6652432475862146
user_0459,1.0,0.6251489183425952,0.37485108165740477
user_0460,0.9999999999999999,0.44856027890640066,0.5514397210935993
user_0461,1.0,0.5328168807094614,0.4671831192905386
user_0462,1.0,0.4400139750324143,0.5599860249675856
user_0463,1.0,0.4878223199525698,0.5121776800474303
user_0464,1.0,0.5706335246728137,0.4293664753271863
user_0465,1.0,0.37268540701396335,0.6273145929860366
user_0466,1.0,0.45494008097197924,0.5450599190280208
user_0467,1.0,0.39980858198517016,0.6001914180148298
user_0468,0.9999999999999999,0.44542442526184556,0.5545755747381543
user_0469,1.0,0.47977766466991734,0.5202223353300827
user_0470,1.0,0.5016607572466603,0.49833924275333974
user_0471,1.0,0.687939155457353,0.31206084454264704
user_0472,1.0,0.4949059933519319,0.505094006648068
user_0473,1.0,0.6529203569145106,0.34707964308548944
user_0474,0.9999999999999999,0.34973987324902517,0.6502601267509747
user_0475,1.0,0.24214425017144328,0.7578557498285567
user_0476,1.0,0.46872472603732696,0.531275273962673
user_0477,1.0,0.3290135983022947,0.6709864016977053
user_0478,1.0,0.7064900127301973,0.2935099872698027
user_0479,1.0,0.5326493055331286,0.4673506944668714
user_0480,1.0,0.4015043255976095,0.5984956744023905
user_0481,0.9999999999999999,0.8061858412940728,0.1938141587059271
user_0482,1.0,0.6147962407479887,0.38520375925201134
user_0483,1.0,0.5614634305433626,0.43853656945663744
user_0484,0.9999999999999999,0.514175087326754,0.4858249126732459
user_0485,0.9999999999999999,0.6649245895977535,0.3350754104022464
user_0486,0.9999999999999999,0.5162428790600211,0.4837571209399788
user_0487,1.0,0.3644556022484636,0.6355443977515365
user_0488,0.9999999999999999,0.6134608310833513,0.38653916891664863
user_0489,0.9999999999999999,0.8343612728969154,0.16563872710308447
user_0490,1.0,0.45002521286925395,0.5499747871307461
user_0491,0.9999999999999999,0.7813853487571072,0.2186146512428927
user_0492,0.9999999999999999,0.6138672666252867,0.3861327333747132
user_0493,1.0,0.5479402556783799,0.4520597443216201
user_0494,0.9999999999999999,0.5843007030345808,0.4156992969654191
user_0495,0.9999999999999998,0.6556661648153618,0.344333835184638
user_0496,0.9999999999999999,0.503634306439993,0.4963656935600069
user_0497,1.0,0.501588265484,0.49841173451599996
user_0498,1.0,0.3208964367358648,0.6791035632641351
user_0499,1.0,0.55740963945415,0.44259036054585
