event_id,is_valid,is_locked,lock_time,event_start_time,locked_before_event,can_modify_after_lock,lock_hash
event_0000,True,True,1766011359.9128742,1766431135.0501919,True,False,d51cfa12e7aa3eb0de70fcfc9609457be7b827a84a3fddacbbf3410330a7651b
event_0001,True,True,1766329873.1896875,1767876130.9975893,True,False,f027be9ffca4f7aa56662c5a5b2a7eab7389164b59e38e0c3554b677fc8011e2
event_0002,True,True,1766200263.5665524,1768829850.6281478,True,False,dc5ef880c39d65a5ef07cac33589ae37917d33a85bf0f8e56ea36ec3941bd17e
event_0003,True,True,1766227126.3185384,1768175004.544468,True,False,c8df8c89720e421f768e8d275145cdc441b3b34f4b30bc54d715ec6a651e6678
event_0004,True,True,1765961052.0877724,1767523993.8487418,True,False,f4ee73d8183c2012f868ee4dbbb55d85f9e281d1ad036e8b1e5f63f3c57426a3
event_0005,True,True,1765992037.7509148,1768533426.522143,True,False,ffec537cf81daf2cdd4a8131ede9d6cb4f60c5c7f53ca493f6eb7fe23fbb795a
event_0006,True,True,1765880332.8772967,1768715603.179036,True,False,ca91af7e2d2b9c616571a009395e9303653a1438b3594983b8cb205d99e1db0e
event_0007,True,True,1766297769.6743598,1766584391.5415144,True,False,8f72a34a1a4c9d16259029135d72e025db19979a84095ab31e28bc72a684d8d7
event_0008,True,True,1766124114.49387,1767337911.535789,True,False,6c73e9e2afa18ffa9e0862a97739b7b634fc0d5877c2bc528dac23632c34a562
event_0009,True,True,1766327391.8866382,1768605138.4781957,True,False,208ae629a375eefd972bf6c76fc89efd33c8e28d1de555d550dbec427333c287
event_0010,True,True,1766229496.8390567,1768626401.4525106,True,False,320e50bb31ee294385db05854077b03b91a0bdaa509b72e9353cbb56e476c8c4
event_0011,True,True,1766080862.583842,1768610100.787692,True,False,2dce8e32196372d92b69e87ad12dbe6bbd928da1c912823f401229daee6f5891
event_0012,True,True,1766329082.5185108,1766367392.9998574,True,False,c1b4869f8b7ecaa5859599283878442b993b9cf03b5bc1ccc35ded8a81cfc0aa
event_0013,True,True,1766239761.3270788,1768082744.746561,True,False,03008bfe661d45690f297d36e49d959449771927a65ac9aca3b729adb72a6314
event_0014,True,True,1766005938.67265,1768587819.197005,True,False,01a8f68f1b708df3a3b8ab70707ea99a15b6dbc0b2336a97641c2de5f01cfd55
event_0015,True,True,1766060341.1016502,1766841775.8359165,True,False,754efd6d03affa4d30f8b2705d8cb5cd7e4d70b60dd869537f00a28512cbe251
event_0016,True,True,1766228562.346729,1766354341.0859559,True,False,d5ad1a702788d636f81d6e8891bad80bc6dfce0c612e1b6527139928331c5d8b
event_0017,True,True,1766037363.4346735,1768559004.305466,True,False,102dae4d809033d2ef7e550e8c947bd930da834f806e40273cb329f398d5a25c
event_0018,True,True,1765923230.016453,1768656379.0635066,True,False,a90d55fd864cdbff60e67abe1f9a262822ea5d2b2f78341269efac6ff66b7b18
event_0019,True,True,1766339469.8081777,1766687990.8525643,True,False,051622271b211a34b3e14d40123bab287f5cb31cd1381ce364a38d6385d82c8e
event_0020,True,True,1765925102.0650449,1766757634.1347668,True,False,5a5c9f042ba192c1b56456196c103a7fe2edad9800697262d4edade25f7a354a
event_0021,True,True,1765980923.302833,1766894706.4105637,True,False,199a9d5bcf3606991e4c0e57e7cb7075065ed6281331ce785e4f729f40c7fefc
event_0022,True,True,1766166452.8974319,1767778709.9968717,True,False,ae0b280c6a726fb5d64daba92063861470cd01dc57293796d1dcdc13ece91810
event_0023,True,True,1766262238.1924925,1768640431.4914873,True,False,bcb13b170e2c77635e2ad999f06b9d64ed7c05822e09b20d1fcb8ea8cb5864bf
event_0024,True,True,1765846619.5085628,1768574228.0528016,True,False,bf3bd2225e008090be5087a19834f5abd69dbcdf8fb6c110db1878db4e6ee2d7
event_0025,True,True,1766168348.1530085,1767384720.7176023,True,False,25074c6e270d6a8c91539c3a228dd84d05f2f7d45ec12ae0a0fedced5d8419ce
event_0026,True,True,1766294759.3199866,1768185925.8010464,True,False,5ff3bebccccddf4ae6f29e87f3149e2ceb28732b3b90f4abd766373c1a950314
event_0027,True,True,1766292700.9954445,1768808237.0129957,True,False,9bf50d54c0c4b691588d4566661b9df2dc6fcfe88c2113c28668d57f8061ad4d
event_0028,True,True,1765903497.6856804,1767401301.182792,True,False,297fde386383fd64e699dce3ec24aeeb48266f9222961c80789b22c4aebcc506
event_0029,True,True,1766029867.1905344,1767554003.7344942,True,False,e364ca426bd6fec471a258230b85172ca7617048dcd1bc32619bd96013be5955
event_0030,True,True,1765924423.4683294,1768645621.213643,True,False,7a6e8df636447d587fcf70538baa615e9847cd31fba265e6e2bf7995aad0f190
event_0031,True,True,1765964545.8069727,1768152557.6698394,True,False,a876a30e82406b5e19d08fd719781a8cbfb94cbd8510222d1855756b5c15f769
event_0032,True,True,1766064858.1225848,1766989599.7450252,True,False,662464ae412e38f25d7eaa7a8f9c518828b07791a6e72bf1ad56312f877214fd
event_0033,True,True,1765838375.553148,1767341581.823394,True,False,f3ae6f8014aeca1d7fe3021c84fe2de5f542451476a2b723266bd0c6ef4428f7
event_0034,True,True,1766146606.54405,1767862688.1870413,True,False,650ff240064152dfc8d81c07255a52cf2195c6dc50e2723648b89d6c8d19fa28
event_0035,True,True,1766056660.901943,1767359599.737209,True,False,7f56be7d0c068197fa4762e1beb12360afcd67d8b09071886244aa4fe0be6d7c
event_0036,True,True,1765912875.3872461,1766419002.849551,True,False,3b09b74a07c6267cbd51723a626e21ac78458619195dfd8b673cb477b90d4647
event_0037,True,True,1766022198.1255693,1767255851.5563679,True,False,f69af812ea79022899a397d9f6d26817008ada7d4bfe1301a0b8b6b9bd7e220a
event_0038,True,True,1765896129.908074,1766675919.1123238,True,False,760ceceee4732a7fed0b23363a93fcd265cb1388dd55a2e3aeb2c1259ebd71eb
event_0039,True,True,1766043539.4130938,1768287377.6353233,True,False,c9271973e07613d8eaf1a1d0da5d398925a96ae038b49212839f3369f0507192
event_0040,True,True,1765977588.725301,1768832338.3420887,True,False,55955b3385eee52a6cd8359e24a74224664d1a4f60059ff648703aeb3aeccbab
event_0041,True,True,1766319083.404708,1768480236.0851572,True,False,f17229b476a92d660a74b3e97409dee46427104ca208152df13ffdd1441e2705
event_0042,True,True,1766224696.299097,1768851262.2568421,True,False,9a5e6448eca6f453897934507e4fa1dc77fda4a92de255078c7381a61dae38d6
event_0043,True,True,1766192820.0448635,1767825804.6244862,True,False,3dec88dbb840fb8872891d5139e186602dc2846475dfd9dbb0dbab96f06eb3c1
event_0044,True,True,1766301474.6043577,1767615148.1245198,True,False,17844d9ceb16e4995f138074be2c7424e121c1523603f5a9e7f2e888a7c0bd8b
event_0045,True,True,1766222159.9697053,1767724903.9910238,True,False,bd3d3aea04998012050eb05068aa71f99558f3cc4076dcad0b294c42f999bae5
event_0046,True,True,1766290479.624189,1768890237.899666,True,False,fb7150bdf3f4b2cbb7bfe2d4aedcdaf792ce055374971bea20eccae1ee8f6405
event_0047,True,True,1766198737.2493427,1766380546.2710621,True,False,c25966edf0163fe3a67c5272074dbb2ef3074496dec9a6d62bd64094cd163653
event_0048,True,True,1766013299.9492881,1767807634.5811632,True,False,041add9ac06b10b244a97e4d221a83dd35179ab19066006c0ebf290b705eb212
event_0049,True,True,1766153709.7636168,1767958457.161753,True,False,32e6ae2e402f8bcb0599caaec74c168ed7a9deb98554566f1255beb3a61195c9
event_0050,True,True,1766150936.9518416,1766543322.48573,True,False,605cd162321c4739a213fc6c1c1cc6cd9a12ee0bbaa69fa462004d76124df5dd
event_0051,True,True,1766234230.320443,1767081560.368649,True,False,dc8f6dbb772cf3a071648f4055cbf7b1220591a6db5ba65bfeaf1b535a623d12
event_0052,True,True,1766204437.4622447,1767563619.4845078,True,False,c4e7b51ec516d4d996cff06493b152092849d1cc7bbd0fce06bcbfff84f659de
event_0053,True,True,1765857277.0269248,1768515559.072811,True,False,5cdc88da26290a28fd91b17120cc2976726b3141281484c2dec3b177642d1b30
event_0054,True,True,1766006897.221483,1767495012.961832,True,False,71992848a1d5bd243187ac00f692607428cc03352e01b625b38be574109e2cae
event_0055,True,True,1766027065.251857,1767095814.8711588,True,False,1169dc40dd967ddea56d0e888fe4de3ef399e2ceb4c13dd4adacd3993f9660cb
event_0056,True,True,1766254120.489969,1767969813.80523,True,False,fa5fa4445019cee9f372411fe5d8f1f3f8ab23c4497e67e164686606423f276f
event_0057,True,True,1765964859.4331374,1767605127.3232875,True,False,89164cd698eb024ed7df2f149ac473d9e2c76ce29d6f7f42c2d49a05936005c7
event_0058,True,True,1766258130.9124286,1767780189.9978642,True,False,c4d633bf5ca12e47c26ff088143351c5154b16c05dd95537abd550dc4ed443a7
event_0059,True,True,1766146129.0641878,1767105259.5097997,True,False,3d496e1b9e7bfdb93d61c7f3417baca49bdd931390345e3b65406cd02832d944
event_0060,True,True,1765829869.860225,1768390517.861361,True,False,9f459b92de159a6e221b8b7e1ee1d9917bee0c8840a52dc8361886147af7a693
event_0061,True,True,1766011062.8896866,1767182801.2374218,True,False,d9805c1151793829d2dd932dd8abcc75bebd438ea19c91dc89dce4fc0070c44f
event_0062,True,True,1766054116.018022,1768402638.7141695,True,False,3778d13c10f638319c47e6ea8f15334beb59d0bfc01ead995d9508c490cac11b
event_0063,True,True,1765987934.7374818,1767533111.9146771,True,False,9c8e8e5e21eeaa3f9414636dd893e4491a8a23fd1de5f370c13bca66f02b4cbe
event_0064,True,True,1765905904.3297684,1767169540.0566444,True,False,d1eddf3b3d2ab45ba9c06c7721e80ff2060f43b416cdbcc2f08c3d32ce419fca
event_0065,True,True,1765940560.4110494,1767465094.49978,True,False,595fbde3cdc25a2a9f06885048b4b433cc3219147cedc93fb24de7f183372c48
event_0066,True,True,1766224100.2446887,1766719715.476244,True,False,ab983d61ee04095866d8c04a28148b571fea0357d0c3e69b4c519756a5a74076
event_0067,True,True,1766326197.998755,1766625199.6148386,True,False,03abb2d89418dfb717feb89eb9a27c6e50ac6fc5a0c7412c4768345283e611b7
event_0068,True,True,1766179307.905081,1766916414.1105897,True,False,4e4d980e5be044abae85b45eec380871111686cc6570d59fcf952932936914a5
event_0069,True,True,1766204041.8950891,1767425738.3638365,True,False,368c72a5bb33cbf6bf4b5ade53a0f2ff012acb773be4a5f888a69d5df6f07a43
event_0070,True,True,1766233465.2590797,1767226704.2835605,True,False,c32149981c97f46136555e5c5baccbda52ae72290eccb49fc3027293a10337b5
event_0071,True,True,1765854034.3692837,1768398202.0082948,True,False,3ba167f75b26267214546b8306ca7f90f3dc7aa7d64040b3c38cd97b6d479c84
event_0072,True,True,1765888529.7876315,1768003874.0478559,True,False,2a310ad9ca3940a1a086da536b754c6771ab8a254c99b2c3ba69a4280ceb5604
event_0073,True,True,1766179709.7517889,1766466293.2798696,True,False,7d586e4af840eaa1bbfd5e76274947267fca094ed0bd00762c2a23f0dc6b2f28
event_0074,True,True,1766003059.361106,1767524598.963582,True,False,5090aea88978c5c554d13f6bbc628cc708ab5a354a87e1fe11b963a27761ef69
event_0075,True,True,1766137743.187685,1768020145.4366274,True,False,39833c485a29dabd38fc5c2d157a9cf330908bedfb8049b569c033a29e8e3ac3
event_0076,True,True,1765868737.2946734,1768012052.3248165,True,False,ee8874eddb0e9e77197b246ac1373daa7a26bb45997cc742b74a7be1b29df3f6
event_0077,True,True,1766104969.9648135,1768499642.1798189,True,False,941d207c6e1a8baa81f97c39a253362434c3236478c0029974576f6311cfe97d
event_0078,True,True,1766205524.8868823,1766633683.4394946,True,False,0ad32bc9b345d34bf476090c976447e54d771888b1b9e38a4f82b74a37fedd32
event_0079,True,True,1766214987.0652063,1766800400.4998128,True,False,7ea5ce12c955c4611a86f5e35c757372c4c926fb741da8a5849d1a4f7754be00
event_0080,True,True,1766051825.5244448,1767287159.365911,True,False,5f329dac691f99d206ba3100a13fb2846bfe439fa1f99aafbbe7653685503359
event_0081,True,True,1766206633.5153365,1768847510.2124374,True,False,363865dcee12896c07139fcc36ebc141f5f650c275edfe2461895233a739049f
event_0082,True,True,1766039789.387863,1767498467.903497,True,False,89d5d28b004c28627ca8e0792b14ff20eca23bdbd20af0b98472ed2307b22c95
event_0083,True,True,1765877407.3823354,1767336058.5475307,True,False,e833a42f4b1d637c648e62bae5b400263b2aed78359a26cf281423a040d760a0
event_0084,True,True,1766135789.5433302,1766595216.8412032,True,False,42ab1315e854b946c1a9eeb3224dbe50e6ea911b5a5762e0e5e68c57fc0e75b1
event_0085,True,True,1766229142.8836477,1766665577.8374538,True,False,cf5c1cb26a9ae36f00f94592840db1795d14b76ea8e678554164934f713e8edc
event_0086,True,True,1765825715.2699878,1767301472.589017,True,False,eff20d0f44b278e72991f14cd7a401d6ee625588d794777e363f1c22c50a6d13
event_0087,True,True,1766078700.334553,1766818957.552716,True,False,866d170ea490b8c8ac028ac5543d02869fb7c8c8a4a2dda5c808b2f0d9de042e
event_0088,True,True,1766295711.325924,1767307931.9615345,True,False,e6ab18d65ba25382d0e2ad999dbaa73b477a7053871f1ca8629ede8924a68072
event_0089,True,True,1766318413.6361747,1767463090.4836183,True,False,02cf80f7ccc7bd596fe0041b347e38941ba0adccd869bca480c9735ebc2979f2
event_0090,True,True,1766285996.656021,1766659753.7647576,True,False,e92118e6cd307fbc2ce0815b6e7970b0913bcf9455cf46ff1e79e59fbda26325
event_0091,True,True,1766017570.737176,1766402814.5468843,True,False,4a75f4efa18775512993f8b788c7635c21034dd5f6e222d067f5bfad706062b3
event_0092,True,True,1765932224.822709,1766546729.692316,True,False,0cca15edb6958fc307f23e4a990180f2efe9d8ee434a477e5650921a9eaba1c6
event_0093,True,True,1766123991.038406,1767012223.9773395,True,False,b3e295b58d5aa6a966a1cb51481f478a2cc0022e451f77190472645764151714
event_0094,True,True,1766309906.0023258,1768905845.154447,True,False,18d425c1606a02cd38ae4126bca990d4517388e243aea100f19664fe0ed6b846
event_0095,True,True,1766145007.32707,1766547641.1009727,True,False,ff8bf2a9ee3881573338c47decd9572220fb74c987912d1cb647527aa23c4ae9
event_0096,True,True,1765826449.4416785,1767830488.477224,True,False,82a8ac4b0e7544fe5f2171022badf61560c29b73530702c18c807fab7487eac3
event_0097,True,True,1766068545.8886955,1767483423.7929516,True,False,f18fec9d70c0d8f8ccb311aa96ef01960ab1602ce2827e9d87c35b44dcddb934
event_0098,True,True,1765839431.73424,1767859215.1677601,True,False,0c4848b68471aabd9db0b888719c81449fc5e9ff5920aba1f482397efb1d84c2
event_0099,True,True,1765896610.5675566,1768085696.0547433,True,False,e2dcd834ae8b527256ed8ee8c378d452dface8525dcde1bff04e0f6c0f0a177f
