user_id,hrv,activity,stress,eye,sleep,phys_norm,phys_sum,personality_weight,physiological_weight
user_0000,0.6394267984578837,0.025010755222666936,0.27502931836911926,0.22321073814882275,0.7364712141640124,1.0379528781898755,1.899148824362505,1.0,1.0379528781898755
user_0001,0.6766994874229113,0.8921795677048454,0.08693883262941615,0.4219218196852704,0.029797219438070344,1.2001545042785833,2.1075369268805138,0.9999999999999999,1.2001545042785833
user_0002,0.21863797480360336,0.5053552881033624,0.026535969683863625,0.1988376506866485,0.6498844377795232,0.8750867858252169,1.5992513210570012,1.0000000000000002,0.875086785825217
user_0003,0.5449414806032167,0.2204406220406967,0.5892656838759087,0.8094304566778266,0.006498759678061017,1.1610379965343451,2.1705770028757096,1.0,1.1610379965343454
user_0004,0.8058192518328079,0.6981393949882269,0.3402505165179919,0.15547949981178155,0.9572130722067812,1.4808593572365136,2.9569017353575897,1.0000000000000002,1.4808593572365139
user_0005,0.33659454511262676,0.09274584338014791,0.09671637683346401,0.8474943663474598,0.6037260313668911,1.1018092206695143,1.9772771630405896,1.0000000000000002,1.1018092206695145
user_0006,0.8071282732743802,0.7297317866938179,0.5362280914547007,0.9731157639793706,0.3785343772083535,1.6005460508617224,3.4247382926106233,1.0,1.6005460508617224
user_0007,0.552040631273227,0.8294046642529949,0.6185197523642461,0.8617069003107772,0.577352145256762,1.5655995405600014,3.4390240934580074,0.9999999999999999,1.5655995405600014
user_0008,0.7045718362149235,0.045824383655662215,0.22789827565154686,0.28938796360210717,0.0797919769236275,0.8003568726691824,1.3474744360478672,1.0,0.8003568726691824
user_0009,0.23279088636103018,0.10100142940972912,0.2779736031100921,0.6356844442644002,0.36483217897008424,0.823929269436017,1.6122825421153357,1.0000000000000002,0.8239292694360171
user_0010,0.37018096711688264,0.2095070307714877,0.26697782204911336,0.936654587712494,0.6480353852465935,1.244779490126234,2.431355792896571,1.0,1.244779490126234
user_0011,0.6091310056669882,0.171138648198097,0.7291267979503492,0.1634024937619284,0.3794554417576478,1.0500674805498866,2.0522543873350108,1.0,1.0500674805498866
user_0012,0.9895233506365952,0.6399997598540929,0.5569497437746462,0.6846142509898746,0.8428519201898096,1.696480239550432,3.7139390254450184,0.9999999999999999,1.696480239550432
user_0013,0.7759999115462448,0.22904807196410437,0.03210024390403776,0.3154530480590819,0.26774087597570273,0.9093212357835674,1.6203421514491716,1.0,0.9093212357835674
user_0014,0.21098284358632646,0.9429097143350544,0.8763676264726689,0.3146778807984779,0.65543866529488,1.493397039983634,3.0003767304874076,1.0000000000000002,1.4933970399836343
user_0015,0.39563190106066426,0.9145475897405435,0.4588518525873988,0.26488016649805246,0.24662750769398345,1.1551855036380012,2.2805390175806424,1.0,1.1551855036380012
user_0016,0.5613681341631508,0.26274160852293527,0.5845859902235405,0.897822883602477,0.39940050514039727,1.3005824882318482,2.705919121652501,1.0,1.3005824882318482
user_0017,0.21932075915728333,0.9975376064951103,0.5095262936764645,0.09090941217379389,0.04711637542473457,1.1459862083689945,1.8644104469273866,1.0,1.1459862083689947
user_0018,0.10964913035065915,0.62744604170309,0.7920793643629641,0.42215996679968404,0.06352770615195713,1.1024318543576326,2.0148622093683546,1.0,1.1024318543576328
user_0019,0.38161928650653676,0.9961213802400968,0.529114345099137,0.9710783776136181,0.8607797022344981,1.7611893667185508,3.738713091693887,1.0,1.7611893667185508
user_0020,0.011481021942819636,0.7207218193601946,0.6817103690265748,0.5369703304087952,0.2668251899525428,1.1592383705423188,2.217708730690927,1.0,1.1592383705423188
user_0021,0.6409617985798081,0.11155217359587644,0.434765250669105,0.45372370632920644,0.9538159275210801,1.3145062811337218,2.594818856695076,1.0,1.314506281133722
user_0022,0.8758529403781941,0.26338905075109076,0.5005861130502983,0.17865188053013137,0.9126278393448205,1.3970986684438729,2.731107824054535,1.0,1.3970986684438729
user_0023,0.8705185698367669,0.2984447914486329,0.6389494948660052,0.6089702114381723,0.1528392685496348,1.284263559941195,2.5697223361392116,0.9999999999999999,1.284263559941195
user_0024,0.7625108000751513,0.5393790301196257,0.7786264786305582,0.5303536721951775,0.0005718961279435053,1.3266073255733022,2.611441877148456,1.0,1.3266073255733022
user_0025,0.3241560570046731,0.019476742385832302,0.9290986162646171,0.8787218778231842,0.8316655293611794,1.5596475315994704,2.983118822839486,0.9999999999999999,1.5596475315994704
user_0026,0.30751412540266143,0.05792516649418755,0.8780095992040405,0.9469494452979941,0.08565345206787878,1.3314919768182256,2.2760517884667624,1.0,1.3314919768182256
user_0027,0.4859904633166138,0.06921251846838361,0.7606021652572316,0.7658344293069878,0.1283914644997628,1.1926774493591197,2.2100310408489796,1.0,1.1926774493591197
user_0028,0.4752823780987313,0.5498035934949439,0.2650566289400591,0.8724330410852574,0.4231379402008869,1.2404102041304428,2.5857135818198786,0.9999999999999999,1.2404102041304428
user_0029,0.21179820544208205,0.5392960887794583,0.7299310690899762,0.2011510633896959,0.31171629130089495,1.003058778631309,1.9938927180021078,1.0,1.003058778631309
user_0030,0.9951493566608947,0.6498780576394535,0.43810008391450406,0.5175758410355906,0.12100419586826572,1.3737256574844707,2.7217075351187088,1.0,1.3737256574844707
user_0031,0.22469733703155736,0.33808556214745533,0.5883087184572333,0.230114732596577,0.22021738445155947,0.7825256388049573,1.6014237346843823,1.0,0.7825256388049573
user_0032,0.07099308600903254,0.6311029572700989,0.22894178381115438,0.905420013006128,0.8596354002537465,1.4193321396460448,2.6960932403501605,1.0,1.4193321396460448
user_0033,0.07085734988865344,0.23800463436899522,0.6689777782962806,0.2142368073704386,0.132311848725025,0.7567047461288332,1.3243884186493928,1.0,0.7567047461288332
user_0034,0.935514240580671,0.5710430933252845,0.47267102631179414,0.7846194242907534,0.8074969977666434,1.6408455290656947,3.5713447822751463,0.9999999999999999,1.6408455290656947
user_0035,0.1904099143618777,0.09693081422882333,0.4310511824063775,0.4235786230199208,0.467024668036675,0.7930873410429112,1.6089952020536742,1.0,0.7930873410429112
user_0036,0.7290758494598506,0.6733645472933015,0.9841652113659661,0.09841787115195888,0.4026212821022688,1.457855461026192,2.8876447613733456,1.0,1.457855461026192
user_0037,0.33930260539496315,0.8616725363527911,0.24865633392028563,0.1902089084408115,0.4486135478331319,1.0755786045105276,2.0884539319419835,1.0000000000000002,1.0755786045105278
user_0038,0.4218816398344042,0.27854514466694047,0.2498064478821005,0.9232655992760128,0.44313074505345695,1.1690846851569359,2.3166295767129146,1.0,1.1690846851569359
user_0039,0.8613491047618306,0.5503253124498481,0.05058832952488124,0.9992824684127266,0.8360275850799519,1.6567579737465565,3.297572800229238,1.0,1.6567579737465565
user_0040,0.9689962572847513,0.9263669830081276,0.8486957344143055,0.16631111060391401,0.48564112545071847,1.667603271672199,3.3960112107618166,1.0,1.667603271672199
user_0041,0.21374729919918167,0.4010402925494526,0.058635399972178925,0.3789731189769161,0.9853088437797259,1.150831645737388,2.037704954477455,0.9999999999999999,1.150831645737388
user_0042,0.26520305817215195,0.7840706019485694,0.4550083673391433,0.4230074859901629,0.9573176408596732,1.4097958660591023,2.8846071543097005,1.0,1.4097958660591023
user_0043,0.9954226894927138,0.5557683234056182,0.718408275296326,0.15479682527406413,0.2967078254945642,1.3884713900174117,2.7211039389632865,0.9999999999999999,1.3884713900174117
user_0044,0.9687093649691588,0.5791802908162562,0.5421952013742742,0.7479755603790641,0.05716527290748308,1.4596433080698878,2.8952256904462366,0.9999999999999999,1.4596433080698878
user_0045,0.5841775944589712,0.5028503829195136,0.8527198920482854,0.15743272793948326,0.9607789032744504,1.506364613421576,3.057959500640704,1.0000000000000002,1.5063646134215762
user_0046,0.08011146524058688,0.1858249609807232,0.5950351064500277,0.6752125536040902,0.2352038950009312,0.9519708008456154,1.771387981276359,0.9999999999999999,0.9519708008456154
user_0047,0.11988661394712419,0.8902873141294375,0.24621534778862486,0.5945191535334412,0.6193815103321031,1.2667646895337683,2.4702899397307307,1.0000000000000002,1.2667646895337685
user_0048,0.4192249153358725,0.5836722892912247,0.5227827155319589,0.9347062577364272,0.20425919942353643,1.305803295823907,2.6646453773190197,1.0,1.305803295823907
user_0049,0.7161918007894148,0.23868595261584602,0.3957858467912545,0.6716902229599713,0.2999970797987622,1.1259281147223343,2.322350902955249,1.0000000000000002,1.1259281147223346
user_0050,0.31617719627185403,0.7518644924144021,0.07254311449315731,0.4582855226185861,0.9984544408544423,1.3702071480473352,2.597324766652442,1.0,1.3702071480473352
user_0051,0.9960964478550944,0.073260721099633,0.2131543122670404,0.26520041475040135,0.9332593779937091,1.4086569327272696,2.480971273965878,1.0000000000000002,1.4086569327272698
user_0052,0.8808641736864395,0.8792702424845428,0.36952708873888396,0.15774683235723197,0.833744954639807,1.5510005911091813,3.1211532919069054,1.0000000000000002,1.5510005911091815
user_0053,0.703539925087371,0.6116777657259501,0.9872330636315043,0.6539763177107326,0.007823107152157949,1.5071474587228295,2.9642501793077156,1.0,1.5071474587228295
user_0054,0.8171041351154616,0.2993787521999779,0.6633887149660773,0.9389300039271039,0.13429111439336772,1.4481004964143578,2.8530927206019885,0.9999999999999999,1.4481004964143578
user_0055,0.11542867041910221,0.10703597770941764,0.5532236408848159,0.2723482123148163,0.6048298270302239,0.8779689879086113,1.652866328358376,1.0,0.8779689879086113
user_0056,0.7176121871387979,0.20359731232745293,0.6342379588850797,0.2639839016304094,0.48853185214937656,1.1256232833822857,2.3079632121311167,0.9999999999999999,1.1256232833822857
user_0057,0.9053364910793232,0.8461037132948555,0.09229846771273342,0.42357577256372636,0.27668022397225167,1.3416456478197125,2.54399466862289,1.0,1.3416456478197125
user_0058,0.0035456890877823,0.7711192230196271,0.6371133773013796,0.2619552624343482,0.7412309083479308,1.2722400333919766,2.414964460191068,1.0,1.2722400333919766
user_0059,0.5516804211263913,0.42768691898067934,0.009669699608339966,0.07524386007376704,0.883106393300143,1.1282284481337461,1.9473872930893203,0.9999999999999999,1.1282284481337461
user_0060,0.9039285715598931,0.5455902892055223,0.8345950198860167,0.582509566489794,0.14809378556748265,1.4739584925472122,3.0147172327087093,1.0,1.4739584925472122
user_0061,0.12744551928213876,0.3082583499301337,0.89898148874259,0.7961223048880417,0.8607025820009028,1.5146131343652922,2.991510244843807,1.0,1.5146131343652922
user_0062,0.8989246365264746,0.21007653833975404,0.24952973922292443,0.10279362167178563,0.7801162418714427,1.2383903360248556,2.2414407776323815,0.9999999999999999,1.2383903360248556
user_0063,0.8841347014510089,0.4063773898321168,0.6206615101507128,0.15455333833220464,0.9298810156936744,1.4901754598691797,2.9956079554597177,0.9999999999999999,1.4901754598691797
user_0064,0.864605696219964,0.9762060329309629,0.8107717199403969,0.8814162046633244,0.024786361898188725,1.7707006805502656,3.5577860156528365,0.9999999999999999,1.7707006805502656
user_0065,0.7365644717550821,0.33218546794642867,0.9308158860483255,0.8022351389371389,0.8640640283752794,1.7057199310450022,3.6658649930622547,1.0,1.7057199310450024
user_0066,0.810749316574389,0.26680570959447203,0.7873745091354711,0.10809562640295711,0.8721667829060897,1.456302825749706,2.8451919446133793,1.0,1.456302825749706
user_0067,0.8585932513377816,0.22243371754566443,0.816586605596929,0.4603032346789421,0.30519086733860057,1.3260819536314739,2.663107676497918,1.0,1.3260819536314739
user_0068,0.7953454991528618,0.22759548740777036,0.02366443470145152,0.19312978832770866,0.3282619511977065,0.9110374295957689,1.5679971607874987,1.0,0.911037429595769
user_0069,0.8643529420302863,0.9668891040483611,0.2791249927218714,0.6414817386076277,0.39967838436006087,1.5268048144335844,3.1515271617682075,1.0,1.5268048144335844
user_0070,0.9811496871982601,0.5362157324787219,0.9392371403247157,0.11534175185142759,0.970400611022228,1.7570798194176482,3.5423449228753534,1.0,1.7570798194176482
user_0071,0.17856781617246364,0.9625343157615555,0.2654663625229686,0.1084025472147111,0.43456375856464435,1.1087957143328129,1.9495348002363433,1.0000000000000002,1.108795714332813
user_0072,0.7285450606527043,0.31367731419499123,0.6062088533061433,0.5114230596694781,0.38519543334472717,1.1859973037490885,2.545049721168044,1.0,1.1859973037490885
user_0073,0.5765880434965995,0.25472250613858194,0.7087852838341706,0.0016912782186294661,0.9255751654990827,1.3252947419450927,2.4673622771870645,0.9999999999999999,1.3252947419450927
user_0074,0.5384519970927919,0.7194299991448455,0.7419500778394765,0.6706285044329995,0.3642214717812642,1.3929823639634944,3.0346820502913774,1.0000000000000002,1.3929823639634946
user_0075,0.06997381112631018,0.6642376849112723,0.3302000360425964,0.31391564505835967,0.8480152795063355,1.1716710487978157,2.226342456644874,1.0000000000000002,1.171671048797816
user_0076,0.7197542630139502,0.3003222682112642,0.30928466220865325,0.40839290861921684,0.40240038705772463,1.0161729702676137,2.140154489110809,1.0,1.0161729702676137
user_0077,0.295655202525947,0.12728779905915322,0.4204463337729083,0.940363670730183,0.6773179452727329,1.2741399979479031,2.4610709513609246,1.0,1.2741399979479031
user_0078,0.9028055457325826,0.6155149159513805,0.3009498745655653,0.5479372131356982,0.0004059396972875273,1.2588576752322418,2.3676134890825145,1.0000000000000002,1.258857675232242
user_0079,0.2869137168689272,0.4298881499898346,0.579984781195682,0.6547056237030716,0.4649881902470142,1.1172999237561283,2.4164804620045297,0.9999999999999999,1.1172999237561283
user_0080,0.4421597993048074,0.2137014009891003,0.47318618590932626,0.9011808258282542,0.7960247601267803,1.382338975438651,2.8262529721582683,0.9999999999999999,1.382338975438651
user_0081,0.16969139619805473,0.08479553672512175,0.5154520099152164,0.6329408557657957,0.3351882554098009,0.902574939259886,1.7380680540139894,1.0000000000000002,0.9025749392598861
user_0082,0.8184234645366643,0.7511381375407322,0.672795670557167,0.22464066599728827,0.19912993272657664,1.3329649816181297,2.6661278713584284,1.0,1.3329649816181297
user_0083,0.024425387726826342,0.24484254407835015,0.47513634421880513,0.8497376946247319,0.0728282291845691,1.0068054018460022,1.6669701998332824,1.0,1.0068054018460022
user_0084,0.41444101099771935,0.6297653807377137,0.1944352367397093,0.6963542504905049,0.49437716901043693,1.1556335383994023,2.429373047976084,1.0000000000000002,1.1556335383994025
user_0085,0.24398443957843885,0.6560580111117841,0.00554481813803176,0.7509644766184729,0.7700461885740251,1.2833121379418098,2.4265979340207524,1.0,1.2833121379418098
user_0086,0.10658729656353894,0.4251461939427341,0.17588668170653166,0.9579660422795397,0.5179577504437408,1.1870237707055056,2.1835439649360855,1.0000000000000002,1.1870237707055058
user_0087,0.05021838514064092,0.24919827965997166,0.8483363473516597,0.45646182547017256,0.8014166017222645,1.2786407605958774,2.4056314393447096,1.0,1.2786407605958774
user_0088,0.6675777325863531,0.987892453066448,0.5954523184694197,0.9500396084431559,0.891425925810437,1.8636980523301536,4.092388038375814,1.0,1.8636980523301536
user_0089,0.6126523227617628,0.7192739612759671,0.504778164824402,0.830569169721415,0.5478719506108284,1.462021790397233,3.2151455691943753,0.9999999999999999,1.462021790397233
user_0090,0.8972081032332622,0.7436554421595849,0.4746744368230533,0.25919154846501935,0.24723973750965955,1.3082925379034378,2.6219692681905795,0.9999999999999999,1.3082925379034378
user_0091,0.6376614367761563,0.7658136842971655,0.5212998128279821,0.6267484369817813,0.2745974469175383,1.3164549225003703,2.826120817800624,1.0000000000000002,1.3164549225003706
user_0092,0.07748335386473582,0.2857281508631525,0.2717151070821846,0.3197095684187623,0.5401522225184564,0.7452865069009547,1.4947884027472917,0.9999999999999999,0.7452865069009547
user_0093,0.13837406151615572,0.23126147972818678,0.6939498122990523,0.7064191416945522,0.06422885071387807,1.0282747414543112,1.8342333459518252,1.0,1.0282747414543114
user_0094,0.4075993696665867,0.5426111405039153,0.41577423410315595,0.20683438951441024,0.4201435177734256,0.9234356230449702,1.9929626515614938,1.0000000000000002,0.9234356230449703
user_0095,0.9048384783401769,0.5840794142042252,0.6955229864979681,0.8567320323039342,0.7655945761180695,1.7215569955381105,3.806767487464374,1.0000000000000002,1.7215569955381107
user_0096,0.38038102892771164,0.0058960835839930725,0.3517588026718247,0.7534751250593859,0.8534479505691046,1.2508224952569058,2.34495899081202,1.0000000000000002,1.250822495256906
user_0097,0.9534303384701063,0.41902128262982186,0.7475156689780508,0.5461323097338391,0.6032525889412413,1.5184077537931613,3.2693521887530594,1.0,1.5184077537931613
user_0098,0.2205386943238189,0.21942163462143616,0.4358359760466366,0.02902481994671524,0.33612954369838244,0.6328994215278951,1.2409506686369893,1.0,0.6328994215278951
user_0099,0.6791418850283497,0.4043166691376371,0.16504473120350882,0.46739014923231015,0.1276277972811607,0.9416410348315829,1.8435212318829661,1.0,0.9416410348315829
user_0100,0.6222569609740647,0.02696645190513769,0.3940202563397047,0.5643919830247741,0.027102046340312436,0.9286849351817369,1.6347376985839936,1.0,0.928684935181737
user_0101,0.6427496480093358,0.13569948723056424,0.4616984440515117,0.05028463348862755,0.37910386418813957,0.8893566204272698,1.6695360769681789,1.0,0.8893566204272698
user_0102,0.21166028421148153,0.32684580488130854,0.7612297078940271,0.3791262155641363,0.7520098235547849,1.2001476518796776,2.430871836105738,1.0,1.2001476518796776
user_0103,0.8319242851552726,0.2522715317823806,0.08190623276164255,0.01938328705001069,0.5394190479225337,1.0265457583676727,1.7249043846718402,0.9999999999999999,1.0265457583676727
user_0104,0.9999078285092092,0.3499603437201839,0.650144093249875,0.7812330496108949,0.6517546552438894,1.6062641308685421,3.4329999703340524,1.0,1.6062641308685421
user_0105,0.7542332040595262,0.9496117327159889,0.1993606823625329,0.020380017320332344,0.15238234578479037,1.2385518055788658,2.0759679822431707,1.0,1.2385518055788658
user_0106,0.12622097487420625,0.6694588446199107,0.5639695819300191,0.21796454090650363,0.6994649712461508,1.1484460612380987,2.2770789135767906,1.0000000000000002,1.148446061238099
user_0107,0.7668980983562408,0.16778914336780226,0.6072474938909317,0.7479256519552858,0.11453287137889767,1.2480168140735808,2.404393258949158,1.0,1.2480168140735808
user_0108,0.8193011743110851,0.9647207730340877,0.10809874965760657,0.025678425497466018,0.3119572443946952,1.308282319568261,2.2297563668949403,1.0,1.308282319568261
user_0109,0.6773472868504088,0.9581728382058959,0.3966544415166273,0.7150147050494684,0.07599647784305996,1.43221882892788,2.823185749465461,1.0000000000000002,1.4322188289278803
user_0110,0.6906144159329803,0.6272423956010444,0.10190130544597653,0.772480884951224,0.8502932390887963,1.4834050291274214,3.0425322410200213,1.0,1.4834050291274214
user_0111,0.6004116148168441,0.12105506506731512,0.9838443515146713,0.7826353463610196,0.347203765308449,1.4408909341135936,2.835150143068299,0.9999999999999999,1.4408909341135936
user_0112,0.42837801323474445,0.3705708762180562,0.5059607896770779,0.3412311748612832,0.8495756269995773,1.1895563365824897,2.495716480990739,1.0000000000000002,1.18955633658249
user_0113,0.8223309180900581,0.10553887064399858,0.9607875672145786,0.6355851061014459,0.8287073110024582,1.6435338681586906,3.352949773052539,1.0,1.6435338681586906
user_0114,0.7073086437060769,0.43548714500767705,0.7337953040133919,0.9654737312380777,0.27008239638740084,1.4944812296143137,3.1121472203526244,1.0,1.4944812296143137
user_0115,0.8081992188067559,0.5381729064482558,0.4834975038831961,0.4355744930038943,0.7310262143051223,1.3786625242360702,2.9964703364472243,1.0,1.3786625242360702
user_0116,0.26839553804922534,0.8517131600193318,0.8307310188906034,0.0866628980556744,0.881631184002772,1.5074314246583183,2.919133799017607,0.9999999999999999,1.5074314246583183
user_0117,0.243863439190956,0.46470846660323173,0.6103317042305206,0.37898930412826404,0.02869999777008958,0.8901599337261416,1.726592911923062,1.0,0.8901599337261417
user_0118,0.8509528363124591,0.1818398571576918,0.212119850179739,0.7978323568280965,0.34033884316428364,1.2468152597269178,2.38308374364227,1.0,1.2468152597269178
user_0119,0.8803199797582254,0.7011837503322016,0.2762685757561849,0.010151114438677111,0.9480625777770312,1.497288195688252,2.8159859980623203,1.0000000000000002,1.4972881956882522
user_0120,0.08561296195802126,0.7200746641041943,0.48857784684878736,0.7581646534824664,0.690609339446523,1.3477018643202738,2.7430394658399924,1.0,1.347701864320274
user_0121,0.6459028997409523,0.49082133507858616,0.7929328681323174,0.09305335055467168,0.22159640047253015,1.1595699905475616,2.244306853979058,1.0000000000000004,1.1595699905475618
user_0122,0.6917871552952018,0.3062060301300884,0.5815555853323672,0.47326048875952476,0.5309219311457678,1.190122719362665,2.58373119066295,1.0,1.190122719362665
user_0123,0.42550381270521476,0.7459354367136096,0.33079129719593015,0.7028549421857689,0.27091642697619633,1.189242125402928,2.47600191577672,1.0,1.189242125402928
user_0124,0.2514036762009415,0.12065588475230582,0.1925842934515174,0.11955474125505283,0.5358639653837498,0.6452084055328858,1.2200625610435674,1.0,0.6452084055328858
user_0125,0.762189609484103,0.18514984243766197,0.21638463987860568,0.4841985872127087,0.7245850010930516,1.1922698826202962,2.372507680106131,0.9999999999999999,1.1922698826202962
user_0126,0.9766070228830568,0.5246368691086079,0.282998703274955,0.10052610809079077,0.19411757809107344,1.1648521451925653,2.078886281448484,1.0,1.1648521451925655
user_0127,0.2274831634825547,0.17944154368540333,0.014148367256063832,0.5341350892676633,0.2743113267832673,0.6668545802143184,1.2295194904749525,1.0,0.6668545802143184
user_0128,0.9742949311027379,0.5533589667986083,0.6974173929101944,0.1262794929584089,0.868461197262944,1.584935058712433,3.2198119810328936,1.0,1.584935058712433
user_0129,0.49087869452377886,0.8727197349985346,0.5740642196263323,0.4693969449305102,0.44046879813601025,1.3215512138732837,2.847528392215166,1.0,1.3215512138732837
user_0130,0.18436367039008172,0.051376717183577836,0.9410635967681032,0.4777291872656877,0.8221156452994304,1.3514176015584585,2.4766488169068808,0.9999999999999999,1.3514176015584585
user_0131,0.40070744225193977,0.07408217025563979,0.6294457069519983,0.05360907429253314,0.14919758447365516,0.7664139692656012,1.3070419782257665,1.0000000000000002,0.7664139692656013
user_0132,0.5628395970845642,0.3038355118422277,0.9939181227102202,0.11845156221146158,0.7644434453261942,1.4125799866368876,2.7434882391746678,0.9999999999999999,1.4125799866368876
user_0133,0.6063176512429628,0.7907408298434194,0.22568713706503463,0.5225725351302178,0.45051446488875424,1.2328309598534901,2.595832618170389,1.0,1.2328309598534901
user_0134,0.44272100401932835,0.8601666658261801,0.9900312604667979,0.3053802443193604,0.6210273210721485,1.5475731014199259,3.2193264957038155,1.0,1.5475731014199259
user_0135,0.6096309122451303,0.740089305484545,0.947590200325378,0.20778790582355133,0.211025195305393,1.3802234108543197,2.7161235191839976,1.0,1.3802234108543197
user_0136,0.6604281371920366,0.15705709338087714,0.17381354832643447,0.07506486890116792,0.002675722602885733,0.7047590358360906,1.069039370403402,1.0,0.7047590358360906
user_0137,0.4505037046177024,0.5938111951195633,0.2912592890310276,0.23147623455602584,0.7069558298790333,1.09259557446232,2.2740062532033525,1.0000000000000002,1.0925955744623201
user_0138,0.7029875580937172,0.45403132640704325,0.6873849200712427,0.9239110444825487,0.7878280266467313,1.6269968033840054,3.5561428757012834,1.0,1.6269968033840054
user_0139,0.6250580071642219,0.6611830428533678,0.9336684584455133,0.42513896610421165,0.5445623787105787,1.4754282915750427,3.1896108532778937,1.0,1.4754282915750427
user_0140,0.6476347234024807,0.9084114452126061,0.8266311596500596,0.07140983685581415,0.16592278922072468,1.4002110196812567,2.6200099543416853,1.0,1.4002110196812567
user_0141,0.30761181261423254,0.7489577220696233,0.5692070493190924,0.28861058830584174,0.12435365817470823,1.0384215260123206,2.038740830483498,1.0,1.0384215260123206
user_0142,0.6886779912120937,0.6997336849757173,0.9426762407440408,0.5004721771179256,0.4937952193450843,1.5319429555470248,3.3253553133948617,1.0,1.5319429555470248
user_0143,0.08044185189930098,0.03986078418361305,0.43202866416077257,0.32232158335829997,0.2503679024120039,0.6010689061713735,1.1250207860139905,1.0000000000000002,0.6010689061713737
user_0144,0.0913268866309852,0.9619111021928367,0.8359586139061813,0.5751991092199304,0.9507862778063524,1.693307099796062,3.4151819897562863,0.9999999999999997,1.6933070997960615
user_0145,0.9995724168774514,0.6722815843032393,0.2695110259670539,0.040231673144616176,0.7562688304125571,1.4482074677583006,2.7378655307049176,1.0,1.4482074677583006
user_0146,0.47050082325163356,0.6515094894336864,0.9160727879267675,0.18148914722312592,0.5853296252778544,1.3640286188604032,2.8049018731130673,1.0,1.3640286188604032
user_0147,0.6347847194540869,0.49172580219101336,0.09124240629382718,0.34796105629465046,0.333308393665092,0.9408732450677828,1.89902237789867,1.0,0.9408732450677828
user_0148,0.6701335095211854,0.8577330944003526,0.3298036635789654,0.6936736739834325,0.28821779536145575,1.363014343968391,2.8395617368453916,1.0,1.363014343968391
user_0149,0.9451935395632106,0.8135660347379726,0.5500966089717829,0.45482590860172945,0.3145171571701679,1.4709433872869975,3.0781992490448635,1.0,1.4709433872869975
user_0150,0.3232737862759947,0.9701847268085771,0.40417505700074563,0.5145962523291051,0.9881192147817541,1.5653468328966196,3.200349037196177,1.0,1.5653468328966198
user_0151,0.657660386483129,0.542593594357195,0.4132475707993215,0.18758254139452712,0.36177935915167525,1.0313922929236796,2.162863452185848,1.0,1.0313922929236796
user_0152,0.7564431540555737,0.625408742145009,0.759990536061017,0.20355823835027387,0.5492196390853317,1.37259102551654,2.8946203096972054,1.0,1.37259102551654
user_0153,0.9276727608444477,0.43811609507237825,0.6982500291221723,0.12142608336261984,0.9731468158216944,1.5817188707251462,3.158611784223313,1.0,1.5817188707251462
user_0154,0.6088716670819649,0.23929746232765037,0.1583781638052324,0.55083900700267,0.552251409053733,1.0302799889639043,2.109637709271251,1.0,1.0302799889639043
user_0155,0.09320920128152255,0.9922571393952196,0.912929878484168,0.4614478941787834,0.11746614908955755,1.4329813690824473,2.577310262429251,1.0,1.4329813690824473
user_0156,0.8321431737689012,0.49837550470719527,0.7166033259917911,0.5088720150695117,0.2734248967132742,1.3371883315481028,2.8294189162506735,1.0000000000000002,1.337188331548103
user_0157,0.8347239455766944,0.9802446326033755,0.24373090607513836,0.5512650768804697,0.3835860132471499,1.4724400749062527,2.993550574382828,1.0,1.4724400749062527
user_0158,0.9218681499315619,0.508240891592894,0.8793262551464761,0.8640269344285881,0.27624740282204097,1.6444511314476002,3.449709633921561,1.0000000000000002,1.6444511314476005
user_0159,0.7900061820031135,0.41494242355134514,0.9342483936825201,0.5077376758096565,0.8205494731855784,1.6125154352581843,3.4674841482322134,0.9999999999999998,1.6125154352581843
user_0160,0.28283898328282664,0.2985558497717672,0.5869377224141611,0.9989023332293387,0.489640346655701,1.3233226803369842,2.6568752353537946,1.0000000000000002,1.3233226803369844
user_0161,0.1485954183827891,0.5385805777038737,0.34512394169300753,0.551917417070811,0.543430062958673,1.01547488436066,2.1276474178091545,1.0,1.01547488436066
user_0162,0.4553446168665011,0.3217773502290374,0.18865237370710541,0.6974984276205713,0.5717976419849011,1.0769984685447371,2.2350704104081167,0.9999999999999999,1.0769984685447371
user_0163,0.2335624460578931,0.7755444750992588,0.04364729909730192,0.7447051515651959,0.7052278810250026,1.307615334388052,2.5026872528446527,0.9999999999999999,1.307615334388052
user_0164,0.8114089025648769,0.38607875249098234,0.6636888294845347,0.820747551709555,0.9808181386597851,1.6981033058769883,3.662742174909734,1.0,1.6981033058769883
user_0165,0.49532864961642353,0.03701961134557619,0.5022911501329659,0.590180429309567,0.8697003133622154,1.2663762854930858,2.4945201537667483,1.0,1.2663762854930858
user_0166,0.8741903740543083,0.44030620977067714,0.5259510868075614,0.4569280744742422,0.7224438275706426,1.4019312620109252,3.0198195726774317,0.9999999999999999,1.4019312620109252
user_0167,0.4099786197463644,0.6547813264277338,0.15436121877154885,0.46949060098473194,0.9692036305742172,1.3343258754440321,2.657815396504596,0.9999999999999999,1.3343258754440321
user_0168,0.3385612340514317,0.692704598586882,0.6498366525792726,0.8517652923506914,0.8523413365658931,1.571222744366141,3.3852091141341707,1.0,1.571222744366141
user_0169,0.8593421841682666,0.38000939752265506,0.31666115393339966,0.718717425222983,0.7594018093343636,1.440970597703683,3.034131970181668,1.0,1.440970597703683
user_0170,0.8723830173985363,0.03589909983768658,0.06842074718155144,0.6311610168546405,0.9209290987802967,1.418977416041808,2.5287929800527116,1.0,1.4189774160418083
user_0171,0.9974259229562153,0.746766366737927,0.4339714719231257,0.09844312638319797,0.6337478287807913,1.4670300188938232,2.9103547167812573,1.0,1.4670300188938232
user_0172,0.8725792326070907,0.4436785516617058,0.6940011627932345,0.903424062050486,0.04599096867721275,1.5027218616336953,2.9596739777897296,0.9999999999999999,1.5027218616336953
user_0173,0.7961434651622118,0.2933677759652088,0.37484108977531483,0.14556979569939843,0.53116631814876,1.0787692684883488,2.1410884447508938,1.0000000000000002,1.078769268488349
user_0174,0.5659280619159368,0.7925194738809532,0.16998364906809738,0.07896835065999463,0.8708395986448548,1.3197930654723373,2.4782391341698364,0.9999999999999998,1.3197930654723373
user_0175,0.6197103685374153,0.24082979185631304,0.9128290160235548,0.14311772012850965,0.46114991335499755,1.2281851108098363,2.3776368099007903,0.9999999999999999,1.2281851108098363
user_0176,0.2539773394135423,0.25532670815915404,0.009397431454871041,0.8046330769751463,0.901209423598883,1.2607130293206472,2.224543979601597,0.9999999999999999,1.2607130293206472
user_0177,0.6776108856990795,0.15797562207178695,0.44172978360381443,0.3455656244430817,0.5875717051264214,1.0695298596913687,2.210453620944184,1.0,1.0695298596913687
user_0178,0.6389387023600122,0.4243089384608977,0.25009822440770124,0.8453039251425987,0.19921699910889235,1.1853505815068517,2.357866789480102,0.9999999999999999,1.1853505815068517
user_0179,0.38469324896734547,0.4832080610592161,0.23720570192757462,0.5719226923507389,0.5748119301786451,1.0465418253476686,2.25184163448352,1.0000000000000002,1.0465418253476688
user_0180,0.9926920436268976,0.29523075388326936,0.9779444845768627,0.6582298159286807,0.27448038017822773,1.592978366492535,3.1985774781939376,0.9999999999999999,1.592978366492535
user_0181,0.565929016955699,0.6857994927340121,0.7446688411653252,0.04904425077599994,0.6064064930764745,1.3096802865007429,2.6518480947075105,1.0,1.3096802865007429
user_0182,0.4967272865238703,0.9041552908937254,0.28619415145919447,0.7988601195075987,0.607064998164266,1.4672584237597028,3.0930018465486553,1.0,1.4672584237597028
user_0183,0.35232095583531653,0.6366178780058919,0.6208911631303041,0.6777644586233594,0.720928376670709,1.376234209948589,3.008522832265581,1.0,1.376234209948589
user_0184,0.6591815403167537,0.8383371169625166,0.6282481036868983,0.9034037040729679,0.6463406088905228,1.6631053904642683,3.6755110739296595,1.0000000000000002,1.6631053904642685
user_0185,0.3089328839526361,0.4408231901628116,0.5795738053684028,0.7323597679392383,0.09013337574621894,1.081732528290264,2.1518230231693076,0.9999999999999999,1.081732528290264
user_0186,0.2951104516291553,0.7474808649383715,0.17564007044430663,0.13215979774678355,0.5394077589844211,0.9925191177244532,1.889798943743038,1.0,0.9925191177244533
user_0187,0.9714895812113399,0.530852373702785,0.9134869744816969,0.8304726195673974,0.2569700845632623,1.6780265486062418,3.5032716335264817,1.0000000000000002,1.678026548606242
user_0188,0.8246898125424073,0.4818478298737412,0.8064884937937665,0.746559350717045,0.3387152538018863,1.4949224715643734,3.1983007407288464,1.0,1.4949224715643734
user_0189,0.1151697074497594,0.9628932928688776,0.14075701500588267,0.9665002094627521,0.8601405968988218,1.6230232880535955,3.0454608216860932,1.0,1.6230232880535955
user_0190,0.7242167120755182,0.9799422427819034,0.9672697473000323,0.8045876440205619,0.3657750494055664,1.7892847936977425,3.8417913955835825,1.0,1.7892847936977425
user_0191,0.7906819685889375,0.013918655100901178,0.5365723082690591,0.45478602773387466,0.6728283818737536,1.2541171830772002,2.468787341566526,1.0,1.2541171830772002
user_0192,0.6723407973510132,0.584560091652166,0.8224173012267743,0.9402918917795542,0.10834610219923069,1.5381841845176587,3.127956184208738,1.0,1.5381841845176587
user_0193,0.23382190221158317,0.025024649646482322,0.8842348452148522,0.5614073822498789,0.9152559087431594,1.4106884148775851,2.619744688065956,0.9999999999999999,1.4106884148775851
user_0194,0.22136720007399002,0.06321704116019544,0.8238553513904476,0.909387638427892,0.30219017452925023,1.2845397035840516,2.3200174055817753,0.9999999999999999,1.2845397035840516
user_0195,0.4082958557954127,0.13977701250722108,0.9462615328819463,0.3043645843560052,0.49262461897820586,1.190365835838239,2.2913236045187912,1.0,1.190365835838239
user_0196,0.0971919986218216,0.8872593085285023,0.13566404870633653,0.4536437568888926,0.6704862188501712,1.2126106246896584,2.244245331595724,1.0,1.2126106246896584
user_0197,0.7431401215231715,0.9459740857794321,0.41912675341472283,0.7422690147653158,0.15452290240983502,1.4824412515379841,3.0050328778924773,1.0000000000000002,1.4824412515379843
user_0198,0.4148845274368069,0.0990216347105285,0.4893470377896145,0.4081158856977005,0.9515215253810595,1.2220256822436242,2.36289061101571,1.0000000000000002,1.2220256822436244
user_0199,0.032716286855046905,0.3705299587344354,0.44338308606070165,0.950555169851427,0.8554501933059546,1.4036742965903828,2.6526346948075656,1.0,1.4036742965903828
user_0200,0.09935462460613032,0.6856802654812854,0.5444658614821449,0.9778425294520467,0.35867384121231793,1.3642927761282697,2.6660171222339253,1.0,1.3642927761282697
user_0201,0.3981396427443731,0.18980856216107955,0.12215971908726375,0.848033188463681,0.45471736857051714,1.065548514323644,2.012858481026915,1.0,1.065548514323644
user_0202,0.662768738061978,0.6417044672332176,0.5971459595195451,0.02135745473637063,0.7867945904546167,1.3517145367389214,2.7097712100057283,0.9999999999999999,1.3517145367389214
user_0203,0.24356889716402363,0.12592388530804288,0.5645779759079633,0.0686101528243559,0.7651573758885845,0.9920202046250826,1.76783828709297,1.0,0.9920202046250826
user_0204,0.2071573703466585,0.21595135191867476,0.8696954267695447,0.3285595534322304,0.1475541799414437,0.9877463814148271,1.7689178824085523,1.0,0.9877463814148272
user_0205,0.9005310356317582,0.0028355514800163517,0.8584061263801763,0.144687980320508,0.1299921314434368,1.2592290618396866,2.0364528252558958,0.9999999999999999,1.2592290618396866
user_0206,0.25065419672812383,0.17449712090139347,0.6610576425973168,0.02578014978619836,0.014860327230708847,0.7288068494635743,1.1268494372437412,1.0,0.7288068494635743
user_0207,0.7899846642347539,0.23793160609046304,0.32377146196202244,0.1742462014061772,0.05239901786117651,0.9047776380200868,1.578332951554593,1.0,0.9047776380200868
user_0208,0.7417180569541495,0.5260855265978671,0.7456652750339957,0.47624596542325026,0.7780170393142027,1.488304099552333,3.2677318633234655,1.0000000000000002,1.488304099552333
user_0209,0.5132379576091917,0.10905401000384551,0.5038386897858214,0.9454156429701063,0.043365036899171705,1.1936710886805093,2.1149113372681367,1.0,1.1936710886805095
user_0210,0.7832269959803796,0.8669809077598383,0.5214512147130841,0.45804252209768204,0.9640261831220287,1.6661816301870294,3.5937278236730124,1.0,1.6661816301870294
user_0211,0.06082540749450582,0.4789819109983633,0.4016172545125605,0.6860974960622327,0.4902688541442253,1.0514338513808088,2.1177909232118877,1.0,1.0514338513808088
user_0212,0.9097008291152293,0.0734907157664505,0.08079047741079193,0.60829742363344,0.06568223332011391,1.1017365821329812,1.7379616792460255,0.9999999999999999,1.1017365821329812
user_0213,0.2750159995579532,0.6330767243010155,0.5483564340483605,0.32518544331866794,0.9946277558609236,1.3682633748303334,2.7762623570869205,1.0000000000000002,1.3682633748303337
user_0214,0.5305568374313245,0.4537154175754716,0.6054267915353129,0.09917846167904198,0.7017794185460662,1.1645688289471914,2.3906569267672175,0.9999999999999999,1.1645688289471914
user_0215,0.852792737295575,0.6509166648813054,0.7689627301047386,0.7208399166575992,0.2150230663274969,1.519242160484703,3.2085351152667148,0.9999999999999999,1.519242160484703
user_0216,0.4515549159652815,0.2284935743645844,0.3389316188351752,0.4534989029074473,0.41598965026149526,0.8658489718002143,1.8884686623339835,1.0000000000000002,0.8658489718002144
user_0217,0.09508583927563086,0.426764006260958,0.6651078630603089,0.37430102343553684,0.15263892476872376,0.8927133923464725,1.7138976568011581,0.9999999999999999,0.8927133923464725
user_0218,0.9229850357343844,0.06713330813664775,0.8317718884748545,0.0932301017036774,0.09656443256578562,1.2515068011035453,2.0116847666153497,1.0,1.2515068011035453
user_0219,0.7387959984887157,0.8117692852773923,0.5563707356153501,0.586465082739477,0.5615864139920724,1.4743330319181516,3.2549875161130077,1.0000000000000002,1.4743330319181518
user_0220,0.32964598141620505,0.1222312853545593,0.35359807963376766,0.6653405200029154,0.7502842502514783,1.1199299200562247,2.221100116658926,0.9999999999999999,1.1199299200562247
user_0221,0.8680921488690649,0.7210606787461494,0.9683986253114745,0.600410091224677,0.351646185693149,1.6417843026488248,3.509607729844515,1.0,1.6417843026488248
user_0222,0.5779185183898549,0.2127388056720061,0.6567363029881521,0.22424486910756558,0.10821838192726663,0.934102330854199,1.7798568780848454,1.0,0.934102330854199
user_0223,0.8453734186013451,0.36756105061535016,0.7626056319368497,0.5741000043314627,0.8072213711523444,1.5532294903482367,3.356861476637352,1.0,1.5532294903482367
user_0224,0.8451551613283581,0.9745466021257082,0.8184268595406696,0.6135732805354648,0.6426991638298314,1.7673101698985796,3.894401067360032,1.0,1.7673101698985798
user_0225,0.0262538314535834,0.9290842909949364,0.829460789959663,0.26744772515411064,0.1804160719608544,1.286845107319431,2.2326627095231477,1.0000000000000002,1.2868451073194311
user_0226,0.7026987728656047,0.30898468882991015,0.33982465677725837,0.00610578940365869,0.8698627065364382,1.208898800379529,2.22747661441287,1.0000000000000002,1.2088988003795291
user_0227,0.5663210947613763,0.40078434399951557,0.14187465415126865,0.6331720126555138,0.03065709838090591,0.9504329253286412,1.7728092039485803,1.0,0.9504329253286412
user_0228,0.7461117620057067,0.21513288003351094,0.41983249376450316,0.3408959817693328,0.3700530924770039,1.0160578733190184,2.0920262100500575,1.0,1.0160578733190184
user_0229,0.7215959677426732,0.776835619966741,0.5675935566143973,0.0849570399771793,0.05260882642552178,1.2067817341513467,2.2035910107265124,1.0,1.2067817341513467
user_0230,0.15740989710715314,0.6178381819260306,0.673968710613113,0.27210284354621894,0.6619386928082612,1.1717245871539512,2.3832583260007767,0.9999999999999999,1.1717245871539512
user_0231,0.48566170489099625,0.4420441866977791,0.27316684436476946,0.7549431436683707,0.11381750811020175,1.0434481562470819,2.069633387732117,1.0,1.0434481562470819
user_0232,0.42991363339789035,0.28324647008044934,0.678486254760133,0.4866327533642508,0.6671325587363496,1.1862862978496478,2.5454116703390732,1.0,1.1862862978496478
user_0233,0.045417362604427525,0.39526339608762895,0.5993249569444504,0.007687085899882873,0.3014193620184368,0.7799993693704944,1.3491121635548264,1.0,0.7799993693704944
user_0234,0.21123397922031228,0.137234805257327,0.2555195040214593,0.3281223559378411,0.0077299065693119395,0.4862791735293688,0.9398405510062516,0.9999999999999999,0.4862791735293688
user_0235,0.7470141234297678,0.1756948018758423,0.38020744571523624,0.7036712633826636,0.5002623465562132,1.2160888652066193,2.506849980959723,1.0,1.2160888652066195
user_0236,0.8333542024198782,0.8062001865667638,0.07207549659215784,0.8617643620225885,0.04230226156279138,1.447086777531219,2.61569650916418,1.0,1.447086777531219
user_0237,0.0187415365856457,0.9211624345024124,0.8621100136120664,0.5757591607368311,0.573399680885843,1.500803437067815,2.9511728263227988,1.0000000000000002,1.5008034370678152
user_0238,0.7094989615689342,0.41769395984348057,0.11517337266379823,0.02085655902474881,0.32476817944551384,0.8927660907329442,1.5879910325464754,1.0000000000000002,0.8927660907329443
user_0239,0.8013221543104522,0.6181252633042402,0.8320259130717071,0.9197697517413846,0.08812988129788468,1.6031863361264267,3.2593729637256694,1.0,1.6031863361264267
user_0240,0.8444843598146969,0.24331647482273366,0.5888712883029119,0.5239625430006316,0.39576669685933297,1.2451080916490613,2.5964013628003073,0.9999999999999998,1.2451080916490613
user_0241,0.31027456183586133,0.3395132811484639,0.33306862249313196,0.16813270804568659,0.5104832845421483,0.7818798311760062,1.6614724580652922,1.0,0.7818798311760062
user_0242,0.11402663983855255,0.509952062322972,0.9059227315800504,0.3493752654723803,0.7273791056739043,1.3209438351226932,2.6066558048878594,0.9999999999999999,1.3209438351226932
user_0243,0.8189486015248519,0.8150370057500141,0.23626884894672429,0.14644421827769438,0.19727180282398327,1.2046357021608063,2.213970477323268,1.0000000000000002,1.2046357021608065
user_0244,0.6023989852731658,0.760215295546892,0.6555090105187391,0.17714612894722914,0.7728480892475602,1.4139232001659205,2.9681175095335863,1.0,1.4139232001659205
user_0245,0.49411702501738863,0.7544458252469858,0.7598771496077484,0.448905256995063,0.9241542583856593,1.5640749480733933,3.381499515252845,0.9999999999999999,1.5640749480733933
user_0246,0.5644917834027993,0.6352983190605934,0.6245217794418948,0.8642468748314162,0.6272174068997718,1.500868654113911,3.3157761636364755,0.9999999999999999,1.500868654113911
user_0247,0.1509574013930769,0.06828625849575609,0.44220806383628486,0.3028204351390129,0.2746736674861592,0.624615851067369,1.23894582635029,0.9999999999999996,0.6246158510673689
user_0248,0.05617212021307805,0.5073368852897782,0.31040785060631093,0.4519138637006822,0.05689005083395238,0.7512400908308637,1.3827207706438016,1.0,0.7512400908308637
user_0249,0.8316966316631215,0.076731001173455,0.8642500339252391,0.8552933714560903,0.6150083884155736,1.5982168575881328,3.2429794266334793,1.0,1.5982168575881328
user_0250,0.5070678173339551,0.4627116589272723,0.5543163713383039,0.7918177972653585,0.8958767655568026,1.4859532608219534,3.2117904104216928,1.0,1.4859532608219534
user_0251,0.44973370365090626,0.8098159176979711,0.6518374546486099,0.32152676288042836,0.4756290279430695,1.2698648445837784,2.708542866820985,1.0000000000000002,1.2698648445837784
user_0252,0.15086107669563853,0.061873700101100715,0.10350187727039162,0.8991268339557735,0.3434377758382676,0.9816713437992028,1.558801263861172,0.9999999999999999,0.9816713437992028
user_0253,0.7143155491674626,0.5045490015009574,0.17255891143636493,0.24774372359828423,0.437758274309233,1.0235244188209047,2.076925460012302,1.0,1.0235244188209047
user_0254,0.4394217917626243,0.5227480352655456,0.15874620798154138,0.3728519821013271,0.2828935786144179,0.8429737572288607,1.7766615957254563,1.0,0.8429737572288608
user_0255,0.4087693972473203,0.33836714684141955,0.5978858623829895,0.7892269315636647,0.6473053569693069,1.2965090147359373,2.7815546950047008,1.0,1.2965090147359373
user_0256,0.06591185427971746,0.09450594751509434,0.678379344840081,0.2841469738781137,0.7237336550024618,1.0382698051582189,1.8466777755154684,1.0,1.038269805158219
user_0257,0.6565640864104779,0.9063426971636772,0.8732796620605389,0.3333620360605566,0.5827395145864196,1.5703077537162515,3.35228799628167,0.9999999999999999,1.5703077537162515
user_0258,0.14142838058431784,0.3498207875358442,0.9676965076927446,0.698479962811881,0.39195798433536033,1.3116090961721636,2.549383622960148,1.0000000000000002,1.3116090961721638
user_0259,0.5950412281515748,0.9380021995657608,0.30958188741596093,0.3766793060563002,0.7916619578635435,1.4485782994873848,3.01096657905314,1.0,1.4485782994873848
user_0260,0.813184783814801,0.6701163999947225,0.8289589728944645,0.7387746721294828,0.6854144402775763,1.6772237274833388,3.736449269111047,1.0,1.6772237274833388
user_0261,0.526393339734174,0.6460248207334879,0.4234063663221037,0.3618280963467846,0.3625976689820444,1.0658834875442393,2.3202502921185943,1.0,1.0658834875442393
user_0262,0.18026292287684464,0.21419266120890035,0.9476682675343469,0.4862709208727273,0.22654304653388724,1.1243796170291729,2.0549378190267062,0.9999999999999999,1.1243796170291729
user_0263,0.1375653531770793,0.07716508430087632,0.8444283886858833,0.10114076366789415,0.770874720363101,1.1586264578451275,1.931174310194834,1.0,1.1586264578451275
user_0264,0.835119826634556,0.8836821654925616,0.03774749235756125,0.33676437196428155,0.7663076044472416,1.4766115787454754,2.859621460896202,0.9999999999999999,1.4766115787454754
user_0265,0.13104904142950802,0.37671987082252467,0.1622472120884505,0.8313450566891255,0.7710978137309884,1.2129065552567364,2.2724589947605973,1.0000000000000002,1.2129065552567366
user_0266,0.8090437196393011,0.1655391657440587,0.43767340513834674,0.41085861149653347,0.6763629221885329,1.2246569178348283,2.499477824206773,1.0000000000000002,1.2246569178348286
user_0267,0.23753020144692505,0.44419870980527565,0.28492793256335824,0.7485365180954363,0.44892796303334037,1.0472632200467185,2.1641213249443356,1.0,1.0472632200467185
user_0268,0.5340111496982611,0.3094678965627896,0.8086238710907864,0.4690156050322527,0.8351133927257074,1.3972118194377388,2.956231915109797,1.0,1.3972118194377388
user_0269,0.3678409582250328,0.9471301702441229,0.9844397935315773,0.4616799784409892,0.2817717327037754,1.514604882095402,3.0428626331454978,1.0,1.5146048820954021
user_0270,0.3818724341907105,0.5274597884614827,0.9662681532059473,0.8168912395812401,0.8012592241515476,1.6331081317325922,3.4937508395909282,1.0,1.6331081317325924
user_0271,0.1383985346034312,0.25000321158900707,0.6411790362044472,0.874116945052237,0.5545407454244312,1.25074465364302,2.458238472873554,0.9999999999999999,1.25074465364302
user_0272,0.10258973174840935,0.8458922767334385,0.8511660480847788,0.28506301405932843,0.7631168302916909,1.4540117802028898,2.847827900917646,1.0,1.4540117802028898
user_0273,0.2727912995913566,0.9053062089782412,0.1473486559916043,0.4374725601949808,0.9464132630117607,1.4151983454265158,2.709331987767943,1.0,1.415198345426516
user_0274,0.2220380069069806,0.45112799022070893,0.3495850781386489,0.02667019080293853,0.05325688717107446,0.6152842124072609,1.1026781532403516,1.0000000000000002,0.615284212407261
user_0275,0.5020071146932354,0.23577807386343264,0.9945253512382912,0.3749126734177676,0.02818754552815006,1.1991818744398963,2.135410758740877,1.0,1.1991818744398963
user_0276,0.9308259047499531,0.8391762876116057,0.6499606842941816,0.791380637482176,0.13759958772587166,1.6242904782382217,3.3489431018637883,0.9999999999999999,1.6242904782382217
user_0277,0.28687939731326817,0.8297615831528226,0.6960719885759836,0.1387926918181862,0.7055361752890804,1.331301991549216,2.6570418361493413,0.9999999999999999,1.331301991549216
user_0278,0.4486014739822466,0.005251198305617932,0.07922577127072128,0.2559239284370447,0.834963099282381,0.9849913779754718,1.6239654712780114,1.0000000000000002,0.9849913779754719
user_0279,0.5488042454438354,0.7272347853249318,0.5277715058867243,0.11118686032423841,0.28810157803923053,1.0972530849385544,2.2030989750189605,0.9999999999999999,1.0972530849385544
user_0280,0.30115119458622,0.04774944661885128,0.41982554375344305,0.7938991086394381,0.45711361663644867,1.0528315117120766,2.019738910234401,1.0,1.0528315117120766
user_0281,0.110857895290015,0.9051468856619985,0.596739042818947,0.016435352205894427,0.5153757302094061,1.2056368055460276,2.144554906186261,1.0,1.2056368055460278
user_0282,0.24193813442099332,0.14357684024626005,0.42923889310333374,0.6148095827759507,0.24056423880654354,0.8362155065295646,1.6701276893530812,1.0,0.8362155065295646
user_0283,0.4165675952085398,0.6643713017420091,0.08561395498726176,0.9746544909522217,0.06767932290884604,1.2556987714923882,2.2088866657988784,1.0,1.2556987714923882
user_0284,0.5260594453221705,0.5073276965797866,0.9883314855964674,0.5541519524181955,0.3904537325600641,1.4037298745805498,2.9663243124766843,1.0,1.4037298745805498
user_0285,0.470135078158486,0.63567079146863,0.9810394225515603,0.25365026106921273,0.016242231108947625,1.2853579114214124,2.3567377843568367,1.0,1.2853579114214124
user_0286,0.7885200162795153,0.3448024931633913,0.7329410214506417,0.6282569624756564,0.7715013741098591,1.5059137749030609,3.266021867479064,1.0000000000000002,1.505913774903061
user_0287,0.7351869848123113,0.3325186083719849,0.044335688295208175,0.5460137452076915,0.8135088655560881,1.2700243561057214,2.471563892243284,1.0000000000000002,1.2700243561057216
user_0288,0.17508912705170843,0.7791425934782815,0.46462289974703774,0.6953892519960639,0.6317358477583378,1.3176684770790144,2.7459797200314293,1.0,1.3176684770790144
user_0289,0.8114976818476064,0.06310053703222462,0.7761903997034217,0.4576795774473532,0.29344257117503125,1.2492240952686402,2.4019107672056377,1.0000000000000002,1.2492240952686404
user_0290,0.043806275659123095,0.19946983371518834,0.041905941930381996,0.9333709799503973,0.5153835892544988,1.0863999919941896,1.7339366205095894,1.0000000000000002,1.0863999919941898
user_0291,0.9891227022961234,0.5430306976541859,0.2533137652026174,0.7532909188188649,0.1911034307339109,1.3933347236205464,2.7298615147057026,1.0,1.3933347236205464
user_0292,0.3569741760353634,0.780841566978425,0.8657982770780576,0.33192468638134454,0.1244750082443834,1.2698105357790883,2.460013714717574,1.0000000000000002,1.2698105357790885
user_0293,0.368019174314673,0.8894865170122814,0.7433077055196212,0.8946374949550533,0.38664476826069216,1.5585253112790804,3.2820956600623212,1.0,1.5585253112790804
user_0294,0.973723584315309,0.49620322653702265,0.4975233924936273,0.9243104666269636,0.519275853534942,1.601837082083122,3.411036523507865,1.0000000000000002,1.6018370820831225
user_0295,0.8011480874017738,0.7270813243426357,0.07892700605546787,0.6024532988302272,0.8223412795398867,1.4885933426382647,3.031950996169991,1.0,1.4885933426382647
user_0296,0.545474397344637,0.32121142821459403,0.08006891107499525,0.6609192214581366,0.30649585609075247,0.9684441426269883,1.9141698141831154,0.9999999999999999,0.9684441426269883
user_0297,0.6026216277305998,0.4261160728830454,0.6897648084454863,0.3515469837719921,0.042355162850129524,1.070458997984991,2.1124046556812535,1.0,1.070458997984991
user_0298,0.8700371750563921,0.3525593103084823,0.998150597773049,0.2745553600748576,0.9800272791942791,1.7068689120171974,3.47532972240706,1.0,1.7068689120171974
user_0299,0.9479043786030863,0.07504116498815927,0.6375125378832983,0.3633111306509823,0.8010959755621699,1.4437194544276555,2.824865187687696,1.0,1.4437194544276557
user_0300,0.6794106078146899,0.9527893962796078,0.14277946836254973,0.6075729033208553,0.7813119697434665,1.5392808746859772,3.1638643455211692,0.9999999999999999,1.5392808746859772
user_0301,0.034798965798542025,0.06723336306210881,0.7785153735068654,0.36632847310714856,0.3828544016887777,0.9447706192602046,1.6297305771634427,0.9999999999999999,0.9447706192602046
user_0302,0.5672446417241195,0.6050948288547855,0.6790620569133949,0.9488235292655565,0.3720133784706837,1.4790847021249647,3.17223843522854,1.0,1.4790847021249647
user_0303,0.7630844717985795,0.5739217783338957,0.5294598815362896,0.39803404595244996,0.6495607367060315,1.3313046748621593,2.9140609143272465,0.9999999999999999,1.3313046748621593
user_0304,0.24961165309339794,0.11344861258501804,0.7356748594794277,0.4990439602564668,0.3869873800392635,1.0075704295510421,1.984766465453574,0.9999999999999998,1.0075704295510421
user_0305,0.5616727107596471,0.2617766765874958,0.26028977113990337,0.4462731124056162,0.9963651121547608,1.2820519314570344,2.526377383047423,1.0000000000000002,1.2820519314570347
user_0306,0.285576877698158,0.9164789095418814,0.4912001952542241,0.12263742190397087,0.8528262903843227,1.3802601187278543,2.668719694782557,1.0,1.3802601187278545
user_0307,0.45204268524539737,0.8986790307862303,0.44511119274245503,0.08779074110473106,0.6819292602506372,1.297237562581757,2.565552910129451,1.0000000000000002,1.2972375625817572
user_0308,0.8455212189746995,0.31958777209997014,0.34742529473856454,0.06493907831607115,0.5421713612255623,1.1117165466350596,2.119644725354868,1.0,1.1117165466350596
user_0309,0.8913316823538889,0.8513620507531259,0.7118091040072126,0.9273244567231778,0.6377000225640163,1.8145395219705236,4.019527316401422,1.0,1.8145395219705236
user_0310,0.7936963838450027,0.5087557451743008,0.12136245507845689,0.20098037117768575,0.13887687203836574,0.9814250346639032,1.7636718273138117,1.0,0.9814250346639033
user_0311,0.7903730608077492,0.026284026808265692,0.5540214372595951,0.3689111655012207,0.8036617262885865,1.3093081366094366,2.543251416665417,0.9999999999999998,1.3093081366094366
user_0312,0.5516469339264275,0.6119483626205209,0.08621548165193271,0.30929071752846216,0.9995950439343869,1.3345708101514506,2.5586965396617303,1.0,1.3345708101514506
user_0313,0.7188696598907195,0.5256956548303001,0.769164550374698,0.8233393995083906,0.07375071291123902,1.4380787702381679,2.910819977515347,0.9999999999999999,1.4380787702381679
user_0314,0.9723797315137659,0.6423385893863813,0.4499744956629961,0.680108990649581,0.3445147807026997,1.463501597438779,3.0893165879154236,1.0,1.463501597438779
user_0315,0.8779601516504117,0.7802629288383084,0.639793929366663,0.18196313655213736,0.9662646139341068,1.6600416938332918,3.446244760341627,0.9999999999999999,1.6600416938332918
user_0316,0.43261828648197487,0.9107122709468873,0.05541285001777707,0.12416112063901219,0.15301546681020062,1.0288127736184112,1.6759199948958519,1.0,1.0288127736184112
user_0317,0.16465707989012413,0.3226607511545556,0.7093321325292459,0.34602308234187307,0.9409040549315347,1.2803930656763287,2.4835771008473335,1.0,1.2803930656763287
user_0318,0.8949259168211244,0.8459337061558656,0.25060530898199906,0.6350570913877459,0.5508414154831397,1.5119599951824203,3.1773634388298744,1.0000000000000002,1.5119599951824205
user_0319,0.1251702951269027,0.30282460610887607,0.5334780297683805,0.5025731447412627,0.16863590174770682,0.820357840375826,1.632681977493129,1.0,0.820357840375826
user_0320,0.9416069878685959,0.15419426687956317,0.6587328733837543,0.720632768437273,0.6051389078618554,1.4932626275279646,3.080305804431042,1.0,1.4932626275279646
user_0321,0.842530004113389,0.5636180344312958,0.825236267326632,0.028373487898877614,0.04546180329134197,1.3082082494208425,2.3052195970615363,1.0000000000000002,1.3082082494208427
user_0322,0.6414537338243601,0.5767712314773791,0.6511299774855999,0.7669590009163111,0.4165867836632462,1.3891971966164407,3.0529007273668967,1.0,1.389197196616441
user_0323,0.6389911922088705,0.49803806013611607,0.6271640102980843,0.2896716568016058,0.956650169954405,1.4313544513172878,3.0105150893990817,1.0,1.4313544513172878
user_0324,0.48294481817541945,0.804688154215733,0.6849908411956767,0.2974338714297423,0.07297302550534579,1.20156695434947,2.3430307105219175,1.0,1.20156695434947
user_0325,0.059913032934668986,0.439605499920411,0.4842511301073592,0.2040230135633987,0.6066602628206363,0.9170625870871922,1.7944529393464743,0.9999999999999999,0.9170625870871922
user_0326,0.31258249924693304,0.7183628851124375,0.7341997548045468,0.8607773657543253,0.9753741279148802,1.6867408503674326,3.6012966328331224,1.0000000000000002,1.6867408503674328
user_0327,0.13076615155238647,0.37054019805029126,0.5616512157483692,0.31911588640315725,0.46647256704063644,0.8884162975041294,1.8485460187948404,1.0,0.8884162975041295
user_0328,0.2674716744541824,0.24791888252554561,0.09681165256057145,0.2902120049699015,0.38414983350160603,0.6116955676049239,1.286564048011807,1.0,0.6116955676049239
user_0329,0.6153774441639687,0.2482702803811866,0.8653075017207177,0.15969966213016096,0.32743582080119493,1.149696830590013,2.216090709197229,1.0000000000000002,1.1496968305900133
user_0330,0.5776870378935964,0.31271492086227304,0.7631213751386285,0.4982655420599088,0.5147248392314845,1.2357497235281014,2.6665137151858915,1.0000000000000002,1.2357497235281016
user_0331,0.49875970839765416,0.3085404820544293,0.023176298216351032,0.9452328040692373,0.5054444630237716,1.2220616906180668,2.2811537557614434,1.0000000000000002,1.222061690618067
user_0332,0.9666866305524754,0.2151444225262411,0.35289508885635534,0.05054040462789189,0.4948942035251763,1.1630905868223473,2.08016075008814,1.0,1.1630905868223473
user_0333,0.8823394763682011,0.6542600368896171,0.4705868533681957,0.536690749288927,0.8471723653934679,1.560054201318072,3.391049481308409,0.9999999999999999,1.560054201318072
user_0334,0.4309277693475405,0.8824557309185929,0.7275080633593919,0.7638567641619896,0.365937352517563,1.4869707945358026,3.1706856803050774,1.0,1.4869707945358026
user_0335,0.4005816210147566,0.5702816438810293,0.19465530188771907,0.5532229266211517,0.07353174974284182,0.9138052307548773,1.7922732431474986,0.9999999999999999,0.9138052307548773
user_0336,0.5042555291232047,0.7644041147072396,0.279720677623982,0.9890907006207226,0.6803986401188608,1.5356020546525353,3.2178696621940097,1.0000000000000002,1.5356020546525355
user_0337,0.11881101972358954,0.975082815413784,0.39390371272860714,0.7948972283809458,0.3390852999525653,1.3663466377739004,2.621780076199492,0.9999999999999999,1.3663466377739004
user_0338,0.9389485669553754,0.7549651722927939,0.19905788155244997,0.5091225162251821,0.5000779035706439,1.4143919220420702,2.902172040596445,0.9999999999999999,1.4143919220420702
user_0339,0.04530335246707473,0.1370363735675204,0.3330407053527672,0.47374415039519,0.45698855928287396,0.7516778140907572,1.4461131410654264,1.0,0.7516778140907572
user_0340,0.6062605224038041,0.5155057321472539,0.32796584763652625,0.613068121064678,0.1625020458769394,1.0691674396921749,2.2253022691292017,1.0,1.0691674396921749
user_0341,0.9906157375611401,0.7393193605736041,0.29923434252831826,0.33637345215167835,0.8282893859573759,1.5545623996395912,3.193832278772117,1.0,1.5545623996395912
user_0342,0.5323398298758764,0.7087398064354379,0.2997905647374137,0.8157488332438242,0.3683578098657696,1.2948767607119078,2.7249768441583218,1.0,1.2948767607119078
user_0343,0.6738063924730165,0.9798980311791619,0.5837021418487863,0.7967548139301471,0.7253242125518553,1.7075821629661019,3.7594855919829673,1.0,1.707582162966102
user_0344,0.6880436512027717,0.026647154963833186,0.4745902140850605,0.9670706961720509,0.7829039914314214,1.4991712374933552,2.939255707855138,1.0,1.4991712374933552
user_0345,0.7761620251720721,0.5776343958641829,0.7214001122963067,0.58352327704764,0.17051206174665934,1.3513256027631642,2.829231872126861,1.0,1.3513256027631642
user_0346,0.6290252411453636,0.6197358055010894,0.8411671249582643,0.14777570830033182,0.6807268950506788,1.4044693376281385,2.918430774955728,1.0,1.4044693376281385
user_0347,0.03157051334209937,0.9482051707843013,0.10989552133369684,0.018937367506612568,0.3136924834458552,1.005449335810852,1.422301056412565,0.9999999999999999,1.005449335810852
user_0348,0.15143125811934544,0.6905002609185255,0.41037740932270506,0.774972301807091,0.9205209498972107,1.4546726580624312,2.947802180064878,0.9999999999999999,1.4546726580624314
user_0349,0.8728177089123204,0.7358372712686814,0.06228128601443195,0.1380824857852102,0.2073417049712447,1.170129717966221,2.0163604569518885,1.0000000000000002,1.170129717966221
user_0350,0.3250495344260548,0.6622267997143491,0.5254771514000354,0.31375259873781713,0.17318242385732774,0.9740434363424622,1.9996885081355842,1.0000000000000002,0.9740434363424623
user_0351,0.9121241609240104,0.34232701768184615,0.3542869886448128,0.7719897841487408,0.7209245613272927,1.4799925649320862,3.101652512726703,1.0,1.4799925649320864
user_0352,0.6433090999994615,0.6933133100298209,0.6100765800787515,0.1922641691367134,0.24651913552736038,1.1681012680766154,2.3854822947721077,1.0000000000000002,1.1681012680766156
user_0353,0.5580866508074042,0.2248670379928167,0.972910627590569,0.2976145652769079,0.28900413740352493,1.2168314611173896,2.3424830190712225,1.0,1.2168314611173896
user_0354,0.20727779485464026,0.7049882597401967,0.31704074501844803,0.3488031742013066,0.9337003747708006,1.278259523255433,2.511810348585392,1.0,1.278259523255433
user_0355,0.7954053560023335,0.27345753675542306,0.12187410573271507,0.6766222457825457,0.3796941853743825,1.1507768420978166,2.2470534296473996,1.0,1.1507768420978166
user_0356,0.9801605373213622,0.8183774601305623,0.9546088633914613,0.8046158339565703,0.2904526519929356,1.809282678726778,3.848215346792892,1.0,1.809282678726778
user_0357,0.2876303416141399,0.7141412874983953,0.3463635140956165,0.4423761118648354,0.2564439754734821,0.9869938260844847,2.046955230546469,0.9999999999999999,0.9869938260844847
user_0358,0.4790792630164832,0.20206800720059648,0.5385779237086528,0.9330239337833077,0.6961713006468226,1.38405301218903,2.8489204283558625,0.9999999999999999,1.38405301218903
user_0359,0.13727295480092294,0.6156770344144923,0.5868304985708152,0.2424580384102868,0.669833964893104,1.117915716765916,2.252072491089621,1.0,1.117915716765916
user_0360,0.5310414897327992,0.6379445734086376,0.05249110683946279,0.4133013660482586,0.7173580562502436,1.1735221595269838,2.3521365922794018,0.9999999999999999,1.1735221595269838
user_0361,0.1005449047773479,0.7707660580982791,0.00518144640713003,0.5503525657796167,0.9290996801699778,1.3305377123298978,2.3559446552323515,1.0,1.3305377123298978
user_0362,0.40690745154688346,0.9350320985961516,0.8783996215142282,0.4774485204408965,0.19945597466760168,1.4419377136713105,2.8972436667657617,1.0,1.4419377136713105
user_0363,0.9639140388909357,0.3211677021191667,0.6458979178902698,0.9079369587356224,0.08946072051151632,1.510568048498001,2.928377338147511,1.0,1.510568048498001
user_0364,0.5741333531753733,0.5351522768936047,0.7231176782424233,0.936669379750626,0.9132297256698525,1.688269617711868,3.68230241373188,0.9999999999999999,1.688269617711868
user_0365,0.1750647754809631,0.8822449731648332,0.17578870753886255,0.919634811850934,0.99717180308851,1.637066073813117,3.1499050711241026,1.0,1.637066073813117
user_0366,0.39699457427829965,0.4953838973217578,0.9366087447777628,0.9621313800833424,0.926039697896443,1.7502834493725556,3.717158294357606,0.9999999999999999,1.7502834493725556
user_0367,0.8767431679179234,0.009267168480099786,0.5679618686644954,0.10730069077353799,0.9829938883710064,1.4384490154240743,2.544266784207063,1.0,1.4384490154240743
user_0368,0.28456165235004627,0.9890994700887233,0.5433004835569749,0.49391242034181915,0.9385605017408724,1.5745836927731778,3.2494345280784356,1.0,1.574583692773178
user_0369,0.8510597385779967,0.4680207690062901,0.19281139827380978,0.11264676102015447,0.16249426253973864,1.0097603835963531,1.7870329294179896,0.9999999999999999,1.0097603835963531
user_0370,0.45891447103236116,0.2572648802295191,0.18619906912806772,0.736617895492257,0.7907676644252557,1.2162965208889627,2.4297639803074604,1.0,1.2162965208889627
user_0371,0.5677812224209393,0.7572827502575612,0.17549491383846472,0.8561465042734577,0.8970427617839751,1.5698164537306025,3.2537481525743983,1.0,1.5698164537306025
user_0372,0.8269898252763096,0.5152806589597959,0.0867377698483559,0.6692558534099542,0.18478120104733997,1.1995821184524353,2.2830453085417552,1.0000000000000002,1.1995821184524356
user_0373,0.14061187563429844,0.3236016700850828,0.248047083667145,0.26078527706544385,0.2355212528015339,0.5563239320956184,1.208567159253504,1.0000000000000002,0.5563239320956185
user_0374,0.753756651781457,0.9540348226549126,0.3019458396916147,0.7228825284009974,0.01143573419416799,1.4464414087456277,2.7440555767231496,1.0,1.4464414087456277
user_0375,0.6536833670701987,0.6927685904227389,0.062124331800536114,0.11822484780397258,0.3068063420036198,1.0095528430914937,1.833607479101066,1.0,1.0095528430914937
user_0376,0.40541661296839726,0.5025204712383896,0.8951183698162541,0.703557035102256,0.3109779483846603,1.3452977871424372,2.8175904375099576,0.9999999999999999,1.3452977871424372
user_0377,0.11741574584477632,0.9161303858506353,0.2950376001562468,0.614625448143849,0.21912860093534392,1.1687216572011425,2.1623377809308515,1.0,1.1687216572011425
user_0378,0.13356878219680413,0.1531855646891792,0.7477348371508565,0.6057389480890694,0.41584561543122467,1.0678300766513016,2.056073747557134,1.0000000000000002,1.0678300766513018
user_0379,0.5492345088183648,0.4708280768793115,0.5375176876932009,0.6640944393396638,0.21841162265732594,1.140608587339029,2.440086335387867,1.0,1.140608587339029
user_0380,0.24746542930857773,0.7547395497248653,0.8731350584877333,0.08187030647327487,0.4467479774964833,1.2647222064395702,2.4039583214909346,1.0,1.2647222064395702
user_0381,0.7037661251558726,0.07810272214744018,0.5641687222734748,0.06175804755668379,0.5476492487109315,1.0599089099385373,1.9554448658444026,1.0000000000000002,1.0599089099385375
user_0382,0.5054870560925958,0.5727016742278647,0.1498523813824143,0.3281176377422065,0.520341541184787,0.9921575537315755,2.076500290629868,1.0000000000000002,0.9921575537315757
user_0383,0.11624002218466423,0.20540148553936155,0.5831476784410176,0.09094164445168784,0.5103753540328345,0.8151785771167779,1.5061061846495658,0.9999999999999999,0.8151785771167779
user_0384,0.8086920831772372,0.453432300179782,0.5132478432016415,0.45679847571187604,0.05773678093252477,1.1554243670946827,2.2899074832030615,1.0,1.1554243670946827
user_0385,0.4623783057389237,0.8069153525543925,0.7232800798250023,0.3959487099532575,0.8164532259331305,1.487081507089609,3.2049756740047064,1.0,1.487081507089609
user_0386,0.7458044828318157,0.5783112650590354,0.04528980272782879,0.34452886656213455,0.0637599121120832,1.00771269636959,1.7776943292928977,0.9999999999999999,1.00771269636959
user_0387,0.9941236604769201,0.9345827988849464,0.0690191461603138,0.9337755625849307,0.031734871023079037,1.6551236830364084,2.9632360391301904,0.9999999999999999,1.6551236830364084
user_0388,0.40886693581924827,0.7689720625834827,0.7658276829237117,0.978333284924101,0.6458808180971635,1.6490240421984943,3.567880784347707,0.9999999999999999,1.6490240421984943
user_0389,0.42036193888232787,0.9928565985808789,0.38247961885137205,0.8696202853107085,0.9067673115245726,1.6991837574896285,3.57208575314986,1.0,1.6991837574896285
user_0390,0.3756455338019876,0.6827303541015414,0.6617925381254681,0.5393002639188602,0.653534098418702,1.327837060581773,2.9130027883665592,0.9999999999999999,1.327837060581773
user_0391,0.34776988713915025,0.17847362900411168,0.5372584863980012,0.5288425395440093,0.7278581409061281,1.1184343149117109,2.3202026829914004,1.0000000000000002,1.118434314911711
user_0392,0.22269021596626648,0.003473294944907779,0.022735327321966592,0.29836298870298184,0.6734998577765671,0.769897670230366,1.2207616847126896,1.0000000000000002,0.7698976702303661
user_0393,0.5444453390250208,0.5319336084967587,0.8233604373757843,0.24751203850377557,0.34615973498762675,1.1993270080345453,2.4934111583889664,0.9999999999999999,1.1993270080345453
user_0394,0.2756497277951273,0.9374103611350668,0.7250239459089184,0.11284463876647732,0.8094781835391944,1.4657317359812105,2.8604068571447843,1.0,1.4657317359812105
user_0395,0.4192405984917521,0.7660534675139034,0.8837566218453745,0.01564579636354957,0.20608162185021417,1.2595002131709268,2.290778106064794,1.0,1.2595002131709268
user_0396,0.10089671309250703,0.03357627575428079,0.5977848967315527,0.7032862668649287,0.0486763212437491,0.9303952134321116,1.4842204736870184,1.0,0.9303952134321116
user_0397,0.7405410784798616,0.4022653508109063,0.23433927848756164,0.2172692101775534,0.8637302426700564,1.2483466027571275,2.4581451606259397,0.9999999999999999,1.2483466027571275
user_0398,0.05644403502446094,0.5038958489409345,0.28926345135391884,0.8157862567633168,0.7315174831160183,1.241529437744924,2.3969070751986497,0.9999999999999999,1.241529437744924
user_0399,0.318903696369192,0.5979176742772624,0.6725319014369137,0.32066511539298315,0.30176443514420326,1.0513763178659248,2.2117828226205543,1.0,1.0513763178659248
user_0400,0.14326043416332868,0.6602124238107432,0.22104274044603256,0.3005009537574196,0.060957637106762164,0.7741321246307845,1.385974189284286,1.0,0.7741321246307845
user_0401,0.9485202550267213,0.879713890963883,0.9115776656205444,0.62599313764833,0.4272005822945435,1.754687661808953,3.793005531554022,1.0000000000000002,1.754687661808953
user_0402,0.49562078749302096,0.9722902353436859,0.9415864098319118,0.6713425247457223,0.785804595980518,1.7736298606293528,3.866644553394859,1.0000000000000002,1.773629860629353
user_0403,0.3187344573163122,0.41632463342144466,0.1492176078251637,0.37646018850713203,0.7544160972381253,1.0040167680184025,2.0151529843081777,1.0000000000000002,1.0040167680184027
user_0404,0.47351882041221993,0.8493409322600405,0.3007364187951478,0.7075767974879722,0.8057761599348869,1.4785068922224924,3.1369491288902673,1.0,1.4785068922224924
user_0405,0.9147411738159055,0.5623859495869091,0.9677861885466267,0.5572867581992731,0.13409275105907803,1.5550526919880638,3.136292821207792,0.9999999999999999,1.5550526919880638
user_0406,0.24285851608958575,0.2033367330600544,0.6467058515479447,0.9222261045112223,0.8471333859196118,1.4445381634476446,2.8622605911284187,1.0,1.4445381634476446
user_0407,0.09246399652686366,0.7245847123072019,0.1904816184307383,0.2684615878549812,0.6736719206345785,1.0467861881626654,1.9496638357543634,1.0,1.0467861881626654
user_0408,0.6029220449890759,0.8736204584895396,0.18816329393275533,0.76169641753721,0.7243052398521491,1.5056336327191973,3.1507074548007297,1.0,1.5056336327191973
user_0409,0.5588504762725273,0.4793942064709148,0.8694738515245379,0.3329643108188213,0.9570197605266731,1.5247522726103433,3.197702605613474,0.9999999999999999,1.5247522726103433
user_0410,0.015333706228492838,0.9371597632022477,0.962077556114459,0.11731619944333449,0.9995720070178117,1.6783932960294523,3.0314592320063456,1.0,1.6783932960294523
user_0411,0.4789208763423658,0.24259318184574152,0.6044015340787812,0.2045131429778937,0.9151264595935564,1.2380629768999225,2.445555194838339,1.0,1.2380629768999225
user_0412,0.5520792925478145,0.7755138820637703,0.38066174437292255,0.533650127416263,0.35925955555157574,1.2103580366607478,2.601164601952346,1.0,1.210358036660748
user_0413,0.2615616273853526,0.5128165400237735,0.49727729310098334,0.09860823156548004,0.9813184568465767,1.2455478681915393,2.3515821489221667,1.0,1.2455478681915393
user_0414,0.4694904220225584,0.8397311815636849,0.9143304988974891,0.37070492143125844,0.4139301705786246,1.4388642395180993,3.0081871944936154,1.0000000000000002,1.4388642395180995
user_0415,0.5625247274643543,0.22127409831622524,0.14592271310254856,0.26077410990976957,0.9347582502963535,1.1525909320700238,2.1252538990892513,1.0,1.1525909320700238
user_0416,0.5791429260374005,0.4175780735551736,0.15241141018414328,0.3298652859778599,0.37983977474115416,0.8866208747915859,1.8588374704957313,1.0000000000000002,0.886620874791586
user_0417,0.8333627152869851,0.4993014823693225,0.6546079661210219,0.6848466123459062,0.2573267576348828,1.3811368206924128,2.9294455337581184,1.0,1.3811368206924128
user_0418,0.8215919396923563,0.9665082672503437,0.6416944543987072,0.4905955825807824,0.168233645951541,1.5132448262309341,3.0886238898737304,0.9999999999999999,1.5132448262309341
user_0419,0.7949755143536341,0.16926571086018172,0.7203135307620937,0.4883163212541324,0.9168993896943668,1.5028791875326684,3.0897704669244086,1.0,1.5028791875326684
user_0420,0.5421368553513551,0.6418094631823665,0.05873205158073014,0.03382375716469055,0.8466973831827224,1.1947057027070647,2.123199510461865,1.0,1.1947057027070647
user_0421,0.9451881112008982,0.6682155433931528,0.7643388435720192,0.4123922224155927,0.8425447168253485,1.6745313943727413,3.6326794374070115,1.0,1.6745313943727413
user_0422,0.2314333920774455,0.7071695637034598,0.009141461690661767,0.5057329196930651,0.3732006926868119,0.9740525223015669,1.826678029851444,0.9999999999999999,0.9740525223015669
user_0423,0.617835235876803,0.6667547295533397,0.6165193610843379,0.4832041536218251,0.48785438400307124,1.2953248722744934,2.872167864139377,1.0,1.2953248722744934
user_0424,0.0066123569921588965,0.5516435609112569,0.011850968127892436,0.5294176468416506,0.274740737197832,0.8125640309961859,1.374265270070791,1.0000000000000002,0.8125640309961859
user_0425,0.9774793482325117,0.0171425976024272,0.8131572209139099,0.6740329521192103,0.8061676989474289,1.6496094053341166,3.287979817815488,1.0,1.6496094053341166
user_0426,0.9097733659987661,0.1070164286944929,0.09631389025140846,0.14889748574025052,0.1919320569916132,0.9525884917987455,1.453933227676531,1.0,0.9525884917987455
user_0427,0.5264559854002162,0.8152143907132826,0.2673247366766358,0.39689642249807144,0.37305158346368217,1.1445030259223878,2.378943118751888,1.0,1.1445030259223878
user_0428,0.40602740987388597,0.5650021824479691,0.9902330316397273,0.22585725262742218,0.6840416254703855,1.408393277685904,2.87116150205939,1.0,1.408393277685904
user_0429,0.8478671020315357,0.6537357195591531,0.8582191590211872,0.7595858501768448,0.09350050542710941,1.5711467617475832,3.212908336215831,1.0000000000000002,1.5711467617475834
user_0430,0.3792640222398159,0.5527014395296953,0.0561149391289657,0.009450172654130617,0.17138357522104763,0.69421221671468,1.1689141487736552,0.9999999999999999,0.69421221671468
user_0431,0.499858393112792,0.4339096519716623,0.7843763107901112,0.565856627951035,0.8579603133636694,1.452470935637398,3.14196129718927,1.0000000000000002,1.4524709356373982
user_0432,0.09536183547073007,0.528159185641648,0.042551757617045105,0.21141705588454718,0.8681168905816056,1.0431590311885626,1.745606725195576,1.0,1.0431590311885626
user_0433,0.8875543070344936,0.4755002876452733,0.046561970741743286,0.07434805992565108,0.9255848100809232,1.3704948242415291,2.409549435428084,0.9999999999999999,1.3704948242415291
user_0434,0.8993116508650086,0.5635098640479835,0.03290178015347189,0.9287663612546593,0.31448469322665096,1.4453009774681096,2.738974349547774,1.0,1.4453009774681096
user_0435,0.9614691898760058,0.5870361040844884,0.7522544698468651,0.7127113999493597,0.398296020395122,1.5816189292824214,3.4117671841518415,0.9999999999999999,1.5816189292824214
user_0436,0.07693749144134587,0.16245025071470587,0.2404721943042868,0.834650560091752,0.3891566073673588,0.9686179640597342,1.7036671039194493,0.9999999999999997,0.968617964059734
user_0437,0.8965257670027198,0.33172983962182856,0.7556092645208923,0.1399505942351973,0.9884779579141031,1.5752534209243805,3.112293423294741,0.9999999999999999,1.5752534209243805
user_0438,0.7241635700943149,0.5007928516377251,0.9743233274359964,0.0536964319473936,0.43708825284349917,1.3850782470556686,2.6900644339589297,1.0000000000000002,1.3850782470556688
user_0439,0.838674657613175,0.34059274647510596,0.7690056533654424,0.9548583969146658,0.3967030493089595,1.5747622559204024,3.299834503677349,1.0000000000000002,1.5747622559204026
user_0440,0.7735549161313224,0.029625658945165112,0.2733270286287973,0.9925858784507974,0.49060345611079326,1.37836534698378,2.5596969382668755,1.0,1.37836534698378
user_0441,0.3558111977058479,0.9411428449707254,0.4318479462395447,0.6796948580881589,0.6606719075148755,1.448211511214643,3.0691687545191524,1.0,1.448211511214643
user_0442,0.08569411763673573,0.6186158902598878,0.7980551738027466,0.7131085326783857,0.08203800967314856,1.2418434588637797,2.2975117240509046,1.0,1.24184345886378
user_0443,0.15422096386551842,0.7116771547786167,0.6339008819630509,0.7396552889765946,0.31667822868153617,1.2567712017367583,2.5561325182653167,1.0,1.2567712017367583
user_0444,0.10655091771126113,0.005195222370030117,0.30826745513629805,0.3599174973468966,0.2697664432393865,0.5556288789212436,1.0496975358038725,1.0,0.5556288789212436
user_0445,0.1325070044941994,0.18739178352787722,0.44884367702145145,0.5547400006088677,0.4080441750831375,0.8534465128352956,1.7315266407355332,1.0,0.8534465128352957
user_0446,0.0262619040132972,0.35391428734525887,0.09306426045987415,0.5980437977942729,0.32443033057241266,0.772992490545653,1.3957145801851158,1.0000000000000002,0.7729924905456531
user_0447,0.3852379173959837,0.291847351296321,0.3877995593783937,0.08469951692852251,0.9011360448564331,1.0969010015583764,2.050720389855654,1.0000000000000002,1.0969010015583767
user_0448,0.9052075743133589,0.9781730640138873,0.5719604307495395,0.1695829233923255,0.38073202348874313,1.5089987646502268,3.005656015957854,1.0000000000000002,1.508998764650227
user_0449,0.13884005895941676,0.30113126537506874,0.4931239422107847,0.0632671502769544,0.43467626926274494,0.7389682095354947,1.4310386860849695,1.0,0.7389682095354948
user_0450,0.4211023397725243,0.4842313139339285,0.07692136139515715,0.25169973778890287,0.24659006834700292,0.7361273406180073,1.4805448212375159,1.0000000000000002,0.7361273406180074
user_0451,0.6250336877688947,0.5938063980390786,0.19554822488026047,0.106972367580902,0.30465799575125696,0.9411545246414036,1.8260186740203928,1.0,0.9411545246414037
user_0452,0.9488234623945652,0.33221721531162696,0.6201921878746893,0.8040764619573825,0.3295417162792602,1.4664273900479352,3.034851043817524,1.0,1.4664273900479352
user_0453,0.334736223746957,0.8154754700030031,0.8595084671008352,0.9742253765046068,0.1361244715782648,1.5758960443731762,3.1200700089336673,1.0,1.5758960443731762
user_0454,0.32066515537508766,0.9472789220161162,0.2008514887020717,0.31418328119544137,0.9645746230947939,1.438617446085922,2.7475534703835107,1.0,1.4386174460859222
user_0455,0.9687252217466955,0.2914481515800532,0.69495776767211,0.4910073128921023,0.5758792816249606,1.4418952831165723,3.0220177355159215,1.0,1.4418952831165723
user_0456,0.2424242967805731,0.3760553023241471,0.8164945154329131,0.3929351297394599,0.11388782361199812,1.016965523682161,1.941797067889091,1.0000000000000002,1.0169655236821613
user_0457,0.5638505086287859,0.5922270342503855,0.5456290854508221,0.6817126331300877,0.5500991569974728,1.3167051878709737,2.933518418457554,1.0,1.3167051878709737
user_0458,0.953004611486296,0.46162222283314847,0.7083670512560635,0.4384549543089086,0.2913312079852953,1.3784822687060476,2.8527800478697114,1.0,1.3784822687060478
user_0459,0.6928352793243427,0.8189655680044585,0.7956568359959544,0.4091415902449015,0.49930321528896027,1.4834067777202649,3.2159024888586174,1.0,1.4834067777202649
user_0460,0.6333360396536636,0.24202116767079884,0.6586629685323181,0.7152363912994262,0.7890767632200629,1.4239841728522147,3.0383333303762696,0.9999999999999999,1.4239841728522147
user_0461,0.07396513558228845,0.990700614436968,0.4792346997726262,0.40080509732937364,0.506612643029509,1.2782509700040148,2.451318190150765,0.9999999999999999,1.2782509700040148
user_0462,0.9203921844782957,0.6917088658981076,0.5436452033874777,0.7907209170492592,0.3595294930162599,1.541309203432179,3.3059966638294003,1.0,1.5413092034321791
user_0463,0.8955015153608991,0.5369059860245878,0.6381803670108411,0.08498193405098775,0.7689540479200405,1.4477490941487257,2.924523850367356,0.9999999999999999,1.4477490941487257
user_0464,0.6576016445807656,0.3550088194484896,0.6469998479834043,0.044296693527849595,0.9836082059519827,1.3951800199277742,2.687515211492492,1.0,1.3951800199277742
user_0465,0.6774718958641857,0.3996177462250823,0.7526827777296058,0.9657167777138282,0.43045554389018226,1.5175950535957725,3.225944741422884,0.9999999999999999,1.5175950535957725
user_0466,0.010547772784579967,0.25873837040365544,0.5106762405250447,0.5187977668493495,0.5805182955240041,0.9664365663573655,1.8792784460866336,1.0000000000000002,0.9664365663573657
user_0467,0.5752353982704261,0.44577855150490675,0.39113416867750284,0.772342232462432,0.5885899565401472,1.27497093272638,2.773080307455415,0.9999999999999998,1.27497093272638
user_0468,0.5004657816197345,0.3449673875995183,0.02456265302576932,0.10454935800606169,0.41597542852571256,0.7443372531317927,1.3905206087767965,0.9999999999999999,0.7443372531317927
user_0469,0.9617278656799704,0.11606933795897467,0.940676158146193,0.1416751768315483,0.31189034389754144,1.393058382010978,2.472038882514228,1.0000000000000002,1.3930583820109783
user_0470,0.4553326352258771,0.2068673262083145,0.48292599877938847,0.4761625312091635,0.4381659382730271,0.9497681639440168,2.0594544296957706,1.0000000000000002,0.9497681639440169
user_0471,0.6967632655236661,0.31890947421770044,0.3002640831819403,0.8101859369186981,0.11508526669878594,1.160597557971782,2.2412080265407908,1.0,1.160597557971782
user_0472,0.8491800080469097,0.6479699172777137,0.677139332890884,0.16435409285070324,0.9839004705882779,1.6107643464430048,3.322543821654489,1.0,1.6107643464430048
user_0473,0.2439129465519927,0.17445323282413394,0.1601357112153593,0.5598489524898631,0.9584626217339497,1.1608842960476418,2.0968134648152987,1.0,1.1608842960476418
user_0474,0.23185554741141035,0.40504743628025286,0.18445177515139366,0.6404788766600781,0.4321344524292825,0.9213013916646723,1.8939680879324174,1.0,0.9213013916646723
user_0475,0.02919227434239058,0.6141069373719198,0.19732443578224634,0.5922031583603683,0.3888357803557071,0.9585480150849041,1.821662586212632,1.0,0.9585480150849042
user_0476,0.7047356159597344,0.20578447936732192,0.7523254953604916,0.8087297886312608,0.06256375146916437,1.3277617577477874,2.534139130787973,1.0,1.3277617577477874
user_0477,0.10175204872714239,0.8719793300098851,0.1869598356320934,0.3259849115988185,0.45755042220618547,1.0589022442961327,1.944226548174125,1.0,1.0589022442961327
user_0478,0.2623533954523609,0.8626365474573073,0.5277150196277827,0.6391085856661506,0.5969708292829935,1.3624566834737204,2.888784377486595,1.0,1.3624566834737204
user_0479,0.6113084211390019,0.587004714565218,0.3479246374367544,0.8455178026695592,0.617362679336425,1.3911725653136486,3.009118255146958,1.0,1.3911725653136486
user_0480,0.8137382542609338,0.70598836094598,0.2974448346993519,0.6144845157129195,0.0847519686230278,1.2782163581196138,2.516407934242213,1.0,1.2782163581196138
user_0481,0.13394776965071065,0.11786165266165671,0.3053800025354989,0.1830445183314835,0.6934365417164455,0.7996560843199948,1.4336704848957953,1.0,0.7996560843199948
user_0482,0.5108248694871609,0.4182391062112586,0.13786729853455748,0.383709962837687,0.18575369929276564,0.7978791648100798,1.6363949363634296,1.0000000000000002,0.7978791648100799
user_0483,0.6355016420586352,0.6934329265293553,0.6452600950799504,0.999899552563092,0.5549125758324974,1.6151777713272937,3.5290067920635306,1.0,1.6151777713272937
user_0484,0.48964202619220887,0.14029653509779705,0.3145800146608443,0.45100097074665113,0.05361126263083682,0.75144464885537,1.449130809328338,1.0,0.75144464885537
user_0485,0.3590391721713688,0.009583439563281226,0.1365347146624959,0.8152159406538618,0.9638290894149398,1.319540162812003,2.2842023564659475,1.0,1.319540162812003
user_0486,0.5054380197306704,0.49496984786640363,0.6846966705599865,0.4156304352741119,0.8398918021012227,1.3592053453121313,2.9406267755323956,1.0000000000000002,1.3592053453121316
user_0487,0.48869951193968564,0.08267062578646689,0.030860705643004804,0.7610566185454242,0.2920899095587066,0.9545353426608183,1.655377371473288,0.9999999999999999,0.9545353426608183
user_0488,0.274852918273534,0.5376086182048194,0.1682089774365737,0.45732138727344906,0.742518251929787,1.0739355748127584,2.1805101531181634,0.9999999999999999,1.0739355748127584
user_0489,0.7659195549436907,0.5497261845380513,0.11321099529202316,0.11420665135896879,0.7751130278639955,1.2310531009042767,2.3181764139967296,1.0,1.2310531009042767
user_0490,0.8232828079975666,0.3668617721054209,0.8226109277962613,0.04161052227023332,0.7189802411300433,1.4169456245761622,2.773346271299525,0.9999999999999999,1.4169456245761622
user_0491,0.5463532747219646,0.9897757278766832,0.1024164388774983,0.8300707165425397,0.7513454947436722,1.5944229257567266,3.2199616527623576,1.0000000000000002,1.5944229257567268
user_0492,0.29770893510289365,0.9993126692789077,0.44973234283041374,0.3485769768223138,0.8167285851164385,1.4415502390572625,2.912059509150968,1.0,1.4415502390572625
user_0493,0.43906990338333296,0.9939576843186171,0.7756316498807736,0.23694605536668123,0.8107027168394102,1.579785125520075,3.256308009788815,0.9999999999999999,1.579785125520075
user_0494,0.5879238969768106,0.3506308411139897,0.7107539594937995,0.6327706309271385,0.1659816176902592,1.183940984630493,2.4480609462019975,1.0000000000000002,1.1839409846304931
user_0495,0.1392349659267761,0.20661965618677336,0.206942720751766,0.05935783363934111,0.35081547895283094,0.48114259884027544,0.9629706554574875,1.0000000000000002,0.4811425988402755
user_0496,0.281085018790198,0.538768546047638,0.32365361585468166,0.7040537617551885,0.2893332434649436,1.0263709964091725,2.1368941859126496,1.0,1.0263709964091725
user_0497,0.26734306627808013,0.8580168449462576,0.9854883022617942,0.67929931592331,0.09522516381434276,1.4997892544056566,2.8853726932237844,0.9999999999999999,1.4997892544056566
user_0498,0.962771994993792,0.7856910482912973,0.9187687118298253,0.9924862256446744,0.8670475904337784,2.0310531050955496,4.526765571193367,1.0,2.0310531050955496
user_0499,0.12688816861381025,0.8660787949911568,0.24967724193813978,0.711394848839169,0.8284818026986326,1.421617578664184,2.7825208570809083,1.0,1.421617578664184
