event_id,category,event_date,tickets_sold,gross_revenue,net_profit,roi,total_conversions,total_marketing_cost,payment_processing_fee,platform_fee,total_costs,conversion_rate,marketing_start_days_before,marketing_duration_days
event_0000,outdoor,1776319676.16252,30,1500.0,-720.0,-0.32432432432432434,30,2100.0,45.0,75.0,2220.0,0.0015,52.75325963511851,51.61266964236789
event_0001,outdoor,1766869594.8242035,30,1500.0,-720.0,-0.32432432432432434,30,2100.0,45.0,75.0,2220.0,0.0015,42.412737278188665,33.8756703397872
event_0002,outdoor,1772899682.8484986,30,1500.0,-720.0,-0.32432432432432434,30,2100.0,45.0,75.0,2220.0,0.0015,32.63009223721839,48.27407586039841
event_0003,outdoor,1771610028.9584944,30,1500.0,-720.0,-0.32432432432432434,30,2100.0,45.0,75.0,2220.0,0.0015,37.7898011785875,44.10399529234083
event_0004,outdoor,1774714729.8712065,30,1500.0,-720.0,-0.32432432432432434,30,2100.0,45.0,75.0,2220.0,0.0015,44.932233428769806,50.62345007834883
event_0005,outdoor,1770875872.202843,30,1500.0,-720.0,-0.32432432432432434,30,2100.0,45.0,75.0,2220.0,0.0015,43.946569031207424,50.30851149038911
event_0006,outdoor,1771900480.5228412,30,1500.0,-720.0,-0.32432432432432434,30,2100.0,45.0,75.0,2220.0,0.0015,40.489501333329564,50.569218500331786
event_0007,outdoor,1769790765.7784886,30,1500.0,-720.0,-0.32432432432432434,30,2100.0,45.0,75.0,2220.0,0.0015,39.008519837265375,43.399820782764756
event_0008,outdoor,1781039442.4702415,30,1500.0,-720.0,-0.32432432432432434,30,2100.0,45.0,75.0,2220.0,0.0015,58.80338475758971,51.29719755737196
event_0009,outdoor,1773038313.4749882,30,1500.0,-720.0,-0.32432432432432434,30,2100.0,45.0,75.0,2220.0,0.0015,31.066747526597727,31.80110908658709
event_0010,outdoor,1768863350.6836905,30,1500.0,-720.0,-0.32432432432432434,30,2100.0,45.0,75.0,2220.0,0.0015,54.424998703737494,53.978119349422826
event_0011,outdoor,1766553863.4461577,30,1500.0,-720.0,-0.32432432432432434,30,2100.0,45.0,75.0,2220.0,0.0015,30.561552913843645,44.167133980943355
event_0012,outdoor,1774160425.8230612,30,1500.0,-720.0,-0.32432432432432434,30,2100.0,45.0,75.0,2220.0,0.0015,55.22217460673447,37.496267702738386
event_0013,outdoor,1778233878.5556717,30,1500.0,-720.0,-0.32432432432432434,30,2100.0,45.0,75.0,2220.0,0.0015,33.505339145197055,49.90563023867551
event_0014,outdoor,1781102268.3661773,30,1500.0,-720.0,-0.32432432432432434,30,2100.0,45.0,75.0,2220.0,0.0015,56.31146197862377,38.40434015284015
event_0015,outdoor,1774581693.3348315,30,1500.0,-720.0,-0.32432432432432434,30,2100.0,45.0,75.0,2220.0,0.0015,31.12185108165228,33.65875558237663
event_0016,outdoor,1776821386.1891975,30,1500.0,-720.0,-0.32432432432432434,30,2100.0,45.0,75.0,2220.0,0.0015,40.20347712717282,41.53721440217159
event_0017,outdoor,1776190223.7843676,30,1500.0,-720.0,-0.32432432432432434,30,2100.0,45.0,75.0,2220.0,0.0015,59.46820421621736,42.452105365306764
event_0018,outdoor,1768433024.4642744,30,1500.0,-720.0,-0.32432432432432434,30,2100.0,45.0,75.0,2220.0,0.0015,33.47507961186242,36.70747689981346
event_0019,outdoor,1767217780.8967376,30,1500.0,-720.0,-0.32432432432432434,30,2100.0,45.0,75.0,2220.0,0.0015,33.093084883819,49.45304517784386
event_0020,outdoor,1770707244.682763,30,1500.0,-720.0,-0.32432432432432434,30,2100.0,45.0,75.0,2220.0,0.0015,36.01666536760605,36.023886559502685
event_0021,outdoor,1779377211.5960662,30,1500.0,-720.0,-0.32432432432432434,30,2100.0,45.0,75.0,2220.0,0.0015,33.43381181700305,54.832345526236736
event_0022,outdoor,1768935747.1049395,30,1500.0,-720.0,-0.32432432432432434,30,2100.0,45.0,75.0,2220.0,0.0015,58.29833456226148,50.512079476799784
event_0023,outdoor,1770989710.6949944,30,1500.0,-720.0,-0.32432432432432434,30,2100.0,45.0,75.0,2220.0,0.0015,31.521785511838047,28.811795213673978
event_0024,outdoor,1769265260.386075,30,1500.0,-720.0,-0.32432432432432434,30,2100.0,45.0,75.0,2220.0,0.0015,51.1403278103742,52.95572504846136
event_0025,outdoor,1767650316.5151591,30,1500.0,-720.0,-0.32432432432432434,30,2100.0,45.0,75.0,2220.0,0.0015,35.9444141491276,49.235271295788635
event_0026,outdoor,1771292498.3493228,30,1500.0,-720.0,-0.32432432432432434,30,2100.0,45.0,75.0,2220.0,0.0015,32.78748522986122,50.46581394785116
event_0027,outdoor,1780074510.2220745,30,1500.0,-720.0,-0.32432432432432434,30,2100.0,45.0,75.0,2220.0,0.0015,44.116376243165334,54.528551565604246
event_0028,outdoor,1776761919.137041,30,1500.0,-720.0,-0.32432432432432434,30,2100.0,45.0,75.0,2220.0,0.0015,57.51793265309496,37.249182776255935
event_0029,outdoor,1771707784.8286636,30,1500.0,-720.0,-0.32432432432432434,30,2100.0,45.0,75.0,2220.0,0.0015,44.359562574604524,51.68145534979137
event_0030,outdoor,1778367756.749304,30,1500.0,-720.0,-0.32432432432432434,30,2100.0,45.0,75.0,2220.0,0.0015,51.428192584982014,30.995476254257206
event_0031,outdoor,1772117357.5840366,30,1500.0,-720.0,-0.32432432432432434,30,2100.0,45.0,75.0,2220.0,0.0015,37.15725875367407,34.823349709380956
event_0032,outdoor,1776747458.995107,30,1500.0,-720.0,-0.32432432432432434,30,2100.0,45.0,75.0,2220.0,0.0015,42.934454929302774,55.44574633382189
event_0033,outdoor,1780752937.0084994,30,1500.0,-720.0,-0.32432432432432434,30,2100.0,45.0,75.0,2220.0,0.0015,52.18101134841068,47.93344700394029
event_0034,outdoor,1780659074.560824,30,1500.0,-720.0,-0.32432432432432434,30,2100.0,45.0,75.0,2220.0,0.0015,43.35648697082117,36.62500025901747
event_0035,outdoor,1781412369.939063,30,1500.0,-720.0,-0.32432432432432434,30,2100.0,45.0,75.0,2220.0,0.0015,39.82224728784601,46.05969523254494
event_0036,outdoor,1775653186.7504723,30,1500.0,-720.0,-0.32432432432432434,30,2100.0,45.0,75.0,2220.0,0.0015,54.29518103603668,49.198176086755915
event_0037,outdoor,1766401613.351759,30,1500.0,-720.0,-0.32432432432432434,30,2100.0,45.0,75.0,2220.0,0.0015,36.169850457053656,52.567909873014216
event_0038,outdoor,1774262079.7756593,30,1500.0,-720.0,-0.32432432432432434,30,2100.0,45.0,75.0,2220.0,0.0015,51.53373665718294,53.623301607664
event_0039,outdoor,1769081783.834504,30,1500.0,-720.0,-0.32432432432432434,30,2100.0,45.0,75.0,2220.0,0.0015,55.57515538353875,29.747495638864045
event_0040,outdoor,1774325088.5922964,30,1500.0,-720.0,-0.32432432432432434,30,2100.0,45.0,75.0,2220.0,0.0015,33.29094950733658,35.901858897797986
event_0041,outdoor,1778057010.9079363,30,1500.0,-720.0,-0.32432432432432434,30,2100.0,45.0,75.0,2220.0,0.0015,42.18097963517123,40.18532135533784
event_0042,outdoor,1767507935.2131813,30,1500.0,-720.0,-0.32432432432432434,30,2100.0,45.0,75.0,2220.0,0.0015,40.80863665937543,39.68259385466191
event_0043,outdoor,1769778727.952608,30,1500.0,-720.0,-0.32432432432432434,30,2100.0,45.0,75.0,2220.0,0.0015,34.319876593650704,52.77688310762969
event_0044,outdoor,1777561459.2386668,30,1500.0,-720.0,-0.32432432432432434,30,2100.0,45.0,75.0,2220.0,0.0015,55.80458286166831,53.02030913598833
event_0045,outdoor,1774482565.2820036,30,1500.0,-720.0,-0.32432432432432434,30,2100.0,45.0,75.0,2220.0,0.0015,54.60214274750183,38.77201209924074
event_0046,outdoor,1769971889.1256356,30,1500.0,-720.0,-0.32432432432432434,30,2100.0,45.0,75.0,2220.0,0.0015,51.36389996895093,35.53901254760815
event_0047,outdoor,1779328434.0584862,30,1500.0,-720.0,-0.32432432432432434,30,2100.0,45.0,75.0,2220.0,0.0015,41.057357962391755,44.247525881848645
event_0048,outdoor,1777800339.5057857,30,1500.0,-720.0,-0.32432432432432434,30,2100.0,45.0,75.0,2220.0,0.0015,52.517466272161116,35.82377041144831
event_0049,outdoor,1772663243.4313314,30,1500.0,-720.0,-0.32432432432432434,30,2100.0,45.0,75.0,2220.0,0.0015,49.91210817405828,46.724079893427295
event_0050,outdoor,1776371353.1187441,30,1500.0,-720.0,-0.32432432432432434,30,2100.0,45.0,75.0,2220.0,0.0015,46.050997848479554,28.30193520432954
event_0051,outdoor,1781168437.0649743,30,1500.0,-720.0,-0.32432432432432434,30,2100.0,45.0,75.0,2220.0,0.0015,59.332815438111844,36.249302477373455
event_0052,outdoor,1767442463.4901843,30,1500.0,-720.0,-0.32432432432432434,30,2100.0,45.0,75.0,2220.0,0.0015,37.81329409660796,45.62040151095759
event_0053,outdoor,1776786734.5444317,30,1500.0,-720.0,-0.32432432432432434,30,2100.0,45.0,75.0,2220.0,0.0015,30.818942625853936,41.57328526906881
event_0054,outdoor,1780821363.8359704,30,1500.0,-720.0,-0.32432432432432434,30,2100.0,45.0,75.0,2220.0,0.0015,38.256513444600635,35.194760176522166
event_0055,outdoor,1778758236.2654693,30,1500.0,-720.0,-0.32432432432432434,30,2100.0,45.0,75.0,2220.0,0.0015,41.093004898989356,32.91118221964741
event_0056,outdoor,1772008058.9675782,30,1500.0,-720.0,-0.32432432432432434,30,2100.0,45.0,75.0,2220.0,0.0015,59.5221497307125,55.08567774341976
event_0057,outdoor,1780677204.3930547,30,1500.0,-720.0,-0.32432432432432434,30,2100.0,45.0,75.0,2220.0,0.0015,41.49500978841203,46.49868408087775
event_0058,outdoor,1773602456.6655164,30,1500.0,-720.0,-0.32432432432432434,30,2100.0,45.0,75.0,2220.0,0.0015,37.93186487752585,50.9468682650316
event_0059,outdoor,1771668260.2817938,30,1500.0,-720.0,-0.32432432432432434,30,2100.0,45.0,75.0,2220.0,0.0015,57.67377746087033,34.542516728002
event_0060,outdoor,1778166287.283862,30,1500.0,-720.0,-0.32432432432432434,30,2100.0,45.0,75.0,2220.0,0.0015,38.66376666588094,50.3246532422824
event_0061,outdoor,1774982921.9892223,30,1500.0,-720.0,-0.32432432432432434,30,2100.0,45.0,75.0,2220.0,0.0015,45.93880056681279,37.90718664804952
event_0062,outdoor,1774709066.9825509,30,1500.0,-720.0,-0.32432432432432434,30,2100.0,45.0,75.0,2220.0,0.0015,54.06949082723486,35.14962972940215
event_0063,outdoor,1781624211.917856,30,1500.0,-720.0,-0.32432432432432434,30,2100.0,45.0,75.0,2220.0,0.0015,53.11491858845778,42.558665018136686
event_0064,outdoor,1781527545.3614128,30,1500.0,-720.0,-0.32432432432432434,30,2100.0,45.0,75.0,2220.0,0.0015,32.03855864971013,39.51496546518479
event_0065,outdoor,1773675371.8804622,30,1500.0,-720.0,-0.32432432432432434,30,2100.0,45.0,75.0,2220.0,0.0015,31.021252875857158,45.34312226306167
event_0066,outdoor,1767527436.5047185,30,1500.0,-720.0,-0.32432432432432434,30,2100.0,45.0,75.0,2220.0,0.0015,33.653703937249276,54.81826945662021
event_0067,outdoor,1772847648.9738762,30,1500.0,-720.0,-0.32432432432432434,30,2100.0,45.0,75.0,2220.0,0.0015,54.09600197534982,33.17352125859294
event_0068,outdoor,1777885179.4717987,30,1500.0,-720.0,-0.32432432432432434,30,2100.0,45.0,75.0,2220.0,0.0015,43.603312951928835,55.86692645951166
event_0069,outdoor,1766416923.430823,30,1500.0,-720.0,-0.32432432432432434,30,2100.0,45.0,75.0,2220.0,0.0015,53.42193895742231,35.76404948352997
event_0070,outdoor,1778627612.0633128,30,1500.0,-720.0,-0.32432432432432434,30,2100.0,45.0,75.0,2220.0,0.0015,35.3378845990989,29.943157477440014
event_0071,outdoor,1768955741.8108635,30,1500.0,-720.0,-0.32432432432432434,30,2100.0,45.0,75.0,2220.0,0.0015,46.21896470383719,40.07510013963894
event_0072,outdoor,1773183336.4391685,30,1500.0,-720.0,-0.32432432432432434,30,2100.0,45.0,75.0,2220.0,0.0015,32.11236981407059,48.37126424176021
event_0073,outdoor,1766697943.9279668,30,1500.0,-720.0,-0.32432432432432434,30,2100.0,45.0,75.0,2220.0,0.0015,31.13506898237895,38.93354698613451
event_0074,outdoor,1775478356.925224,30,1500.0,-720.0,-0.32432432432432434,30,2100.0,45.0,75.0,2220.0,0.0015,53.12971886039065,41.38790393031846
event_0075,outdoor,1771504417.168883,30,1500.0,-720.0,-0.32432432432432434,30,2100.0,45.0,75.0,2220.0,0.0015,41.53271621931091,47.29931663649787
event_0076,outdoor,1779204578.4581378,30,1500.0,-720.0,-0.32432432432432434,30,2100.0,45.0,75.0,2220.0,0.0015,39.08484229459199,29.545450849113095
event_0077,outdoor,1774916774.4199579,30,1500.0,-720.0,-0.32432432432432434,30,2100.0,45.0,75.0,2220.0,0.0015,55.23544761381433,49.292686264680526
event_0078,outdoor,1769869855.2487593,30,1500.0,-720.0,-0.32432432432432434,30,2100.0,45.0,75.0,2220.0,0.0015,38.96611035523168,38.92293230519369
event_0079,outdoor,1770627614.5865877,30,1500.0,-720.0,-0.32432432432432434,30,2100.0,45.0,75.0,2220.0,0.0015,35.68393486885941,28.99955208157447
event_0080,outdoor,1780050592.512941,30,1500.0,-720.0,-0.32432432432432434,30,2100.0,45.0,75.0,2220.0,0.0015,49.302229130505964,41.9911562424177
event_0081,outdoor,1775394279.0590577,30,1500.0,-720.0,-0.32432432432432434,30,2100.0,45.0,75.0,2220.0,0.0015,40.13155813242015,48.18833569585388
event_0082,outdoor,1780883028.8737867,30,1500.0,-720.0,-0.32432432432432434,30,2100.0,45.0,75.0,2220.0,0.0015,56.1060008870636,43.023719014009096
event_0083,outdoor,1780580976.5628338,30,1500.0,-720.0,-0.32432432432432434,30,2100.0,45.0,75.0,2220.0,0.0015,30.57189020616255,53.40100858885448
event_0084,outdoor,1773222952.7672565,30,1500.0,-720.0,-0.32432432432432434,30,2100.0,45.0,75.0,2220.0,0.0015,57.13987051859587,50.98069824444889
event_0085,outdoor,1767624374.4585545,30,1500.0,-720.0,-0.32432432432432434,30,2100.0,45.0,75.0,2220.0,0.0015,33.42539045895863,44.65936740023572
event_0086,outdoor,1780697599.937134,30,1500.0,-720.0,-0.32432432432432434,30,2100.0,45.0,75.0,2220.0,0.0015,52.137852090239036,39.256241091181174
event_0087,outdoor,1777168416.6766634,30,1500.0,-720.0,-0.32432432432432434,30,2100.0,45.0,75.0,2220.0,0.0015,36.39695512448874,29.276423279988666
event_0088,outdoor,1769175555.286328,30,1500.0,-720.0,-0.32432432432432434,30,2100.0,45.0,75.0,2220.0,0.0015,41.09782030137056,32.620171549040926
event_0089,outdoor,1766521459.4468892,30,1500.0,-720.0,-0.32432432432432434,30,2100.0,45.0,75.0,2220.0,0.0015,41.28393168248124,32.41710251895822
event_0090,outdoor,1772974163.2038467,30,1500.0,-720.0,-0.32432432432432434,30,2100.0,45.0,75.0,2220.0,0.0015,47.811915700193154,35.94448327760564
event_0091,outdoor,1777250498.8380759,30,1500.0,-720.0,-0.32432432432432434,30,2100.0,45.0,75.0,2220.0,0.0015,38.12849242756222,40.611735668308114
event_0092,outdoor,1769954111.809275,30,1500.0,-720.0,-0.32432432432432434,30,2100.0,45.0,75.0,2220.0,0.0015,48.36149453005896,30.464593422125027
event_0093,outdoor,1771179834.8041344,30,1500.0,-720.0,-0.32432432432432434,30,2100.0,45.0,75.0,2220.0,0.0015,59.59810574282683,55.35016142337879
event_0094,outdoor,1772065126.9090292,30,1500.0,-720.0,-0.32432432432432434,30,2100.0,45.0,75.0,2220.0,0.0015,48.79392735496025,33.82704368039924
event_0095,outdoor,1771643010.2200298,30,1500.0,-720.0,-0.32432432432432434,30,2100.0,45.0,75.0,2220.0,0.0015,44.925445134116075,32.473268618911455
event_0096,outdoor,1772555854.1663046,30,1500.0,-720.0,-0.32432432432432434,30,2100.0,45.0,75.0,2220.0,0.0015,48.50458051379479,52.922228613759756
event_0097,outdoor,1779165544.4615817,30,1500.0,-720.0,-0.32432432432432434,30,2100.0,45.0,75.0,2220.0,0.0015,30.871956754862083,42.41730409301685
event_0098,outdoor,1773595599.3177931,30,1500.0,-720.0,-0.32432432432432434,30,2100.0,45.0,75.0,2220.0,0.0015,52.41260260571224,53.15443719267233
event_0099,outdoor,1768485157.8783839,30,1500.0,-720.0,-0.32432432432432434,30,2100.0,45.0,75.0,2220.0,0.0015,35.99867493857422,52.95822419359205
event_0100,outdoor,1780979463.8708816,30,1500.0,-720.0,-0.32432432432432434,30,2100.0,45.0,75.0,2220.0,0.0015,48.2830065015683,32.98570143316126
event_0101,outdoor,1772567178.3168633,30,1500.0,-720.0,-0.32432432432432434,30,2100.0,45.0,75.0,2220.0,0.0015,40.07674011451269,28.898648674651195
event_0102,outdoor,1767161907.5907319,30,1500.0,-720.0,-0.32432432432432434,30,2100.0,45.0,75.0,2220.0,0.0015,52.81018749108374,34.15589979901501
event_0103,outdoor,1769998906.0494268,30,1500.0,-720.0,-0.32432432432432434,30,2100.0,45.0,75.0,2220.0,0.0015,47.34364337551649,43.47715786054814
event_0104,outdoor,1771946694.5192785,30,1500.0,-720.0,-0.32432432432432434,30,2100.0,45.0,75.0,2220.0,0.0015,44.204669781846334,40.957361666983246
event_0105,outdoor,1773346886.725228,30,1500.0,-720.0,-0.32432432432432434,30,2100.0,45.0,75.0,2220.0,0.0015,36.672198301216056,53.96943107671741
event_0106,outdoor,1766859765.3385677,30,1500.0,-720.0,-0.32432432432432434,30,2100.0,45.0,75.0,2220.0,0.0015,59.738205105957235,48.53733645022645
event_0107,outdoor,1768682198.249573,30,1500.0,-720.0,-0.32432432432432434,30,2100.0,45.0,75.0,2220.0,0.0015,32.93997610787482,41.86798121582211
event_0108,outdoor,1777289384.1101313,30,1500.0,-720.0,-0.32432432432432434,30,2100.0,45.0,75.0,2220.0,0.0015,40.75217045004452,34.693747089310925
event_0109,outdoor,1770339356.707803,30,1500.0,-720.0,-0.32432432432432434,30,2100.0,45.0,75.0,2220.0,0.0015,47.11142392768413,44.34248310836834
event_0110,outdoor,1775027988.273193,30,1500.0,-720.0,-0.32432432432432434,30,2100.0,45.0,75.0,2220.0,0.0015,56.146553986613554,45.55070678144904
event_0111,outdoor,1777589246.268763,30,1500.0,-720.0,-0.32432432432432434,30,2100.0,45.0,75.0,2220.0,0.0015,45.92760980860461,36.30451947394954
event_0112,outdoor,1775026351.2772775,30,1500.0,-720.0,-0.32432432432432434,30,2100.0,45.0,75.0,2220.0,0.0015,50.53995544037797,45.37274593609365
event_0113,outdoor,1775846399.5195842,30,1500.0,-720.0,-0.32432432432432434,30,2100.0,45.0,75.0,2220.0,0.0015,31.5468773493841,38.722739862177846
event_0114,outdoor,1779903415.4049575,30,1500.0,-720.0,-0.32432432432432434,30,2100.0,45.0,75.0,2220.0,0.0015,46.82274625659073,49.660114241629486
event_0115,outdoor,1772904545.5359285,30,1500.0,-720.0,-0.32432432432432434,30,2100.0,45.0,75.0,2220.0,0.0015,52.56831420513676,52.39167871218103
event_0116,outdoor,1767644066.5090792,30,1500.0,-720.0,-0.32432432432432434,30,2100.0,45.0,75.0,2220.0,0.0015,45.10697916453184,39.84201550304941
event_0117,outdoor,1776922955.2638052,30,1500.0,-720.0,-0.32432432432432434,30,2100.0,45.0,75.0,2220.0,0.0015,44.10491549443273,42.893325410728394
event_0118,outdoor,1770876792.3775964,30,1500.0,-720.0,-0.32432432432432434,30,2100.0,45.0,75.0,2220.0,0.0015,50.79669262665418,55.3863644476572
event_0119,outdoor,1778913335.8943892,30,1500.0,-720.0,-0.32432432432432434,30,2100.0,45.0,75.0,2220.0,0.0015,35.364354615294786,54.831182142984524
event_0120,outdoor,1768166486.8845704,30,1500.0,-720.0,-0.32432432432432434,30,2100.0,45.0,75.0,2220.0,0.0015,36.12768475428692,54.65893347236316
event_0121,outdoor,1768021694.043471,30,1500.0,-720.0,-0.32432432432432434,30,2100.0,45.0,75.0,2220.0,0.0015,42.603899190692616,48.65585882999871
event_0122,outdoor,1776223220.6135921,30,1500.0,-720.0,-0.32432432432432434,30,2100.0,45.0,75.0,2220.0,0.0015,45.588614488692286,37.40456634407765
event_0123,outdoor,1775743819.6118712,30,1500.0,-720.0,-0.32432432432432434,30,2100.0,45.0,75.0,2220.0,0.0015,45.90498689753738,43.357123944663826
event_0124,outdoor,1781475883.6874683,30,1500.0,-720.0,-0.32432432432432434,30,2100.0,45.0,75.0,2220.0,0.0015,36.80345814322899,38.413264864536174
event_0125,outdoor,1771202773.4855323,30,1500.0,-720.0,-0.32432432432432434,30,2100.0,45.0,75.0,2220.0,0.0015,48.55890689584575,32.50211670943156
event_0126,outdoor,1774261229.2880805,30,1500.0,-720.0,-0.32432432432432434,30,2100.0,45.0,75.0,2220.0,0.0015,53.83371840867805,32.515131970207015
event_0127,outdoor,1767337570.3768752,30,1500.0,-720.0,-0.32432432432432434,30,2100.0,45.0,75.0,2220.0,0.0015,36.15466085727972,47.79976267346214
event_0128,outdoor,1775859004.2720332,30,1500.0,-720.0,-0.32432432432432434,30,2100.0,45.0,75.0,2220.0,0.0015,46.009288721135206,31.401720656247072
event_0129,outdoor,1771502661.2164938,30,1500.0,-720.0,-0.32432432432432434,30,2100.0,45.0,75.0,2220.0,0.0015,34.68159802354,55.16420457272127
event_0130,outdoor,1771815723.4806604,30,1500.0,-720.0,-0.32432432432432434,30,2100.0,45.0,75.0,2220.0,0.0015,59.088166716100915,49.11652636125172
event_0131,outdoor,1780565701.6627507,30,1500.0,-720.0,-0.32432432432432434,30,2100.0,45.0,75.0,2220.0,0.0015,40.16053289677508,31.144837442680704
event_0132,outdoor,1781926947.0042973,30,1500.0,-720.0,-0.32432432432432434,30,2100.0,45.0,75.0,2220.0,0.0015,48.52565977891018,34.170214328819775
event_0133,outdoor,1775986935.944258,30,1500.0,-720.0,-0.32432432432432434,30,2100.0,45.0,75.0,2220.0,0.0015,53.438500673099995,49.47866338328988
event_0134,outdoor,1767054815.2324514,30,1500.0,-720.0,-0.32432432432432434,30,2100.0,45.0,75.0,2220.0,0.0015,59.27518520767708,39.043861161504694
event_0135,outdoor,1778573836.5590565,30,1500.0,-720.0,-0.32432432432432434,30,2100.0,45.0,75.0,2220.0,0.0015,41.92673991947157,48.04698562552417
event_0136,outdoor,1768527684.6030555,30,1500.0,-720.0,-0.32432432432432434,30,2100.0,45.0,75.0,2220.0,0.0015,43.36728123001048,43.708924311792565
event_0137,outdoor,1780454632.7549324,30,1500.0,-720.0,-0.32432432432432434,30,2100.0,45.0,75.0,2220.0,0.0015,34.91371031232315,48.38401877261772
event_0138,outdoor,1774182525.240612,30,1500.0,-720.0,-0.32432432432432434,30,2100.0,45.0,75.0,2220.0,0.0015,34.30917848820622,36.49047187931215
event_0139,outdoor,1778682862.2670257,30,1500.0,-720.0,-0.32432432432432434,30,2100.0,45.0,75.0,2220.0,0.0015,41.27317229400164,28.185328300780785
event_0140,outdoor,1766670859.0110383,30,1500.0,-720.0,-0.32432432432432434,30,2100.0,45.0,75.0,2220.0,0.0015,57.4461633273051,33.57921172088518
event_0141,outdoor,1770071091.3976226,30,1500.0,-720.0,-0.32432432432432434,30,2100.0,45.0,75.0,2220.0,0.0015,47.55624763010019,41.83481359228394
event_0142,outdoor,1774148654.6571422,30,1500.0,-720.0,-0.32432432432432434,30,2100.0,45.0,75.0,2220.0,0.0015,49.2166562752969,45.82370326840246
event_0143,outdoor,1767706778.8208647,30,1500.0,-720.0,-0.32432432432432434,30,2100.0,45.0,75.0,2220.0,0.0015,49.343575368393275,28.796392376288253
event_0144,outdoor,1766627909.7711093,30,1500.0,-720.0,-0.32432432432432434,30,2100.0,45.0,75.0,2220.0,0.0015,44.414577163511794,40.209918322516124
event_0145,outdoor,1768450096.5343957,30,1500.0,-720.0,-0.32432432432432434,30,2100.0,45.0,75.0,2220.0,0.0015,51.98871811671488,28.49126225462438
event_0146,outdoor,1767356650.144828,30,1500.0,-720.0,-0.32432432432432434,30,2100.0,45.0,75.0,2220.0,0.0015,40.721563956881056,29.480873194595944
event_0147,outdoor,1779056505.9592648,30,1500.0,-720.0,-0.32432432432432434,30,2100.0,45.0,75.0,2220.0,0.0015,49.16839575834207,30.15114705553846
event_0148,outdoor,1771537403.3155055,30,1500.0,-720.0,-0.32432432432432434,30,2100.0,45.0,75.0,2220.0,0.0015,39.67820581922899,36.853892111413295
event_0149,outdoor,1774112794.392964,30,1500.0,-720.0,-0.32432432432432434,30,2100.0,45.0,75.0,2220.0,0.0015,46.032609696696696,37.8456222940446
event_0150,outdoor,1771370790.7244964,30,1500.0,-720.0,-0.32432432432432434,30,2100.0,45.0,75.0,2220.0,0.0015,57.627221325961045,32.5648159896411
event_0151,outdoor,1771858312.9868205,30,1500.0,-720.0,-0.32432432432432434,30,2100.0,45.0,75.0,2220.0,0.0015,50.68958487318818,54.66986598609596
event_0152,outdoor,1775824284.3853488,30,1500.0,-720.0,-0.32432432432432434,30,2100.0,45.0,75.0,2220.0,0.0015,57.48093480089314,31.263838223573956
event_0153,outdoor,1766878967.1514347,30,1500.0,-720.0,-0.32432432432432434,30,2100.0,45.0,75.0,2220.0,0.0015,43.258137231258985,55.65228856156887
event_0154,outdoor,1770257271.0218115,30,1500.0,-720.0,-0.32432432432432434,30,2100.0,45.0,75.0,2220.0,0.0015,33.557906722059364,31.604005396297765
event_0155,outdoor,1770816602.1948647,30,1500.0,-720.0,-0.32432432432432434,30,2100.0,45.0,75.0,2220.0,0.0015,42.7441521787982,49.364663257843496
event_0156,outdoor,1767740632.1985636,30,1500.0,-720.0,-0.32432432432432434,30,2100.0,45.0,75.0,2220.0,0.0015,30.9837814702962,46.47408761365277
event_0157,outdoor,1777265120.4616969,30,1500.0,-720.0,-0.32432432432432434,30,2100.0,45.0,75.0,2220.0,0.0015,30.308171902868956,30.702100767987837
event_0158,outdoor,1775275368.8283792,30,1500.0,-720.0,-0.32432432432432434,30,2100.0,45.0,75.0,2220.0,0.0015,30.8777734840168,32.07559537652226
event_0159,outdoor,1779179884.9340575,30,1500.0,-720.0,-0.32432432432432434,30,2100.0,45.0,75.0,2220.0,0.0015,53.42406408381926,45.16278000750415
event_0160,outdoor,1769205201.2925618,30,1500.0,-720.0,-0.32432432432432434,30,2100.0,45.0,75.0,2220.0,0.0015,51.474349020022345,54.999386369377305
event_0161,outdoor,1779531271.591039,30,1500.0,-720.0,-0.32432432432432434,30,2100.0,45.0,75.0,2220.0,0.0015,57.614315339370506,51.83631068331876
event_0162,outdoor,1776619924.239767,30,1500.0,-720.0,-0.32432432432432434,30,2100.0,45.0,75.0,2220.0,0.0015,55.042264615332115,55.476431478777684
event_0163,outdoor,1776312901.6141353,30,1500.0,-720.0,-0.32432432432432434,30,2100.0,45.0,75.0,2220.0,0.0015,43.97705088041339,42.55237227533419
event_0164,outdoor,1772839059.9900248,30,1500.0,-720.0,-0.32432432432432434,30,2100.0,45.0,75.0,2220.0,0.0015,44.81138395869492,38.773871272363664
event_0165,outdoor,1774384281.6381495,30,1500.0,-720.0,-0.32432432432432434,30,2100.0,45.0,75.0,2220.0,0.0015,42.21846661506355,55.578945189343685
event_0166,outdoor,1781077936.4442234,30,1500.0,-720.0,-0.32432432432432434,30,2100.0,45.0,75.0,2220.0,0.0015,41.02324184312611,28.358003645868994
event_0167,outdoor,1774380311.292631,30,1500.0,-720.0,-0.32432432432432434,30,2100.0,45.0,75.0,2220.0,0.0015,33.57653531656434,39.05472093237549
event_0168,outdoor,1770750964.367288,30,1500.0,-720.0,-0.32432432432432434,30,2100.0,45.0,75.0,2220.0,0.0015,40.91129980427194,33.574418794227284
event_0169,outdoor,1775112686.4799635,30,1500.0,-720.0,-0.32432432432432434,30,2100.0,45.0,75.0,2220.0,0.0015,44.97330336537622,49.414876341654555
event_0170,outdoor,1768223059.571644,30,1500.0,-720.0,-0.32432432432432434,30,2100.0,45.0,75.0,2220.0,0.0015,40.682919206282406,46.666956282322346
event_0171,outdoor,1767079868.3304708,30,1500.0,-720.0,-0.32432432432432434,30,2100.0,45.0,75.0,2220.0,0.0015,33.66570180297416,41.7015586936747
event_0172,outdoor,1772486540.3434024,30,1500.0,-720.0,-0.32432432432432434,30,2100.0,45.0,75.0,2220.0,0.0015,44.94404725986141,28.748968863621585
event_0173,outdoor,1776854347.6086433,30,1500.0,-720.0,-0.32432432432432434,30,2100.0,45.0,75.0,2220.0,0.0015,52.80514331382153,46.51025692407096
event_0174,outdoor,1778446182.408379,30,1500.0,-720.0,-0.32432432432432434,30,2100.0,45.0,75.0,2220.0,0.0015,45.1438426811245,43.18826721326439
event_0175,outdoor,1772288030.7032762,30,1500.0,-720.0,-0.32432432432432434,30,2100.0,45.0,75.0,2220.0,0.0015,56.40377012974154,31.335755040806802
event_0176,outdoor,1780691252.4057043,30,1500.0,-720.0,-0.32432432432432434,30,2100.0,45.0,75.0,2220.0,0.0015,49.78233080961422,49.82270914677715
event_0177,outdoor,1771254791.0084734,30,1500.0,-720.0,-0.32432432432432434,30,2100.0,45.0,75.0,2220.0,0.0015,52.92033414007321,43.927946261321665
event_0178,outdoor,1770209176.1886244,30,1500.0,-720.0,-0.32432432432432434,30,2100.0,45.0,75.0,2220.0,0.0015,34.68932870924884,29.56063952266257
event_0179,outdoor,1778745454.6894512,30,1500.0,-720.0,-0.32432432432432434,30,2100.0,45.0,75.0,2220.0,0.0015,38.53312618743243,29.719871228844788
event_0180,outdoor,1781221387.6363668,30,1500.0,-720.0,-0.32432432432432434,30,2100.0,45.0,75.0,2220.0,0.0015,52.955820610674365,45.504284006023276
event_0181,outdoor,1777997918.9405174,30,1500.0,-720.0,-0.32432432432432434,30,2100.0,45.0,75.0,2220.0,0.0015,37.326866592678556,34.56941847612202
event_0182,outdoor,1774634067.8412273,30,1500.0,-720.0,-0.32432432432432434,30,2100.0,45.0,75.0,2220.0,0.0015,35.09337723695755,43.07567075737768
event_0183,outdoor,1774934393.6959076,30,1500.0,-720.0,-0.32432432432432434,30,2100.0,45.0,75.0,2220.0,0.0015,30.61206818281676,41.15159723508133
event_0184,outdoor,1769986799.1311882,30,1500.0,-720.0,-0.32432432432432434,30,2100.0,45.0,75.0,2220.0,0.0015,44.650758527231964,47.34419100659427
event_0185,outdoor,1772549370.212079,30,1500.0,-720.0,-0.32432432432432434,30,2100.0,45.0,75.0,2220.0,0.0015,38.98562692776344,55.14397707736307
event_0186,outdoor,1774056636.5540588,30,1500.0,-720.0,-0.32432432432432434,30,2100.0,45.0,75.0,2220.0,0.0015,36.42240314648052,35.42434279122112
event_0187,outdoor,1778673329.3100445,30,1500.0,-720.0,-0.32432432432432434,30,2100.0,45.0,75.0,2220.0,0.0015,51.531205291491794,44.18941094467447
event_0188,outdoor,1780929267.0115485,30,1500.0,-720.0,-0.32432432432432434,30,2100.0,45.0,75.0,2220.0,0.0015,40.41949461303318,30.14652456524246
event_0189,outdoor,1776541394.3175786,30,1500.0,-720.0,-0.32432432432432434,30,2100.0,45.0,75.0,2220.0,0.0015,42.429427519954956,35.0354142002686
event_0190,outdoor,1780622970.353652,30,1500.0,-720.0,-0.32432432432432434,30,2100.0,45.0,75.0,2220.0,0.0015,45.486723451922046,33.223090292152854
event_0191,outdoor,1773697628.8445299,30,1500.0,-720.0,-0.32432432432432434,30,2100.0,45.0,75.0,2220.0,0.0015,49.13779076920137,50.65013740363586
event_0192,outdoor,1767589964.12774,30,1500.0,-720.0,-0.32432432432432434,30,2100.0,45.0,75.0,2220.0,0.0015,36.01944082176864,40.94962719184774
event_0193,outdoor,1773977563.1330616,30,1500.0,-720.0,-0.32432432432432434,30,2100.0,45.0,75.0,2220.0,0.0015,55.8055784918847,53.51185832771637
event_0194,outdoor,1776838194.053463,30,1500.0,-720.0,-0.32432432432432434,30,2100.0,45.0,75.0,2220.0,0.0015,50.605647102273764,34.611635262997794
event_0195,outdoor,1772964652.32098,30,1500.0,-720.0,-0.32432432432432434,30,2100.0,45.0,75.0,2220.0,0.0015,44.561470574101435,55.756206961063455
event_0196,outdoor,1768481500.3245466,30,1500.0,-720.0,-0.32432432432432434,30,2100.0,45.0,75.0,2220.0,0.0015,53.69009520192553,35.77761577399656
event_0197,outdoor,1779754487.5025918,30,1500.0,-720.0,-0.32432432432432434,30,2100.0,45.0,75.0,2220.0,0.0015,31.65981818577289,53.10215331874808
event_0198,outdoor,1774647942.0722444,30,1500.0,-720.0,-0.32432432432432434,30,2100.0,45.0,75.0,2220.0,0.0015,50.150162203035634,52.80014186001253
event_0199,outdoor,1772895340.3806467,30,1500.0,-720.0,-0.32432432432432434,30,2100.0,45.0,75.0,2220.0,0.0015,45.007455855519055,31.37799318592855
event_0200,outdoor,1767132324.7408857,30,1500.0,-720.0,-0.32432432432432434,30,2100.0,45.0,75.0,2220.0,0.0015,32.70746363060404,44.79499682354742
event_0201,outdoor,1775356198.9101512,30,1500.0,-720.0,-0.32432432432432434,30,2100.0,45.0,75.0,2220.0,0.0015,52.31876922457026,54.19400268674144
event_0202,outdoor,1780056621.0251732,30,1500.0,-720.0,-0.32432432432432434,30,2100.0,45.0,75.0,2220.0,0.0015,55.88699801031074,29.565911276117266
event_0203,outdoor,1771039176.4583623,30,1500.0,-720.0,-0.32432432432432434,30,2100.0,45.0,75.0,2220.0,0.0015,37.390400684620886,35.776545410038075
event_0204,outdoor,1772852840.9352055,30,1500.0,-720.0,-0.32432432432432434,30,2100.0,45.0,75.0,2220.0,0.0015,49.361927650899844,53.34642408015439
event_0205,outdoor,1767813310.6668887,30,1500.0,-720.0,-0.32432432432432434,30,2100.0,45.0,75.0,2220.0,0.0015,50.14795778088477,35.08352109399722
event_0206,outdoor,1775066553.1998932,30,1500.0,-720.0,-0.32432432432432434,30,2100.0,45.0,75.0,2220.0,0.0015,46.04732078320226,34.618693053827585
event_0207,outdoor,1778106662.3072174,30,1500.0,-720.0,-0.32432432432432434,30,2100.0,45.0,75.0,2220.0,0.0015,39.02664454808466,54.217027329175295
event_0208,outdoor,1774350633.4233527,30,1500.0,-720.0,-0.32432432432432434,30,2100.0,45.0,75.0,2220.0,0.0015,39.51553073811544,50.742937247967305
event_0209,outdoor,1767086277.2399049,30,1500.0,-720.0,-0.32432432432432434,30,2100.0,45.0,75.0,2220.0,0.0015,44.75075583258821,48.634375062308585
event_0210,outdoor,1769426485.1978707,30,1500.0,-720.0,-0.32432432432432434,30,2100.0,45.0,75.0,2220.0,0.0015,34.81030040200402,35.30716209245746
event_0211,outdoor,1773542123.1767695,30,1500.0,-720.0,-0.32432432432432434,30,2100.0,45.0,75.0,2220.0,0.0015,50.85630298272167,49.33531246676122
event_0212,outdoor,1781262258.7670324,30,1500.0,-720.0,-0.32432432432432434,30,2100.0,45.0,75.0,2220.0,0.0015,36.00225954390234,36.55533105719246
event_0213,outdoor,1777373211.647619,30,1500.0,-720.0,-0.32432432432432434,30,2100.0,45.0,75.0,2220.0,0.0015,49.47541700970293,31.64260273959407
event_0214,outdoor,1772772447.0727003,30,1500.0,-720.0,-0.32432432432432434,30,2100.0,45.0,75.0,2220.0,0.0015,34.00529405340848,32.85741272009218
event_0215,outdoor,1770122857.8730426,30,1500.0,-720.0,-0.32432432432432434,30,2100.0,45.0,75.0,2220.0,0.0015,41.804825412420186,38.56496079603732
event_0216,outdoor,1769887842.5857646,30,1500.0,-720.0,-0.32432432432432434,30,2100.0,45.0,75.0,2220.0,0.0015,48.360094791641984,34.40380288207273
event_0217,outdoor,1773123473.5003662,30,1500.0,-720.0,-0.32432432432432434,30,2100.0,45.0,75.0,2220.0,0.0015,48.54012148728297,44.81099646750404
event_0218,outdoor,1773770291.0663621,30,1500.0,-720.0,-0.32432432432432434,30,2100.0,45.0,75.0,2220.0,0.0015,45.77513100992711,49.654060972926715
event_0219,outdoor,1779601160.6297243,30,1500.0,-720.0,-0.32432432432432434,30,2100.0,45.0,75.0,2220.0,0.0015,58.38156980170385,50.7755479358093
event_0220,outdoor,1775145988.5134516,30,1500.0,-720.0,-0.32432432432432434,30,2100.0,45.0,75.0,2220.0,0.0015,36.46699793529677,51.07448887767704
event_0221,outdoor,1773172907.101125,30,1500.0,-720.0,-0.32432432432432434,30,2100.0,45.0,75.0,2220.0,0.0015,59.28384488712239,34.59359751116519
event_0222,outdoor,1771908886.3396242,30,1500.0,-720.0,-0.32432432432432434,30,2100.0,45.0,75.0,2220.0,0.0015,44.06644824144354,52.400417305908256
event_0223,outdoor,1770208097.5917878,30,1500.0,-720.0,-0.32432432432432434,30,2100.0,45.0,75.0,2220.0,0.0015,47.91587820415771,30.04555731019246
event_0224,outdoor,1781040228.0485327,30,1500.0,-720.0,-0.32432432432432434,30,2100.0,45.0,75.0,2220.0,0.0015,48.19123393431051,46.78216322572436
event_0225,outdoor,1767769062.8230708,30,1500.0,-720.0,-0.32432432432432434,30,2100.0,45.0,75.0,2220.0,0.0015,41.42813026216045,55.370668463792725
event_0226,outdoor,1769012664.2175004,30,1500.0,-720.0,-0.32432432432432434,30,2100.0,45.0,75.0,2220.0,0.0015,35.09599495762886,41.79951517320539
event_0227,outdoor,1772924294.1810453,30,1500.0,-720.0,-0.32432432432432434,30,2100.0,45.0,75.0,2220.0,0.0015,37.81218032170282,36.7715490254502
event_0228,outdoor,1769416476.5862408,30,1500.0,-720.0,-0.32432432432432434,30,2100.0,45.0,75.0,2220.0,0.0015,42.90258056288783,53.27819493825896
event_0229,outdoor,1773072254.0610733,30,1500.0,-720.0,-0.32432432432432434,30,2100.0,45.0,75.0,2220.0,0.0015,34.94951456387555,48.632338671742545
event_0230,outdoor,1777183293.7957397,30,1500.0,-720.0,-0.32432432432432434,30,2100.0,45.0,75.0,2220.0,0.0015,43.19968791005511,33.289758743058016
event_0231,outdoor,1778313304.2942054,30,1500.0,-720.0,-0.32432432432432434,30,2100.0,45.0,75.0,2220.0,0.0015,33.48072141301671,53.06490610511435
event_0232,outdoor,1768539824.3090763,30,1500.0,-720.0,-0.32432432432432434,30,2100.0,45.0,75.0,2220.0,0.0015,33.37472651433311,48.15339097583756
event_0233,outdoor,1772608631.4665694,30,1500.0,-720.0,-0.32432432432432434,30,2100.0,45.0,75.0,2220.0,0.0015,52.49809954510728,51.03200918166461
event_0234,outdoor,1770235798.6203787,30,1500.0,-720.0,-0.32432432432432434,30,2100.0,45.0,75.0,2220.0,0.0015,53.00542888882484,33.05592772111097
event_0235,outdoor,1767908839.791966,30,1500.0,-720.0,-0.32432432432432434,30,2100.0,45.0,75.0,2220.0,0.0015,38.528437543208675,55.47736530794131
event_0236,outdoor,1768719695.7828305,30,1500.0,-720.0,-0.32432432432432434,30,2100.0,45.0,75.0,2220.0,0.0015,30.866235065697854,40.886529052701434
event_0237,outdoor,1771225829.2211974,30,1500.0,-720.0,-0.32432432432432434,30,2100.0,45.0,75.0,2220.0,0.0015,39.88280765036579,29.227715986764707
event_0238,outdoor,1771334990.7359366,30,1500.0,-720.0,-0.32432432432432434,30,2100.0,45.0,75.0,2220.0,0.0015,53.91100389566088,31.620965554701325
event_0239,outdoor,1771522861.716066,30,1500.0,-720.0,-0.32432432432432434,30,2100.0,45.0,75.0,2220.0,0.0015,46.414686654187776,44.86416276305128
event_0240,outdoor,1775925901.682911,30,1500.0,-720.0,-0.32432432432432434,30,2100.0,45.0,75.0,2220.0,0.0015,30.615361076372672,33.8302367371495
event_0241,outdoor,1771445027.9380877,30,1500.0,-720.0,-0.32432432432432434,30,2100.0,45.0,75.0,2220.0,0.0015,38.956399818698706,50.4308117934021
event_0242,outdoor,1768151847.7974286,30,1500.0,-720.0,-0.32432432432432434,30,2100.0,45.0,75.0,2220.0,0.0015,32.88334492565383,38.28879116739549
event_0243,outdoor,1768458466.3065107,30,1500.0,-720.0,-0.32432432432432434,30,2100.0,45.0,75.0,2220.0,0.0015,32.7066704831624,39.831017782597556
event_0244,outdoor,1772954409.7317054,30,1500.0,-720.0,-0.32432432432432434,30,2100.0,45.0,75.0,2220.0,0.0015,59.19815371860375,46.94032089619671
event_0245,outdoor,1779835912.3271818,30,1500.0,-720.0,-0.32432432432432434,30,2100.0,45.0,75.0,2220.0,0.0015,32.519103055604475,41.11013680879738
event_0246,outdoor,1774022631.479037,30,1500.0,-720.0,-0.32432432432432434,30,2100.0,45.0,75.0,2220.0,0.0015,39.012259582028825,34.96229814474715
event_0247,outdoor,1770864711.2562191,30,1500.0,-720.0,-0.32432432432432434,30,2100.0,45.0,75.0,2220.0,0.0015,45.31954752465639,39.56454332653852
event_0248,outdoor,1773239443.640848,30,1500.0,-720.0,-0.32432432432432434,30,2100.0,45.0,75.0,2220.0,0.0015,53.059403189296546,28.45552342526759
event_0249,outdoor,1771796379.7364435,30,1500.0,-720.0,-0.32432432432432434,30,2100.0,45.0,75.0,2220.0,0.0015,42.487546848525554,47.72259953866996
event_0250,outdoor,1775866102.147241,30,1500.0,-720.0,-0.32432432432432434,30,2100.0,45.0,75.0,2220.0,0.0015,40.240031398844636,53.707133951765705
event_0251,outdoor,1777324754.6957195,30,1500.0,-720.0,-0.32432432432432434,30,2100.0,45.0,75.0,2220.0,0.0015,50.2022628723824,40.14636977734065
event_0252,outdoor,1781810456.3741288,30,1500.0,-720.0,-0.32432432432432434,30,2100.0,45.0,75.0,2220.0,0.0015,42.152747929568704,46.41607861997564
event_0253,outdoor,1768586363.830491,30,1500.0,-720.0,-0.32432432432432434,30,2100.0,45.0,75.0,2220.0,0.0015,50.7198687658764,54.96796509123008
event_0254,outdoor,1780937209.8392084,30,1500.0,-720.0,-0.32432432432432434,30,2100.0,45.0,75.0,2220.0,0.0015,54.47904669103441,47.48890837412007
event_0255,outdoor,1767360229.4225106,30,1500.0,-720.0,-0.32432432432432434,30,2100.0,45.0,75.0,2220.0,0.0015,55.26269129501115,52.02930201679709
event_0256,outdoor,1773923285.6760433,30,1500.0,-720.0,-0.32432432432432434,30,2100.0,45.0,75.0,2220.0,0.0015,33.49376458662126,53.26762941679226
event_0257,outdoor,1773028445.319982,30,1500.0,-720.0,-0.32432432432432434,30,2100.0,45.0,75.0,2220.0,0.0015,37.27888946265096,36.25527939158717
event_0258,outdoor,1772539214.641833,30,1500.0,-720.0,-0.32432432432432434,30,2100.0,45.0,75.0,2220.0,0.0015,42.953638578836674,39.639205364594275
event_0259,outdoor,1773296990.6605644,30,1500.0,-720.0,-0.32432432432432434,30,2100.0,45.0,75.0,2220.0,0.0015,41.99041116672031,42.373960201063
event_0260,outdoor,1778909551.2725914,30,1500.0,-720.0,-0.32432432432432434,30,2100.0,45.0,75.0,2220.0,0.0015,31.821140466997505,28.532550452769748
event_0261,outdoor,1775866995.4020894,30,1500.0,-720.0,-0.32432432432432434,30,2100.0,45.0,75.0,2220.0,0.0015,33.50822221371281,45.43550731458519
event_0262,outdoor,1767723482.889366,30,1500.0,-720.0,-0.32432432432432434,30,2100.0,45.0,75.0,2220.0,0.0015,44.07721311088965,40.267099279902034
event_0263,outdoor,1770228884.2963364,30,1500.0,-720.0,-0.32432432432432434,30,2100.0,45.0,75.0,2220.0,0.0015,51.45597487471062,41.11708387488454
event_0264,outdoor,1774299405.5411189,30,1500.0,-720.0,-0.32432432432432434,30,2100.0,45.0,75.0,2220.0,0.0015,49.57500563589885,38.08715589558508
event_0265,outdoor,1766562976.7696095,30,1500.0,-720.0,-0.32432432432432434,30,2100.0,45.0,75.0,2220.0,0.0015,32.58575692781577,41.52091341923701
event_0266,outdoor,1778356058.942444,30,1500.0,-720.0,-0.32432432432432434,30,2100.0,45.0,75.0,2220.0,0.0015,44.8117523574051,34.572129352868515
event_0267,outdoor,1776150842.058037,30,1500.0,-720.0,-0.32432432432432434,30,2100.0,45.0,75.0,2220.0,0.0015,35.24144384889647,52.064926810896466
event_0268,outdoor,1768791735.7377388,30,1500.0,-720.0,-0.32432432432432434,30,2100.0,45.0,75.0,2220.0,0.0015,46.85944346132032,41.61822834029063
event_0269,outdoor,1767716092.0334873,30,1500.0,-720.0,-0.32432432432432434,30,2100.0,45.0,75.0,2220.0,0.0015,56.88953097563498,51.89542814585414
event_0270,outdoor,1768509228.4660301,30,1500.0,-720.0,-0.32432432432432434,30,2100.0,45.0,75.0,2220.0,0.0015,53.96960656131856,54.95411905322011
event_0271,outdoor,1768211328.7067342,30,1500.0,-720.0,-0.32432432432432434,30,2100.0,45.0,75.0,2220.0,0.0015,33.05604118636479,43.749240228348555
event_0272,outdoor,1771975957.416057,30,1500.0,-720.0,-0.32432432432432434,30,2100.0,45.0,75.0,2220.0,0.0015,51.850478341904946,47.82857412369923
event_0273,outdoor,1779729642.0627685,30,1500.0,-720.0,-0.32432432432432434,30,2100.0,45.0,75.0,2220.0,0.0015,54.574823484816946,31.443537144069836
event_0274,outdoor,1780589024.7492955,30,1500.0,-720.0,-0.32432432432432434,30,2100.0,45.0,75.0,2220.0,0.0015,44.20989997863473,36.02923239872334
event_0275,outdoor,1780402297.1688876,30,1500.0,-720.0,-0.32432432432432434,30,2100.0,45.0,75.0,2220.0,0.0015,37.363538403424144,49.089775242643064
event_0276,outdoor,1772112744.4664433,30,1500.0,-720.0,-0.32432432432432434,30,2100.0,45.0,75.0,2220.0,0.0015,56.94195772530579,54.65153515239755
event_0277,outdoor,1774875399.9339697,30,1500.0,-720.0,-0.32432432432432434,30,2100.0,45.0,75.0,2220.0,0.0015,51.5287720724002,42.485763567849986
event_0278,outdoor,1781165111.1497576,30,1500.0,-720.0,-0.32432432432432434,30,2100.0,45.0,75.0,2220.0,0.0015,41.797987988410675,29.03862454358438
event_0279,outdoor,1768589503.0348105,30,1500.0,-720.0,-0.32432432432432434,30,2100.0,45.0,75.0,2220.0,0.0015,53.972122965833904,52.52277328486587
event_0280,outdoor,1778006642.0436664,30,1500.0,-720.0,-0.32432432432432434,30,2100.0,45.0,75.0,2220.0,0.0015,51.64653131575081,36.78346661819863
event_0281,outdoor,1781370833.2015464,30,1500.0,-720.0,-0.32432432432432434,30,2100.0,45.0,75.0,2220.0,0.0015,42.118142197919425,46.028621746180505
event_0282,outdoor,1767536849.5945032,30,1500.0,-720.0,-0.32432432432432434,30,2100.0,45.0,75.0,2220.0,0.0015,54.354932333878374,46.165196175323125
event_0283,outdoor,1773581276.8392203,30,1500.0,-720.0,-0.32432432432432434,30,2100.0,45.0,75.0,2220.0,0.0015,51.566416190576305,52.63651725298284
event_0284,outdoor,1779696738.1068141,30,1500.0,-720.0,-0.32432432432432434,30,2100.0,45.0,75.0,2220.0,0.0015,40.22126639419339,45.799194130903224
event_0285,outdoor,1775021503.4925034,30,1500.0,-720.0,-0.32432432432432434,30,2100.0,45.0,75.0,2220.0,0.0015,39.11826269176064,39.83688473429331
event_0286,outdoor,1779185079.5459123,30,1500.0,-720.0,-0.32432432432432434,30,2100.0,45.0,75.0,2220.0,0.0015,33.714390556752576,49.183678405187635
event_0287,outdoor,1768378276.7629044,30,1500.0,-720.0,-0.32432432432432434,30,2100.0,45.0,75.0,2220.0,0.0015,37.0829198074462,48.881226000875245
event_0288,outdoor,1766833819.2136436,30,1500.0,-720.0,-0.32432432432432434,30,2100.0,45.0,75.0,2220.0,0.0015,37.0151369311669,36.37764507507528
event_0289,outdoor,1776441784.2770758,30,1500.0,-720.0,-0.32432432432432434,30,2100.0,45.0,75.0,2220.0,0.0015,52.125369663752615,30.946353801933785
event_0290,outdoor,1781762515.6252263,30,1500.0,-720.0,-0.32432432432432434,30,2100.0,45.0,75.0,2220.0,0.0015,42.770763969817224,39.537482666183415
event_0291,outdoor,1778983151.60833,30,1500.0,-720.0,-0.32432432432432434,30,2100.0,45.0,75.0,2220.0,0.0015,50.304673282710226,39.27710381500948
event_0292,outdoor,1774675250.7013726,30,1500.0,-720.0,-0.32432432432432434,30,2100.0,45.0,75.0,2220.0,0.0015,59.89535326661466,47.29250012389568
event_0293,outdoor,1775590173.9996922,30,1500.0,-720.0,-0.32432432432432434,30,2100.0,45.0,75.0,2220.0,0.0015,44.542932073284064,40.81595840769101
event_0294,outdoor,1769105569.4435613,30,1500.0,-720.0,-0.32432432432432434,30,2100.0,45.0,75.0,2220.0,0.0015,30.978221687636445,32.39151154781839
event_0295,outdoor,1775926334.4995897,30,1500.0,-720.0,-0.32432432432432434,30,2100.0,45.0,75.0,2220.0,0.0015,41.08757896090256,36.10853610283061
event_0296,outdoor,1781313920.2771914,30,1500.0,-720.0,-0.32432432432432434,30,2100.0,45.0,75.0,2220.0,0.0015,30.839333562076916,32.00034296497638
event_0297,outdoor,1776471362.084211,30,1500.0,-720.0,-0.32432432432432434,30,2100.0,45.0,75.0,2220.0,0.0015,35.492313985330995,48.71048913662301
event_0298,outdoor,1768355832.3610833,30,1500.0,-720.0,-0.32432432432432434,30,2100.0,45.0,75.0,2220.0,0.0015,39.29105637202352,40.66648397749695
event_0299,outdoor,1774091980.6135674,30,1500.0,-720.0,-0.32432432432432434,30,2100.0,45.0,75.0,2220.0,0.0015,34.15566858010676,45.82088736374834
event_0300,outdoor,1776795532.7228687,30,1500.0,-720.0,-0.32432432432432434,30,2100.0,45.0,75.0,2220.0,0.0015,48.74311290632985,45.46050527296657
event_0301,outdoor,1777579182.7134318,30,1500.0,-720.0,-0.32432432432432434,30,2100.0,45.0,75.0,2220.0,0.0015,43.29288610873657,35.766502783340684
event_0302,outdoor,1767952727.5523794,30,1500.0,-720.0,-0.32432432432432434,30,2100.0,45.0,75.0,2220.0,0.0015,39.26544239246346,46.064470972611645
event_0303,outdoor,1768003994.5471563,30,1500.0,-720.0,-0.32432432432432434,30,2100.0,45.0,75.0,2220.0,0.0015,58.7187842064152,42.60910610335383
event_0304,outdoor,1777331766.8566985,30,1500.0,-720.0,-0.32432432432432434,30,2100.0,45.0,75.0,2220.0,0.0015,58.87130298144525,35.698950782635784
event_0305,outdoor,1777727866.3290873,30,1500.0,-720.0,-0.32432432432432434,30,2100.0,45.0,75.0,2220.0,0.0015,46.006316007715796,36.972072506325986
event_0306,outdoor,1766434650.3712823,30,1500.0,-720.0,-0.32432432432432434,30,2100.0,45.0,75.0,2220.0,0.0015,30.72170820675382,42.78124917214146
event_0307,outdoor,1771170822.6715338,30,1500.0,-720.0,-0.32432432432432434,30,2100.0,45.0,75.0,2220.0,0.0015,35.48006778707084,49.5125313588202
event_0308,outdoor,1773308007.6042984,30,1500.0,-720.0,-0.32432432432432434,30,2100.0,45.0,75.0,2220.0,0.0015,35.4437352032597,47.97241745619513
event_0309,outdoor,1776766242.1293588,30,1500.0,-720.0,-0.32432432432432434,30,2100.0,45.0,75.0,2220.0,0.0015,58.24732545638264,53.18604209562432
event_0310,outdoor,1770040015.2798934,30,1500.0,-720.0,-0.32432432432432434,30,2100.0,45.0,75.0,2220.0,0.0015,45.1326375570257,54.581997567581226
event_0311,outdoor,1781138121.498358,30,1500.0,-720.0,-0.32432432432432434,30,2100.0,45.0,75.0,2220.0,0.0015,49.00623885551254,53.58458275208149
event_0312,outdoor,1773146546.3474245,30,1500.0,-720.0,-0.32432432432432434,30,2100.0,45.0,75.0,2220.0,0.0015,49.54652729299981,31.515997592577033
event_0313,outdoor,1774457501.130037,30,1500.0,-720.0,-0.32432432432432434,30,2100.0,45.0,75.0,2220.0,0.0015,34.27101091443864,43.13231312922123
event_0314,outdoor,1775126168.4202943,30,1500.0,-720.0,-0.32432432432432434,30,2100.0,45.0,75.0,2220.0,0.0015,31.253762394413585,50.75402409590973
event_0315,outdoor,1769053360.7651963,30,1500.0,-720.0,-0.32432432432432434,30,2100.0,45.0,75.0,2220.0,0.0015,57.6543213759779,35.652482306512425
event_0316,outdoor,1766689972.4763055,30,1500.0,-720.0,-0.32432432432432434,30,2100.0,45.0,75.0,2220.0,0.0015,55.22052582584212,35.87671608681658
event_0317,outdoor,1779218515.0487416,30,1500.0,-720.0,-0.32432432432432434,30,2100.0,45.0,75.0,2220.0,0.0015,54.9149432345443,48.30206587598781
event_0318,outdoor,1779143773.0794837,30,1500.0,-720.0,-0.32432432432432434,30,2100.0,45.0,75.0,2220.0,0.0015,56.517948362700864,54.47143704886575
event_0319,outdoor,1779986118.6017654,30,1500.0,-720.0,-0.32432432432432434,30,2100.0,45.0,75.0,2220.0,0.0015,39.64914754218529,33.897469020444014
event_0320,outdoor,1772103919.7705457,30,1500.0,-720.0,-0.32432432432432434,30,2100.0,45.0,75.0,2220.0,0.0015,48.26360251229903,28.119818935099687
event_0321,outdoor,1779913027.5577788,30,1500.0,-720.0,-0.32432432432432434,30,2100.0,45.0,75.0,2220.0,0.0015,41.78373244512039,30.272166028950707
event_0322,outdoor,1768908846.5647726,30,1500.0,-720.0,-0.32432432432432434,30,2100.0,45.0,75.0,2220.0,0.0015,43.35530310993923,31.455636574952695
event_0323,outdoor,1779822035.26599,30,1500.0,-720.0,-0.32432432432432434,30,2100.0,45.0,75.0,2220.0,0.0015,54.356091252795636,55.54627403792797
event_0324,outdoor,1771125819.8221796,30,1500.0,-720.0,-0.32432432432432434,30,2100.0,45.0,75.0,2220.0,0.0015,52.752629953876394,47.05552185922238
event_0325,outdoor,1767966468.4182706,30,1500.0,-720.0,-0.32432432432432434,30,2100.0,45.0,75.0,2220.0,0.0015,36.63443041613503,55.443335367937706
event_0326,outdoor,1777434240.9905953,30,1500.0,-720.0,-0.32432432432432434,30,2100.0,45.0,75.0,2220.0,0.0015,30.214062004406774,55.55937906348301
event_0327,outdoor,1771345507.993198,30,1500.0,-720.0,-0.32432432432432434,30,2100.0,45.0,75.0,2220.0,0.0015,35.81310771253074,48.68681517124025
event_0328,outdoor,1777832968.1458998,30,1500.0,-720.0,-0.32432432432432434,30,2100.0,45.0,75.0,2220.0,0.0015,33.82292730948876,54.13977521626124
event_0329,outdoor,1779448923.5712662,30,1500.0,-720.0,-0.32432432432432434,30,2100.0,45.0,75.0,2220.0,0.0015,30.693525148619266,55.154701049652715
event_0330,outdoor,1769222389.6811628,30,1500.0,-720.0,-0.32432432432432434,30,2100.0,45.0,75.0,2220.0,0.0015,42.81343429706237,46.84679399733304
event_0331,outdoor,1771527954.7070725,30,1500.0,-720.0,-0.32432432432432434,30,2100.0,45.0,75.0,2220.0,0.0015,33.65153089467588,42.512267537895056
event_0332,outdoor,1780207664.7008903,30,1500.0,-720.0,-0.32432432432432434,30,2100.0,45.0,75.0,2220.0,0.0015,57.551744748665854,42.907487903297856
event_0333,outdoor,1781719679.8204029,30,1500.0,-720.0,-0.32432432432432434,30,2100.0,45.0,75.0,2220.0,0.0015,59.70793934258316,34.31758409281579
event_0334,outdoor,1778405439.9964802,30,1500.0,-720.0,-0.32432432432432434,30,2100.0,45.0,75.0,2220.0,0.0015,31.88532373890162,45.50825162759669
event_0335,outdoor,1772336647.5575743,30,1500.0,-720.0,-0.32432432432432434,30,2100.0,45.0,75.0,2220.0,0.0015,55.21522751087162,34.92029985054983
event_0336,outdoor,1776900097.6922653,30,1500.0,-720.0,-0.32432432432432434,30,2100.0,45.0,75.0,2220.0,0.0015,37.102309974330865,30.041503412432856
event_0337,outdoor,1773465876.596637,30,1500.0,-720.0,-0.32432432432432434,30,2100.0,45.0,75.0,2220.0,0.0015,59.23576736316538,53.66800258259194
event_0338,outdoor,1768415822.8277428,30,1500.0,-720.0,-0.32432432432432434,30,2100.0,45.0,75.0,2220.0,0.0015,54.071612978410364,29.534087243983073
event_0339,outdoor,1775612017.6964927,30,1500.0,-720.0,-0.32432432432432434,30,2100.0,45.0,75.0,2220.0,0.0015,55.49787939670432,39.247125764811386
event_0340,outdoor,1768297461.01261,30,1500.0,-720.0,-0.32432432432432434,30,2100.0,45.0,75.0,2220.0,0.0015,43.60233740149141,40.997854607288616
event_0341,outdoor,1777273006.7290583,30,1500.0,-720.0,-0.32432432432432434,30,2100.0,45.0,75.0,2220.0,0.0015,30.779162374305,42.48196099094616
event_0342,outdoor,1775846506.7320187,30,1500.0,-720.0,-0.32432432432432434,30,2100.0,45.0,75.0,2220.0,0.0015,55.22338387227383,53.322359770908506
event_0343,outdoor,1766417891.9542434,30,1500.0,-720.0,-0.32432432432432434,30,2100.0,45.0,75.0,2220.0,0.0015,35.57770220409761,31.854835765933366
event_0344,outdoor,1777628368.4087472,30,1500.0,-720.0,-0.32432432432432434,30,2100.0,45.0,75.0,2220.0,0.0015,40.73230914276576,44.342645800010956
event_0345,outdoor,1769092273.1256216,30,1500.0,-720.0,-0.32432432432432434,30,2100.0,45.0,75.0,2220.0,0.0015,59.10813175322454,42.49505651310323
event_0346,outdoor,1768527620.9653487,30,1500.0,-720.0,-0.32432432432432434,30,2100.0,45.0,75.0,2220.0,0.0015,31.63821870581682,37.62685088419467
event_0347,outdoor,1772608202.4949973,30,1500.0,-720.0,-0.32432432432432434,30,2100.0,45.0,75.0,2220.0,0.0015,44.27175179752295,47.37154817204066
event_0348,outdoor,1781640674.3328795,30,1500.0,-720.0,-0.32432432432432434,30,2100.0,45.0,75.0,2220.0,0.0015,38.98894773841544,37.20133337783694
event_0349,outdoor,1779790089.0383017,30,1500.0,-720.0,-0.32432432432432434,30,2100.0,45.0,75.0,2220.0,0.0015,49.16301151134634,47.410175609943806
event_0350,outdoor,1776918461.1726084,30,1500.0,-720.0,-0.32432432432432434,30,2100.0,45.0,75.0,2220.0,0.0015,54.21813921781214,38.52553050032897
event_0351,outdoor,1776350432.6429617,30,1500.0,-720.0,-0.32432432432432434,30,2100.0,45.0,75.0,2220.0,0.0015,46.64074818384408,31.987255246461434
event_0352,outdoor,1771361807.6920815,30,1500.0,-720.0,-0.32432432432432434,30,2100.0,45.0,75.0,2220.0,0.0015,35.973686098566276,35.95482475218255
event_0353,outdoor,1778836526.139629,30,1500.0,-720.0,-0.32432432432432434,30,2100.0,45.0,75.0,2220.0,0.0015,35.879626800453366,32.9301678806594
event_0354,outdoor,1774914894.9702113,30,1500.0,-720.0,-0.32432432432432434,30,2100.0,45.0,75.0,2220.0,0.0015,56.55034574366413,37.474731819415055
event_0355,outdoor,1779506135.4136283,30,1500.0,-720.0,-0.32432432432432434,30,2100.0,45.0,75.0,2220.0,0.0015,45.807802225001566,50.37263926815582
event_0356,outdoor,1776230009.2715669,30,1500.0,-720.0,-0.32432432432432434,30,2100.0,45.0,75.0,2220.0,0.0015,33.92384040241646,33.30995155399349
event_0357,outdoor,1775875277.2598917,30,1500.0,-720.0,-0.32432432432432434,30,2100.0,45.0,75.0,2220.0,0.0015,57.630407820536604,49.36630649304974
event_0358,outdoor,1779399585.5182924,30,1500.0,-720.0,-0.32432432432432434,30,2100.0,45.0,75.0,2220.0,0.0015,48.8837742348638,35.842052582203166
event_0359,outdoor,1780921224.9763968,30,1500.0,-720.0,-0.32432432432432434,30,2100.0,45.0,75.0,2220.0,0.0015,53.539956689775124,50.147922147647
event_0360,outdoor,1772357583.950645,30,1500.0,-720.0,-0.32432432432432434,30,2100.0,45.0,75.0,2220.0,0.0015,41.22798275170947,42.52898625284048
event_0361,outdoor,1774342516.562063,30,1500.0,-720.0,-0.32432432432432434,30,2100.0,45.0,75.0,2220.0,0.0015,44.212744668499106,44.27322717924781
event_0362,outdoor,1776485454.096077,30,1500.0,-720.0,-0.32432432432432434,30,2100.0,45.0,75.0,2220.0,0.0015,43.562402098589004,34.56276857171356
event_0363,outdoor,1776861145.280008,30,1500.0,-720.0,-0.32432432432432434,30,2100.0,45.0,75.0,2220.0,0.0015,37.63587725547372,30.37324964822269
event_0364,outdoor,1778591907.2521377,30,1500.0,-720.0,-0.32432432432432434,30,2100.0,45.0,75.0,2220.0,0.0015,45.36786264653336,37.41847145505894
event_0365,outdoor,1773414060.327258,30,1500.0,-720.0,-0.32432432432432434,30,2100.0,45.0,75.0,2220.0,0.0015,30.74154589613506,40.36727784980931
event_0366,outdoor,1781253939.6305268,30,1500.0,-720.0,-0.32432432432432434,30,2100.0,45.0,75.0,2220.0,0.0015,46.3995566912713,30.188452288541587
event_0367,outdoor,1775525879.4032836,30,1500.0,-720.0,-0.32432432432432434,30,2100.0,45.0,75.0,2220.0,0.0015,40.01273524686239,46.90300510241654
event_0368,outdoor,1773039464.1224632,30,1500.0,-720.0,-0.32432432432432434,30,2100.0,45.0,75.0,2220.0,0.0015,48.12102131500744,31.860223531390297
event_0369,outdoor,1766996466.6380298,30,1500.0,-720.0,-0.32432432432432434,30,2100.0,45.0,75.0,2220.0,0.0015,38.45535810790409,37.70570607429438
event_0370,outdoor,1767508752.724193,30,1500.0,-720.0,-0.32432432432432434,30,2100.0,45.0,75.0,2220.0,0.0015,49.62273102536357,55.6996895470656
event_0371,outdoor,1767805247.8477633,30,1500.0,-720.0,-0.32432432432432434,30,2100.0,45.0,75.0,2220.0,0.0015,37.01169569399029,44.4361018986053
event_0372,outdoor,1781874917.1895657,30,1500.0,-720.0,-0.32432432432432434,30,2100.0,45.0,75.0,2220.0,0.0015,55.37405003335622,40.006203275648275
event_0373,outdoor,1778757915.412979,30,1500.0,-720.0,-0.32432432432432434,30,2100.0,45.0,75.0,2220.0,0.0015,34.168506766298805,52.46500590140877
event_0374,outdoor,1767057291.623383,30,1500.0,-720.0,-0.32432432432432434,30,2100.0,45.0,75.0,2220.0,0.0015,36.764719207394265,39.920141750584236
event_0375,outdoor,1769690610.2436593,30,1500.0,-720.0,-0.32432432432432434,30,2100.0,45.0,75.0,2220.0,0.0015,47.027322825496896,28.90185181662468
event_0376,outdoor,1776430629.742622,30,1500.0,-720.0,-0.32432432432432434,30,2100.0,45.0,75.0,2220.0,0.0015,57.41256585892378,44.06860456075111
event_0377,outdoor,1779153134.236262,30,1500.0,-720.0,-0.32432432432432434,30,2100.0,45.0,75.0,2220.0,0.0015,44.24332963868343,37.20755815466062
event_0378,outdoor,1777577193.5042317,30,1500.0,-720.0,-0.32432432432432434,30,2100.0,45.0,75.0,2220.0,0.0015,35.32908283890616,51.14129518935596
event_0379,outdoor,1780787207.154695,30,1500.0,-720.0,-0.32432432432432434,30,2100.0,45.0,75.0,2220.0,0.0015,36.17676889144765,36.15095480135051
event_0380,outdoor,1776908509.8285975,30,1500.0,-720.0,-0.32432432432432434,30,2100.0,45.0,75.0,2220.0,0.0015,57.294373380585284,38.950947645284174
event_0381,outdoor,1772504069.2048337,30,1500.0,-720.0,-0.32432432432432434,30,2100.0,45.0,75.0,2220.0,0.0015,57.1076251266225,33.78143137423771
event_0382,outdoor,1779617198.6489668,30,1500.0,-720.0,-0.32432432432432434,30,2100.0,45.0,75.0,2220.0,0.0015,47.25274151693752,36.68878460265528
event_0383,outdoor,1775197845.799744,30,1500.0,-720.0,-0.32432432432432434,30,2100.0,45.0,75.0,2220.0,0.0015,43.37194742202089,51.088313484032696
event_0384,outdoor,1771929526.3522549,30,1500.0,-720.0,-0.32432432432432434,30,2100.0,45.0,75.0,2220.0,0.0015,43.88086361649619,29.09437412503466
event_0385,outdoor,1775460321.3885114,30,1500.0,-720.0,-0.32432432432432434,30,2100.0,45.0,75.0,2220.0,0.0015,53.770403555955454,38.95053029928185
event_0386,outdoor,1779440702.2270596,30,1500.0,-720.0,-0.32432432432432434,30,2100.0,45.0,75.0,2220.0,0.0015,42.96229842107627,38.770619910235155
event_0387,outdoor,1770739449.6861434,30,1500.0,-720.0,-0.32432432432432434,30,2100.0,45.0,75.0,2220.0,0.0015,56.566254542143554,32.42210227002006
event_0388,outdoor,1778337912.957147,30,1500.0,-720.0,-0.32432432432432434,30,2100.0,45.0,75.0,2220.0,0.0015,57.067041594666584,53.44462118907013
event_0389,outdoor,1769848175.576757,30,1500.0,-720.0,-0.32432432432432434,30,2100.0,45.0,75.0,2220.0,0.0015,45.13184527304897,49.82629797703302
event_0390,outdoor,1778151379.4133484,30,1500.0,-720.0,-0.32432432432432434,30,2100.0,45.0,75.0,2220.0,0.0015,49.16599870349893,46.9174178614662
event_0391,outdoor,1773894755.7142959,30,1500.0,-720.0,-0.32432432432432434,30,2100.0,45.0,75.0,2220.0,0.0015,37.51817199170948,47.85478894173976
event_0392,outdoor,1774429461.6866612,30,1500.0,-720.0,-0.32432432432432434,30,2100.0,45.0,75.0,2220.0,0.0015,49.71067813984162,47.980283100906874
event_0393,outdoor,1770628709.7360618,30,1500.0,-720.0,-0.32432432432432434,30,2100.0,45.0,75.0,2220.0,0.0015,48.20965672295878,32.9626249092523
event_0394,outdoor,1769841839.799407,30,1500.0,-720.0,-0.32432432432432434,30,2100.0,45.0,75.0,2220.0,0.0015,38.19756794426512,40.338423744040995
event_0395,outdoor,1776382664.9340458,30,1500.0,-720.0,-0.32432432432432434,30,2100.0,45.0,75.0,2220.0,0.0015,31.432680674605326,45.77413152696439
event_0396,outdoor,1778990667.324911,30,1500.0,-720.0,-0.32432432432432434,30,2100.0,45.0,75.0,2220.0,0.0015,43.31960053423388,44.7497498104769
event_0397,outdoor,1776165923.2807634,30,1500.0,-720.0,-0.32432432432432434,30,2100.0,45.0,75.0,2220.0,0.0015,35.99957073287362,28.449076412671182
event_0398,outdoor,1777565710.1947906,30,1500.0,-720.0,-0.32432432432432434,30,2100.0,45.0,75.0,2220.0,0.0015,58.76235765567856,30.70488976175991
event_0399,outdoor,1772763556.6737802,30,1500.0,-720.0,-0.32432432432432434,30,2100.0,45.0,75.0,2220.0,0.0015,54.46873009066465,37.03502812786039
event_0400,outdoor,1772370013.7933042,30,1500.0,-720.0,-0.32432432432432434,30,2100.0,45.0,75.0,2220.0,0.0015,36.97224413166493,30.96478880930049
event_0401,outdoor,1769134580.403406,30,1500.0,-720.0,-0.32432432432432434,30,2100.0,45.0,75.0,2220.0,0.0015,36.602885812375604,46.4229276688574
event_0402,outdoor,1774494142.4525993,30,1500.0,-720.0,-0.32432432432432434,30,2100.0,45.0,75.0,2220.0,0.0015,53.026353925213755,41.9881286883866
event_0403,outdoor,1772304300.5817907,30,1500.0,-720.0,-0.32432432432432434,30,2100.0,45.0,75.0,2220.0,0.0015,37.558204597018964,30.652847892018258
event_0404,outdoor,1780010780.2956839,30,1500.0,-720.0,-0.32432432432432434,30,2100.0,45.0,75.0,2220.0,0.0015,33.987943082760246,32.90926928661686
event_0405,outdoor,1772207775.313178,30,1500.0,-720.0,-0.32432432432432434,30,2100.0,45.0,75.0,2220.0,0.0015,30.529463948726647,53.53889113948519
event_0406,outdoor,1772061807.549579,30,1500.0,-720.0,-0.32432432432432434,30,2100.0,45.0,75.0,2220.0,0.0015,30.398750431673058,28.5939746294749
event_0407,outdoor,1771144379.396866,30,1500.0,-720.0,-0.32432432432432434,30,2100.0,45.0,75.0,2220.0,0.0015,32.38168918935724,31.85155351822571
event_0408,outdoor,1772604833.8096356,30,1500.0,-720.0,-0.32432432432432434,30,2100.0,45.0,75.0,2220.0,0.0015,51.75925268189799,55.679438579712375
event_0409,outdoor,1775710327.7031536,30,1500.0,-720.0,-0.32432432432432434,30,2100.0,45.0,75.0,2220.0,0.0015,31.188224297957014,50.169833595841304
event_0410,outdoor,1774477988.801069,30,1500.0,-720.0,-0.32432432432432434,30,2100.0,45.0,75.0,2220.0,0.0015,40.28185246339045,33.7628881864304
event_0411,outdoor,1774433630.4369102,30,1500.0,-720.0,-0.32432432432432434,30,2100.0,45.0,75.0,2220.0,0.0015,36.673321636333284,52.435761918735544
event_0412,outdoor,1770666680.7970943,30,1500.0,-720.0,-0.32432432432432434,30,2100.0,45.0,75.0,2220.0,0.0015,58.60983569751652,29.458992136733787
event_0413,outdoor,1780605530.1557446,30,1500.0,-720.0,-0.32432432432432434,30,2100.0,45.0,75.0,2220.0,0.0015,53.85699278082237,33.72245328587803
event_0414,outdoor,1774248325.4658692,30,1500.0,-720.0,-0.32432432432432434,30,2100.0,45.0,75.0,2220.0,0.0015,42.72050325045783,44.96383457609373
event_0415,outdoor,1773261248.4909434,30,1500.0,-720.0,-0.32432432432432434,30,2100.0,45.0,75.0,2220.0,0.0015,44.43512121141313,54.628369385239075
event_0416,outdoor,1767425914.4547067,30,1500.0,-720.0,-0.32432432432432434,30,2100.0,45.0,75.0,2220.0,0.0015,43.00291473276715,32.36459710410912
event_0417,outdoor,1772579479.8532658,30,1500.0,-720.0,-0.32432432432432434,30,2100.0,45.0,75.0,2220.0,0.0015,57.19371108446997,36.40648341674458
event_0418,outdoor,1769480524.6088977,30,1500.0,-720.0,-0.32432432432432434,30,2100.0,45.0,75.0,2220.0,0.0015,38.49677243273263,43.73997882730298
event_0419,outdoor,1767595949.3225813,30,1500.0,-720.0,-0.32432432432432434,30,2100.0,45.0,75.0,2220.0,0.0015,30.12541652012637,52.12634356334503
event_0420,outdoor,1781699649.9865568,30,1500.0,-720.0,-0.32432432432432434,30,2100.0,45.0,75.0,2220.0,0.0015,52.26581954355797,38.75304786642962
event_0421,outdoor,1778805556.354217,30,1500.0,-720.0,-0.32432432432432434,30,2100.0,45.0,75.0,2220.0,0.0015,33.73432525653228,54.09962764260948
event_0422,outdoor,1766506236.7350578,30,1500.0,-720.0,-0.32432432432432434,30,2100.0,45.0,75.0,2220.0,0.0015,40.457360634865246,47.85559703172305
event_0423,outdoor,1769235536.054005,30,1500.0,-720.0,-0.32432432432432434,30,2100.0,45.0,75.0,2220.0,0.0015,37.4037543480887,41.37631563072064
event_0424,outdoor,1775331594.3175452,30,1500.0,-720.0,-0.32432432432432434,30,2100.0,45.0,75.0,2220.0,0.0015,34.43652844309748,44.95219779575751
event_0425,outdoor,1778817493.143368,30,1500.0,-720.0,-0.32432432432432434,30,2100.0,45.0,75.0,2220.0,0.0015,34.84282247997911,31.268458020591893
event_0426,outdoor,1777581464.8376698,30,1500.0,-720.0,-0.32432432432432434,30,2100.0,45.0,75.0,2220.0,0.0015,32.41044950154506,53.47857613330372
event_0427,outdoor,1773786451.7204273,30,1500.0,-720.0,-0.32432432432432434,30,2100.0,45.0,75.0,2220.0,0.0015,45.99603935893313,52.826224794373516
event_0428,outdoor,1769469507.1295276,30,1500.0,-720.0,-0.32432432432432434,30,2100.0,45.0,75.0,2220.0,0.0015,33.27822215173697,44.033127469922235
event_0429,outdoor,1770831325.2554986,30,1500.0,-720.0,-0.32432432432432434,30,2100.0,45.0,75.0,2220.0,0.0015,50.97026988299944,28.17976858941252
event_0430,outdoor,1779577415.3980951,30,1500.0,-720.0,-0.32432432432432434,30,2100.0,45.0,75.0,2220.0,0.0015,42.50526971843567,36.0735273102312
event_0431,outdoor,1776400818.6400523,30,1500.0,-720.0,-0.32432432432432434,30,2100.0,45.0,75.0,2220.0,0.0015,45.07841258089616,31.086670999366802
event_0432,outdoor,1770024232.6857562,30,1500.0,-720.0,-0.32432432432432434,30,2100.0,45.0,75.0,2220.0,0.0015,35.756544975791556,55.52251950847843
event_0433,outdoor,1774524290.9638507,30,1500.0,-720.0,-0.32432432432432434,30,2100.0,45.0,75.0,2220.0,0.0015,32.39429405923015,30.39979778659641
event_0434,outdoor,1773267341.5507138,30,1500.0,-720.0,-0.32432432432432434,30,2100.0,45.0,75.0,2220.0,0.0015,52.81600783038344,28.266184134107686
event_0435,outdoor,1774906286.7015004,30,1500.0,-720.0,-0.32432432432432434,30,2100.0,45.0,75.0,2220.0,0.0015,36.33205075316158,50.170023025597146
event_0436,outdoor,1771191163.5677319,30,1500.0,-720.0,-0.32432432432432434,30,2100.0,45.0,75.0,2220.0,0.0015,52.70734913729801,44.922403425162294
event_0437,outdoor,1779562574.3802302,30,1500.0,-720.0,-0.32432432432432434,30,2100.0,45.0,75.0,2220.0,0.0015,40.83631880545876,39.157197822602086
event_0438,outdoor,1775659912.9475179,30,1500.0,-720.0,-0.32432432432432434,30,2100.0,45.0,75.0,2220.0,0.0015,56.11624532155132,39.25063398708526
event_0439,outdoor,1779259005.0518363,30,1500.0,-720.0,-0.32432432432432434,30,2100.0,45.0,75.0,2220.0,0.0015,58.531858183279176,49.04031275824792
event_0440,outdoor,1777022836.3888695,30,1500.0,-720.0,-0.32432432432432434,30,2100.0,45.0,75.0,2220.0,0.0015,49.80685230819917,28.087615069844418
event_0441,outdoor,1770607540.5896866,30,1500.0,-720.0,-0.32432432432432434,30,2100.0,45.0,75.0,2220.0,0.0015,59.087927298447,48.60276488300194
event_0442,outdoor,1777683279.752503,30,1500.0,-720.0,-0.32432432432432434,30,2100.0,45.0,75.0,2220.0,0.0015,40.450018739979626,54.29437308074189
event_0443,outdoor,1773586531.4268506,30,1500.0,-720.0,-0.32432432432432434,30,2100.0,45.0,75.0,2220.0,0.0015,41.54575630140222,45.00086666242893
event_0444,outdoor,1780305221.1036785,30,1500.0,-720.0,-0.32432432432432434,30,2100.0,45.0,75.0,2220.0,0.0015,30.952372430531984,41.94190158181624
event_0445,outdoor,1777811050.455036,30,1500.0,-720.0,-0.32432432432432434,30,2100.0,45.0,75.0,2220.0,0.0015,56.89225728354306,54.74143421082945
event_0446,outdoor,1770314830.3305943,30,1500.0,-720.0,-0.32432432432432434,30,2100.0,45.0,75.0,2220.0,0.0015,50.99727006765421,30.953150959141666
event_0447,outdoor,1778729670.0523472,30,1500.0,-720.0,-0.32432432432432434,30,2100.0,45.0,75.0,2220.0,0.0015,38.410735403085354,48.136899525028454
event_0448,outdoor,1768785745.2815902,30,1500.0,-720.0,-0.32432432432432434,30,2100.0,45.0,75.0,2220.0,0.0015,49.0064457190218,41.774845917019015
event_0449,outdoor,1771904321.4793963,30,1500.0,-720.0,-0.32432432432432434,30,2100.0,45.0,75.0,2220.0,0.0015,31.940010855492922,37.61032183882809
event_0450,outdoor,1766707389.846809,30,1500.0,-720.0,-0.32432432432432434,30,2100.0,45.0,75.0,2220.0,0.0015,58.98743991318516,40.23494308171071
event_0451,outdoor,1774829697.2975779,30,1500.0,-720.0,-0.32432432432432434,30,2100.0,45.0,75.0,2220.0,0.0015,47.766014621528385,33.26837841309083
event_0452,outdoor,1770973611.8200521,30,1500.0,-720.0,-0.32432432432432434,30,2100.0,45.0,75.0,2220.0,0.0015,52.10753671862449,36.702369583642316
event_0453,outdoor,1772037408.058214,30,1500.0,-720.0,-0.32432432432432434,30,2100.0,45.0,75.0,2220.0,0.0015,53.92554417534966,54.14990462589136
event_0454,outdoor,1771392386.4136267,30,1500.0,-720.0,-0.32432432432432434,30,2100.0,45.0,75.0,2220.0,0.0015,55.57086075706842,36.84593430199938
event_0455,outdoor,1766861680.014435,30,1500.0,-720.0,-0.32432432432432434,30,2100.0,45.0,75.0,2220.0,0.0015,38.50178475958199,48.917678077741115
event_0456,outdoor,1776079299.5600448,30,1500.0,-720.0,-0.32432432432432434,30,2100.0,45.0,75.0,2220.0,0.0015,50.657999915658834,35.65667119556487
event_0457,outdoor,1776311743.3668506,30,1500.0,-720.0,-0.32432432432432434,30,2100.0,45.0,75.0,2220.0,0.0015,58.99487108961686,29.64675247275828
event_0458,outdoor,1769732988.3761168,30,1500.0,-720.0,-0.32432432432432434,30,2100.0,45.0,75.0,2220.0,0.0015,36.75215200343894,48.60031608843696
event_0459,outdoor,1772832261.495987,30,1500.0,-720.0,-0.32432432432432434,30,2100.0,45.0,75.0,2220.0,0.0015,54.45036485625438,53.54653844057404
event_0460,outdoor,1771624310.7558763,30,1500.0,-720.0,-0.32432432432432434,30,2100.0,45.0,75.0,2220.0,0.0015,40.44921482154299,38.95815601162438
event_0461,outdoor,1771405619.3014965,30,1500.0,-720.0,-0.32432432432432434,30,2100.0,45.0,75.0,2220.0,0.0015,46.44030095497648,30.72494786728337
event_0462,outdoor,1766914388.048356,30,1500.0,-720.0,-0.32432432432432434,30,2100.0,45.0,75.0,2220.0,0.0015,39.122220231041126,46.3297515853006
event_0463,outdoor,1771272708.0992703,30,1500.0,-720.0,-0.32432432432432434,30,2100.0,45.0,75.0,2220.0,0.0015,54.13075329699721,33.47834191165066
event_0464,outdoor,1770261085.1932263,30,1500.0,-720.0,-0.32432432432432434,30,2100.0,45.0,75.0,2220.0,0.0015,55.75292277655127,38.54356219329795
event_0465,outdoor,1769064290.1307003,30,1500.0,-720.0,-0.32432432432432434,30,2100.0,45.0,75.0,2220.0,0.0015,44.216272647596796,54.46176950238063
event_0466,outdoor,1779871819.8126884,30,1500.0,-720.0,-0.32432432432432434,30,2100.0,45.0,75.0,2220.0,0.0015,51.676512525378314,34.86002809518426
event_0467,outdoor,1771458196.066194,30,1500.0,-720.0,-0.32432432432432434,30,2100.0,45.0,75.0,2220.0,0.0015,52.35600703404209,49.723794664220925
event_0468,outdoor,1767776280.6708786,30,1500.0,-720.0,-0.32432432432432434,30,2100.0,45.0,75.0,2220.0,0.0015,41.463027583483466,45.70533840573931
event_0469,outdoor,1772573203.0780175,30,1500.0,-720.0,-0.32432432432432434,30,2100.0,45.0,75.0,2220.0,0.0015,57.25435350308161,34.298181121384715
event_0470,outdoor,1774528412.1028733,30,1500.0,-720.0,-0.32432432432432434,30,2100.0,45.0,75.0,2220.0,0.0015,47.786370183772576,38.75087658731163
event_0471,outdoor,1771363433.6119876,30,1500.0,-720.0,-0.32432432432432434,30,2100.0,45.0,75.0,2220.0,0.0015,51.41304438759696,52.14189367194693
event_0472,outdoor,1779099520.294793,30,1500.0,-720.0,-0.32432432432432434,30,2100.0,45.0,75.0,2220.0,0.0015,53.50423667107439,42.84245450556108
event_0473,outdoor,1779886147.1656854,30,1500.0,-720.0,-0.32432432432432434,30,2100.0,45.0,75.0,2220.0,0.0015,52.60524647377167,33.80898558377526
event_0474,outdoor,1769544829.2328398,30,1500.0,-720.0,-0.32432432432432434,30,2100.0,45.0,75.0,2220.0,0.0015,43.416986346359465,36.80029031221024
event_0475,outdoor,1774568090.0488346,30,1500.0,-720.0,-0.32432432432432434,30,2100.0,45.0,75.0,2220.0,0.0015,52.59206191487728,30.369089182004302
event_0476,outdoor,1781074695.2450526,30,1500.0,-720.0,-0.32432432432432434,30,2100.0,45.0,75.0,2220.0,0.0015,49.744781032223756,34.953438374525305
event_0477,outdoor,1777412390.7846122,30,1500.0,-720.0,-0.32432432432432434,30,2100.0,45.0,75.0,2220.0,0.0015,34.1956513919841,41.73239910202355
event_0478,outdoor,1771117543.4296536,30,1500.0,-720.0,-0.32432432432432434,30,2100.0,45.0,75.0,2220.0,0.0015,50.637909270601526,46.55327590520212
event_0479,outdoor,1780040499.5611238,30,1500.0,-720.0,-0.32432432432432434,30,2100.0,45.0,75.0,2220.0,0.0015,34.02624017048129,43.45797754860758
event_0480,outdoor,1776103469.1797984,30,1500.0,-720.0,-0.32432432432432434,30,2100.0,45.0,75.0,2220.0,0.0015,37.82023326645396,46.19353033082543
event_0481,outdoor,1768424630.7939384,30,1500.0,-720.0,-0.32432432432432434,30,2100.0,45.0,75.0,2220.0,0.0015,34.29731850383527,33.705361112770625
event_0482,outdoor,1775159768.9492157,30,1500.0,-720.0,-0.32432432432432434,30,2100.0,45.0,75.0,2220.0,0.0015,46.90926469653503,46.13759111593835
event_0483,outdoor,1768638481.658081,30,1500.0,-720.0,-0.32432432432432434,30,2100.0,45.0,75.0,2220.0,0.0015,41.368257036635995,54.99249563292416
event_0484,outdoor,1769298053.974854,30,1500.0,-720.0,-0.32432432432432434,30,2100.0,45.0,75.0,2220.0,0.0015,39.88072528843078,30.491276429287684
event_0485,outdoor,1769966459.8892024,30,1500.0,-720.0,-0.32432432432432434,30,2100.0,45.0,75.0,2220.0,0.0015,32.938405657669,55.42558597866936
event_0486,outdoor,1776477400.7303236,30,1500.0,-720.0,-0.32432432432432434,30,2100.0,45.0,75.0,2220.0,0.0015,56.265357726786185,44.48715739695438
event_0487,outdoor,1781152790.549706,30,1500.0,-720.0,-0.32432432432432434,30,2100.0,45.0,75.0,2220.0,0.0015,38.131619008064334,30.773852267145863
event_0488,outdoor,1773024656.5794516,30,1500.0,-720.0,-0.32432432432432434,30,2100.0,45.0,75.0,2220.0,0.0015,50.334356494546,50.08492710357234
event_0489,outdoor,1774472445.2596147,30,1500.0,-720.0,-0.32432432432432434,30,2100.0,45.0,75.0,2220.0,0.0015,50.59975046967687,47.97023451591846
event_0490,outdoor,1774402112.7683933,30,1500.0,-720.0,-0.32432432432432434,30,2100.0,45.0,75.0,2220.0,0.0015,49.17580469872799,38.364219544902944
event_0491,outdoor,1780668109.0091622,30,1500.0,-720.0,-0.32432432432432434,30,2100.0,45.0,75.0,2220.0,0.0015,40.62004248763671,41.122642949688576
event_0492,outdoor,1773387487.4074845,30,1500.0,-720.0,-0.32432432432432434,30,2100.0,45.0,75.0,2220.0,0.0015,36.862923124101926,45.79778695122749
event_0493,outdoor,1767793516.7652462,30,1500.0,-720.0,-0.32432432432432434,30,2100.0,45.0,75.0,2220.0,0.0015,32.300796373923056,34.72102873367275
event_0494,outdoor,1772294510.8009322,30,1500.0,-720.0,-0.32432432432432434,30,2100.0,45.0,75.0,2220.0,0.0015,54.250407563377834,28.299451104854473
event_0495,outdoor,1771166294.0133765,30,1500.0,-720.0,-0.32432432432432434,30,2100.0,45.0,75.0,2220.0,0.0015,50.55365592195565,46.949676639335266
event_0496,outdoor,1774827840.627069,30,1500.0,-720.0,-0.32432432432432434,30,2100.0,45.0,75.0,2220.0,0.0015,30.218707706218975,39.89940947050279
event_0497,outdoor,1770181089.8351166,30,1500.0,-720.0,-0.32432432432432434,30,2100.0,45.0,75.0,2220.0,0.0015,59.975037548020154,54.45835872580945
event_0498,outdoor,1779408111.0983496,30,1500.0,-720.0,-0.32432432432432434,30,2100.0,45.0,75.0,2220.0,0.0015,52.91131351668754,53.30636133478522
event_0499,outdoor,1777129730.3812935,30,1500.0,-720.0,-0.32432432432432434,30,2100.0,45.0,75.0,2220.0,0.0015,44.86523584554227,32.773551005512054
