recommendation_id,neural_failed,fallback_used,fallback_score,hybrid_score,score_difference
rec_0000,False,False,0.7521272572134186,0.7521272572134186,0.0
rec_0001,False,False,0.7052221265421583,0.7052221265421583,0.0
rec_0002,False,False,0.6012022480295247,0.6012022480295247,0.0
rec_0003,False,False,0.6456222676466767,0.6456222676466767,0.0
rec_0004,False,False,0.7917657457491492,0.7917657457491492,0.0
rec_0005,False,False,0.6795882360138321,0.6795882360138321,0.0
rec_0006,False,False,0.6581551867802845,0.6581551867802845,0.0
rec_0007,False,False,0.7880122851073715,0.7880122851073715,0.0
rec_0008,False,False,0.58095816948944,0.58095816948944,0.0
rec_0009,True,True,0.6739518328664716,0.5532374159830852,0.12071441688338647
rec_0010,False,False,0.5971570334530123,0.5971570334530123,0.0
rec_0011,False,False,0.7152034209992948,0.7152034209992948,0.0
rec_0012,False,False,0.617703117659254,0.617703117659254,0.0
rec_0013,False,False,0.5792334771106558,0.5792334771106558,0.0
rec_0014,False,False,0.6367506466269168,0.6367506466269168,0.0
rec_0015,False,False,0.6139056071339356,0.6139056071339356,0.0
rec_0016,False,False,0.6587388364497475,0.6587388364497475,0.0
rec_0017,False,False,0.6256006756517273,0.6256006756517273,0.0
rec_0018,False,False,0.6686698158140236,0.6686698158140236,0.0
rec_0019,False,False,0.7514863115846255,0.7514863115846255,0.0
rec_0020,False,False,0.6655254518377732,0.6655254518377732,0.0
rec_0021,False,False,0.7460217494346354,0.7460217494346354,0.0
rec_0022,False,False,0.6511743977096222,0.6511743977096222,0.0
rec_0023,False,False,0.6197390717023921,0.6197390717023921,0.0
rec_0024,False,False,0.676241731866635,0.676241731866635,0.0
rec_0025,False,False,0.6714101868087032,0.6714101868087032,0.0
rec_0026,True,True,0.5711542723625228,0.59854743069555,0.027393158333027245
rec_0027,False,False,0.75034127169286,0.75034127169286,0.0
rec_0028,False,False,0.6704031314703585,0.6704031314703585,0.0
rec_0029,False,False,0.7398986248542738,0.7398986248542738,0.0
rec_0030,True,True,0.5448166510026233,0.6073299552825914,0.06251330427996804
rec_0031,False,False,0.8019732640119672,0.8019732640119672,0.0
rec_0032,False,False,0.6542105919882334,0.6542105919882334,0.0
rec_0033,False,False,0.6908726376661521,0.6908726376661521,0.0
rec_0034,False,False,0.7067229955662881,0.7067229955662881,0.0
rec_0035,False,False,0.6745073474929262,0.6745073474929262,0.0
rec_0036,False,False,0.6159963303787699,0.6159963303787699,0.0
rec_0037,False,False,0.7309393537815772,0.7309393537815772,0.0
rec_0038,True,True,0.6969917733196512,0.7159005758613156,0.018908802541664382
rec_0039,False,False,0.6051465660694759,0.6051465660694759,0.0
rec_0040,False,False,0.6922230511413963,0.6922230511413963,0.0
rec_0041,False,False,0.5811433079143181,0.5811433079143181,0.0
rec_0042,False,False,0.7504983673803929,0.7504983673803929,0.0
rec_0043,False,False,0.680453012894263,0.680453012894263,0.0
rec_0044,False,False,0.6853688608996973,0.6853688608996973,0.0
rec_0045,False,False,0.7309576697411531,0.7309576697411531,0.0
rec_0046,False,False,0.6227286402884775,0.6227286402884775,0.0
rec_0047,False,False,0.7084133702430827,0.7084133702430827,0.0
rec_0048,False,False,0.6837226103776812,0.6837226103776812,0.0
rec_0049,False,False,0.7042116356151494,0.7042116356151494,0.0
rec_0050,False,False,0.5593159007317461,0.5593159007317461,0.0
rec_0051,False,False,0.6238083022812058,0.6238083022812058,0.0
rec_0052,False,False,0.6299574100711233,0.6299574100711233,0.0
rec_0053,False,False,0.7215936740320967,0.7215936740320967,0.0
rec_0054,False,False,0.5529369569049334,0.5529369569049334,0.0
rec_0055,False,False,0.8103355320304806,0.8103355320304806,0.0
rec_0056,False,False,0.678954766316376,0.678954766316376,0.0
rec_0057,False,False,0.5609263318076222,0.5609263318076222,0.0
rec_0058,False,False,0.6670419756508831,0.6670419756508831,0.0
rec_0059,False,False,0.7106537224203104,0.7106537224203104,0.0
rec_0060,False,False,0.6724464303914541,0.6724464303914541,0.0
rec_0061,False,False,0.6068409894103264,0.6068409894103264,0.0
rec_0062,True,True,0.6907635402540023,0.6728543193514105,0.017909220902591838
rec_0063,True,True,0.5583345340608822,0.5204659768373233,0.03786855722355886
rec_0064,False,False,0.7699826542364969,0.7699826542364969,0.0
rec_0065,False,False,0.7259837753292178,0.7259837753292178,0.0
rec_0066,True,True,0.6834831953377372,0.6997343708678851,0.016251175530147988
rec_0067,False,False,0.6546228150586446,0.6546228150586446,0.0
rec_0068,True,True,0.5309075904066639,0.6166862187516117,0.08577862834494776
rec_0069,False,False,0.5321129545564832,0.5321129545564832,0.0
rec_0070,False,False,0.8410827416676252,0.8410827416676252,0.0
rec_0071,False,False,0.6263100217971462,0.6263100217971462,0.0
rec_0072,False,False,0.7316943312579738,0.7316943312579738,0.0
rec_0073,False,False,0.5787139827565206,0.5787139827565206,0.0
rec_0074,False,False,0.7363082124222631,0.7363082124222631,0.0
rec_0075,False,False,0.6148102739528504,0.6148102739528504,0.0
rec_0076,False,False,0.5863290151591501,0.5863290151591501,0.0
rec_0077,False,False,0.6650977318048632,0.6650977318048632,0.0
rec_0078,False,False,0.7404294497018606,0.7404294497018606,0.0
rec_0079,True,True,0.5569594094318431,0.6049531064502153,0.047993697018372194
rec_0080,False,False,0.6705671540301654,0.6705671540301654,0.0
rec_0081,False,False,0.7457809811027045,0.7457809811027045,0.0
rec_0082,False,False,0.5426062917029734,0.5426062917029734,0.0
rec_0083,False,False,0.7376664805435261,0.7376664805435261,0.0
rec_0084,False,False,0.551731300468344,0.551731300468344,0.0
rec_0085,False,False,0.7050194384982744,0.7050194384982744,0.0
rec_0086,False,False,0.7049353088960668,0.7049353088960668,0.0
rec_0087,False,False,0.6391672929243837,0.6391672929243837,0.0
rec_0088,False,False,0.7084275268765092,0.7084275268765092,0.0
rec_0089,False,False,0.7512878111713803,0.7512878111713803,0.0
rec_0090,False,False,0.7036256118290745,0.7036256118290745,0.0
rec_0091,False,False,0.6571774443963924,0.6571774443963924,0.0
rec_0092,False,False,0.7171777574368104,0.7171777574368104,0.0
rec_0093,False,False,0.6956548166602238,0.6956548166602238,0.0
rec_0094,False,False,0.6941378929963246,0.6941378929963246,0.0
rec_0095,False,False,0.7457221068828577,0.7457221068828577,0.0
rec_0096,False,False,0.7076961057204357,0.7076961057204357,0.0
rec_0097,False,False,0.6896650440151537,0.6896650440151537,0.0
rec_0098,False,False,0.7191610224039877,0.7191610224039877,0.0
rec_0099,False,False,0.7767197802143487,0.7767197802143487,0.0
rec_0100,True,True,0.5549178619693007,0.7094939301861926,0.15457606821689185
rec_0101,True,True,0.5153516790241032,0.6196309948329074,0.10427931580880423
rec_0102,False,False,0.606222681304832,0.606222681304832,0.0
rec_0103,False,False,0.7179651474378191,0.7179651474378191,0.0
rec_0104,False,False,0.6948912225406778,0.6948912225406778,0.0
rec_0105,True,True,0.5989099363423649,0.6247673111783901,0.025857374836025238
rec_0106,False,False,0.6555175741927203,0.6555175741927203,0.0
rec_0107,False,False,0.7453792355632413,0.7453792355632413,0.0
rec_0108,False,False,0.6441602212494087,0.6441602212494087,0.0
rec_0109,False,False,0.7767327381094651,0.7767327381094651,0.0
rec_0110,False,False,0.589702063759185,0.589702063759185,0.0
rec_0111,False,False,0.6730180031213744,0.6730180031213744,0.0
rec_0112,False,False,0.7097685303846731,0.7097685303846731,0.0
rec_0113,False,False,0.7514808680919149,0.7514808680919149,0.0
rec_0114,False,False,0.6614970373435971,0.6614970373435971,0.0
rec_0115,False,False,0.7742404878549298,0.7742404878549298,0.0
rec_0116,False,False,0.6174081076372373,0.6174081076372373,0.0
rec_0117,False,False,0.6919582221338811,0.6919582221338811,0.0
rec_0118,False,False,0.7512526009320926,0.7512526009320926,0.0
rec_0119,False,False,0.8367857651241641,0.8367857651241641,0.0
rec_0120,False,False,0.7794243117018644,0.7794243117018644,0.0
rec_0121,False,False,0.7456132876414847,0.7456132876414847,0.0
rec_0122,True,True,0.6124552489613154,0.675259737755125,0.06280448879380962
rec_0123,False,False,0.6395702758681148,0.6395702758681148,0.0
rec_0124,True,True,0.7142385555987493,0.7408905523799911,0.02665199678124186
rec_0125,False,False,0.6952515049981075,0.6952515049981075,0.0
rec_0126,False,False,0.725184298540936,0.725184298540936,0.0
rec_0127,False,False,0.67798657281844,0.67798657281844,0.0
rec_0128,False,False,0.7964672322717804,0.7964672322717804,0.0
rec_0129,False,False,0.7315853879437813,0.7315853879437813,0.0
rec_0130,False,False,0.756772675020274,0.756772675020274,0.0
rec_0131,False,False,0.5908088963270279,0.5908088963270279,0.0
rec_0132,False,False,0.731450375049405,0.731450375049405,0.0
rec_0133,False,False,0.6582659329242151,0.6582659329242151,0.0
rec_0134,False,False,0.8308582545872427,0.8308582545872427,0.0
rec_0135,False,False,0.7063243427349905,0.7063243427349905,0.0
rec_0136,False,False,0.6231659910793472,0.6231659910793472,0.0
rec_0137,False,False,0.6295223416177611,0.6295223416177611,0.0
rec_0138,False,False,0.7897406400210045,0.7897406400210045,0.0
rec_0139,False,False,0.7166232920445575,0.7166232920445575,0.0
rec_0140,False,False,0.6580175841107663,0.6580175841107663,0.0
rec_0141,False,False,0.7083409501071821,0.7083409501071821,0.0
rec_0142,False,False,0.7957886978866864,0.7957886978866864,0.0
rec_0143,False,False,0.6439159625114937,0.6439159625114937,0.0
rec_0144,False,False,0.6620890880243239,0.6620890880243239,0.0
rec_0145,False,False,0.6204101621018214,0.6204101621018214,0.0
rec_0146,False,False,0.6796720254095883,0.6796720254095883,0.0
rec_0147,False,False,0.7750787857852407,0.7750787857852407,0.0
rec_0148,False,False,0.6393454905770926,0.6393454905770926,0.0
rec_0149,False,False,0.5080004346409122,0.5080004346409122,0.0
rec_0150,False,False,0.6293478900337249,0.6293478900337249,0.0
rec_0151,False,False,0.7141930654219776,0.7141930654219776,0.0
rec_0152,False,False,0.7060015071114363,0.7060015071114363,0.0
rec_0153,False,False,0.7645214678177307,0.7645214678177307,0.0
rec_0154,False,False,0.6296874889276612,0.6296874889276612,0.0
rec_0155,False,False,0.7464716724647249,0.7464716724647249,0.0
rec_0156,False,False,0.6794183160273779,0.6794183160273779,0.0
rec_0157,False,False,0.6355719174521892,0.6355719174521892,0.0
rec_0158,False,False,0.7377269292441442,0.7377269292441442,0.0
rec_0159,False,False,0.7155196487633502,0.7155196487633502,0.0
rec_0160,False,False,0.712078588397621,0.712078588397621,0.0
rec_0161,False,False,0.592767593480273,0.592767593480273,0.0
rec_0162,False,False,0.8078240713569045,0.8078240713569045,0.0
rec_0163,False,False,0.6721431611861151,0.6721431611861151,0.0
rec_0164,False,False,0.7524124606941438,0.7524124606941438,0.0
rec_0165,False,False,0.6582148971262568,0.6582148971262568,0.0
rec_0166,False,False,0.7381088285209046,0.7381088285209046,0.0
rec_0167,False,False,0.7199833415352493,0.7199833415352493,0.0
rec_0168,False,False,0.6937284805436279,0.6937284805436279,0.0
rec_0169,True,True,0.7290970792338805,0.7922444577363404,0.06314737850246
rec_0170,False,False,0.6122604677554864,0.6122604677554864,0.0
rec_0171,False,False,0.7546195796511574,0.7546195796511574,0.0
rec_0172,True,True,0.6803366255406107,0.6439952200209468,0.036341405519663916
rec_0173,False,False,0.7124894441850922,0.7124894441850922,0.0
rec_0174,False,False,0.7078921743880178,0.7078921743880178,0.0
rec_0175,False,False,0.7296112123153502,0.7296112123153502,0.0
rec_0176,False,False,0.7451161557813571,0.7451161557813571,0.0
rec_0177,False,False,0.6060372086126927,0.6060372086126927,0.0
rec_0178,False,False,0.6624825239134764,0.6624825239134764,0.0
rec_0179,False,False,0.7682239315958079,0.7682239315958079,0.0
rec_0180,True,True,0.667252677306422,0.6891731011471097,0.02192042384068771
rec_0181,False,False,0.6362577269249964,0.6362577269249964,0.0
rec_0182,True,True,0.5589508442866551,0.6549489190923571,0.095998074805702
rec_0183,False,False,0.5568796128998112,0.5568796128998112,0.0
rec_0184,True,True,0.6383382515500398,0.6366504002843283,0.0016878512657114708
rec_0185,False,False,0.6601478534055871,0.6601478534055871,0.0
rec_0186,False,False,0.7727849757676448,0.7727849757676448,0.0
rec_0187,False,False,0.7110794140572327,0.7110794140572327,0.0
rec_0188,False,False,0.6698505486066768,0.6698505486066768,0.0
rec_0189,False,False,0.6856002680679844,0.6856002680679844,0.0
rec_0190,False,False,0.5734732806790483,0.5734732806790483,0.0
rec_0191,False,False,0.6516943076438688,0.6516943076438688,0.0
rec_0192,False,False,0.6629991054178576,0.6629991054178576,0.0
rec_0193,False,False,0.7223964086192002,0.7223964086192002,0.0
rec_0194,False,False,0.7495284971151678,0.7495284971151678,0.0
rec_0195,False,False,0.6144407720770707,0.6144407720770707,0.0
rec_0196,False,False,0.8054287901168322,0.8054287901168322,0.0
rec_0197,False,False,0.7289662171355782,0.7289662171355782,0.0
rec_0198,False,False,0.707450848624458,0.707450848624458,0.0
rec_0199,False,False,0.7793588551265483,0.7793588551265483,0.0
rec_0200,False,False,0.7117448554268295,0.7117448554268295,0.0
rec_0201,False,False,0.599264053033957,0.599264053033957,0.0
rec_0202,False,False,0.5467605033597863,0.5467605033597863,0.0
rec_0203,False,False,0.5641701713396885,0.5641701713396885,0.0
rec_0204,False,False,0.6878686212838687,0.6878686212838687,0.0
rec_0205,False,False,0.5856982281580865,0.5856982281580865,0.0
rec_0206,False,False,0.590082109004733,0.590082109004733,0.0
rec_0207,False,False,0.7963826189924538,0.7963826189924538,0.0
rec_0208,False,False,0.7483405811708781,0.7483405811708781,0.0
rec_0209,False,False,0.6806068668825788,0.6806068668825788,0.0
rec_0210,False,False,0.56657426196081,0.56657426196081,0.0
rec_0211,False,False,0.7752761229399677,0.7752761229399677,0.0
rec_0212,False,False,0.6633971469034223,0.6633971469034223,0.0
rec_0213,False,False,0.6365787954103963,0.6365787954103963,0.0
rec_0214,False,False,0.6165228620330694,0.6165228620330694,0.0
rec_0215,False,False,0.5831417779125494,0.5831417779125494,0.0
rec_0216,False,False,0.7157051880105851,0.7157051880105851,0.0
rec_0217,True,True,0.7908558379694768,0.7573796423432406,0.03347619562623616
rec_0218,False,False,0.6585326926216926,0.6585326926216926,0.0
rec_0219,True,True,0.635741209568112,0.5913787572424217,0.04436245232569025
rec_0220,False,False,0.7844332680216869,0.7844332680216869,0.0
rec_0221,False,False,0.6034009204787227,0.6034009204787227,0.0
rec_0222,True,True,0.642188371323791,0.6886310642626183,0.0464426929388273
rec_0223,False,False,0.6600542391549296,0.6600542391549296,0.0
rec_0224,False,False,0.66847103563189,0.66847103563189,0.0
rec_0225,False,False,0.6325365865156493,0.6325365865156493,0.0
rec_0226,False,False,0.6864236999532474,0.6864236999532474,0.0
rec_0227,False,False,0.6695735917224592,0.6695735917224592,0.0
rec_0228,False,False,0.5875020789183485,0.5875020789183485,0.0
rec_0229,False,False,0.6118029235332408,0.6118029235332408,0.0
rec_0230,False,False,0.7027706548846495,0.7027706548846495,0.0
rec_0231,False,False,0.6951589520545266,0.6951589520545266,0.0
rec_0232,False,False,0.6693967607135549,0.6693967607135549,0.0
rec_0233,False,False,0.6731254231218861,0.6731254231218861,0.0
rec_0234,False,False,0.6421580647241251,0.6421580647241251,0.0
rec_0235,True,True,0.5640357634932524,0.5725971580123428,0.008561394519090437
rec_0236,True,True,0.6730040567553617,0.6757083416181187,0.002704284862756978
rec_0237,False,False,0.7270443781585209,0.7270443781585209,0.0
rec_0238,False,False,0.5999974072296409,0.5999974072296409,0.0
rec_0239,False,False,0.655506198453984,0.655506198453984,0.0
rec_0240,False,False,0.6036204015319291,0.6036204015319291,0.0
rec_0241,False,False,0.6122551867046857,0.6122551867046857,0.0
rec_0242,False,False,0.7780031345464734,0.7780031345464734,0.0
rec_0243,True,True,0.7162507567619821,0.708234758849517,0.0080159979124651
rec_0244,True,True,0.693552015618397,0.7358710293373952,0.042319013718998266
rec_0245,False,False,0.7961538350704381,0.7961538350704381,0.0
rec_0246,False,False,0.633801636727471,0.633801636727471,0.0
rec_0247,False,False,0.7622855478265507,0.7622855478265507,0.0
rec_0248,True,True,0.8117533486141878,0.7257226516703623,0.08603069694382548
rec_0249,False,False,0.6275659441979908,0.6275659441979908,0.0
rec_0250,False,False,0.6772365564564007,0.6772365564564007,0.0
rec_0251,False,False,0.6073112245252001,0.6073112245252001,0.0
rec_0252,False,False,0.6439468287782694,0.6439468287782694,0.0
rec_0253,False,False,0.6144458692611622,0.6144458692611622,0.0
rec_0254,False,False,0.726557387172035,0.726557387172035,0.0
rec_0255,False,False,0.7747675133464432,0.7747675133464432,0.0
rec_0256,False,False,0.7569119831806633,0.7569119831806633,0.0
rec_0257,False,False,0.6708143408472648,0.6708143408472648,0.0
rec_0258,False,False,0.6459217708251263,0.6459217708251263,0.0
rec_0259,True,True,0.6496791488926241,0.697810965793845,0.048131816901220925
rec_0260,True,True,0.7681171359388546,0.6849402882366267,0.08317684770222789
rec_0261,False,False,0.6885981156565175,0.6885981156565175,0.0
rec_0262,False,False,0.623477129768342,0.623477129768342,0.0
rec_0263,False,False,0.6953621422208763,0.6953621422208763,0.0
rec_0264,True,True,0.6980552520123838,0.6506240795472911,0.047431172465092764
rec_0265,False,False,0.6920145845516315,0.6920145845516315,0.0
rec_0266,False,False,0.6938353708222997,0.6938353708222997,0.0
rec_0267,False,False,0.6144026292246165,0.6144026292246165,0.0
rec_0268,False,False,0.7328319583696503,0.7328319583696503,0.0
rec_0269,False,False,0.7838242826098105,0.7838242826098105,0.0
rec_0270,False,False,0.6989113084731103,0.6989113084731103,0.0
rec_0271,False,False,0.6891557479289292,0.6891557479289292,0.0
rec_0272,True,True,0.7348459297730686,0.7754417743236128,0.04059584455054421
rec_0273,False,False,0.7035333244115941,0.7035333244115941,0.0
rec_0274,False,False,0.6756297765857853,0.6756297765857853,0.0
rec_0275,False,False,0.6366068589654995,0.6366068589654995,0.0
rec_0276,False,False,0.6431190866952254,0.6431190866952254,0.0
rec_0277,False,False,0.657253253431388,0.657253253431388,0.0
rec_0278,False,False,0.6687760005722048,0.6687760005722048,0.0
rec_0279,False,False,0.5674916189725094,0.5674916189725094,0.0
rec_0280,False,False,0.7269487315853462,0.7269487315853462,0.0
rec_0281,True,True,0.6684986698000414,0.6914383629079676,0.022939693107926207
rec_0282,False,False,0.7281965723344126,0.7281965723344126,0.0
rec_0283,False,False,0.5667129163186608,0.5667129163186608,0.0
rec_0284,False,False,0.7204217989347869,0.7204217989347869,0.0
rec_0285,False,False,0.6779572695643167,0.6779572695643167,0.0
rec_0286,False,False,0.6597686242748658,0.6597686242748658,0.0
rec_0287,False,False,0.6956476436493213,0.6956476436493213,0.0
rec_0288,False,False,0.6955881549365277,0.6955881549365277,0.0
rec_0289,False,False,0.7818608205741122,0.7818608205741122,0.0
rec_0290,False,False,0.6109879092416726,0.6109879092416726,0.0
rec_0291,False,False,0.7736306027113757,0.7736306027113757,0.0
rec_0292,False,False,0.5967354063230802,0.5967354063230802,0.0
rec_0293,False,False,0.7404086590718645,0.7404086590718645,0.0
rec_0294,False,False,0.665440534215747,0.665440534215747,0.0
rec_0295,False,False,0.7108896963575055,0.7108896963575055,0.0
rec_0296,False,False,0.604861600390404,0.604861600390404,0.0
rec_0297,False,False,0.5616416665877201,0.5616416665877201,0.0
rec_0298,False,False,0.7069288612331462,0.7069288612331462,0.0
rec_0299,False,False,0.6531742261818019,0.6531742261818019,0.0
rec_0300,False,False,0.6593993259455622,0.6593993259455622,0.0
rec_0301,False,False,0.5865194611788914,0.5865194611788914,0.0
rec_0302,False,False,0.6035915140759612,0.6035915140759612,0.0
rec_0303,False,False,0.67921977020094,0.67921977020094,0.0
rec_0304,False,False,0.6229990637058115,0.6229990637058115,0.0
rec_0305,False,False,0.6584029458396014,0.6584029458396014,0.0
rec_0306,False,False,0.7110533991247363,0.7110533991247363,0.0
rec_0307,False,False,0.6847238167247502,0.6847238167247502,0.0
rec_0308,False,False,0.6768789516054192,0.6768789516054192,0.0
rec_0309,False,False,0.6759832573384477,0.6759832573384477,0.0
rec_0310,False,False,0.6992509791891198,0.6992509791891198,0.0
rec_0311,False,False,0.5709147506470782,0.5709147506470782,0.0
rec_0312,False,False,0.5593794036093346,0.5593794036093346,0.0
rec_0313,False,False,0.7349262913065288,0.7349262913065288,0.0
rec_0314,False,False,0.7330389552554817,0.7330389552554817,0.0
rec_0315,False,False,0.6185753096643856,0.6185753096643856,0.0
rec_0316,False,False,0.6804572310199859,0.6804572310199859,0.0
rec_0317,False,False,0.6423854750029714,0.6423854750029714,0.0
rec_0318,False,False,0.7865999707540834,0.7865999707540834,0.0
rec_0319,False,False,0.663621807121652,0.663621807121652,0.0
rec_0320,True,True,0.6360891658612885,0.6099117911273553,0.026177374733933223
rec_0321,False,False,0.7467976492875817,0.7467976492875817,0.0
rec_0322,False,False,0.7791796881898159,0.7791796881898159,0.0
rec_0323,False,False,0.6872927588674096,0.6872927588674096,0.0
rec_0324,False,False,0.7252308781971147,0.7252308781971147,0.0
rec_0325,False,False,0.6170006547093744,0.6170006547093744,0.0
rec_0326,False,False,0.6917282635441345,0.6917282635441345,0.0
rec_0327,False,False,0.5283816737264805,0.5283816737264805,0.0
rec_0328,False,False,0.7384531996721477,0.7384531996721477,0.0
rec_0329,False,False,0.7897215742405321,0.7897215742405321,0.0
rec_0330,False,False,0.7913348035563323,0.7913348035563323,0.0
rec_0331,False,False,0.6489049402640089,0.6489049402640089,0.0
rec_0332,False,False,0.7392910617692039,0.7392910617692039,0.0
rec_0333,False,False,0.6542574288031615,0.6542574288031615,0.0
rec_0334,False,False,0.5609592287667142,0.5609592287667142,0.0
rec_0335,False,False,0.6970078499403747,0.6970078499403747,0.0
rec_0336,False,False,0.6822304540704857,0.6822304540704857,0.0
rec_0337,False,False,0.802065562862952,0.802065562862952,0.0
rec_0338,False,False,0.7425340503087172,0.7425340503087172,0.0
rec_0339,False,False,0.6740832253735858,0.6740832253735858,0.0
rec_0340,False,False,0.6893144876266868,0.6893144876266868,0.0
rec_0341,False,False,0.7623617931155147,0.7623617931155147,0.0
rec_0342,False,False,0.6299512718151188,0.6299512718151188,0.0
rec_0343,False,False,0.6936214756486895,0.6936214756486895,0.0
rec_0344,False,False,0.7407659050494815,0.7407659050494815,0.0
rec_0345,False,False,0.6455585609928448,0.6455585609928448,0.0
rec_0346,False,False,0.6733407256708895,0.6733407256708895,0.0
rec_0347,False,False,0.6351902411372188,0.6351902411372188,0.0
rec_0348,False,False,0.7390206217517142,0.7390206217517142,0.0
rec_0349,True,True,0.6380068840090325,0.6787161777098089,0.04070929370077636
rec_0350,False,False,0.7241063479840242,0.7241063479840242,0.0
rec_0351,False,False,0.6142654764804817,0.6142654764804817,0.0
rec_0352,False,False,0.798028674136469,0.798028674136469,0.0
rec_0353,False,False,0.6836226234419875,0.6836226234419875,0.0
rec_0354,False,False,0.5550894330773578,0.5550894330773578,0.0
rec_0355,False,False,0.677374778634069,0.677374778634069,0.0
rec_0356,False,False,0.6766116307110964,0.6766116307110964,0.0
rec_0357,False,False,0.7299859899284542,0.7299859899284542,0.0
rec_0358,True,True,0.5484897825757292,0.5576405581275958,0.009150775551866608
rec_0359,False,False,0.7088970628135978,0.7088970628135978,0.0
rec_0360,False,False,0.5859140753722952,0.5859140753722952,0.0
rec_0361,False,False,0.714396203463812,0.714396203463812,0.0
rec_0362,False,False,0.6713732713444516,0.6713732713444516,0.0
rec_0363,True,True,0.675762076412609,0.662052398066202,0.013709678346407017
rec_0364,False,False,0.6159322257489219,0.6159322257489219,0.0
rec_0365,False,False,0.7569655296093205,0.7569655296093205,0.0
rec_0366,False,False,0.6604293293578907,0.6604293293578907,0.0
rec_0367,False,False,0.6763780898586741,0.6763780898586741,0.0
rec_0368,False,False,0.693498705873175,0.693498705873175,0.0
rec_0369,False,False,0.6710023977307576,0.6710023977307576,0.0
rec_0370,False,False,0.6923976317712885,0.6923976317712885,0.0
rec_0371,False,False,0.7083601582018855,0.7083601582018855,0.0
rec_0372,False,False,0.6731201591666096,0.6731201591666096,0.0
rec_0373,True,True,0.7196892754911134,0.6162280347774312,0.10346124071368223
rec_0374,False,False,0.6280626298240155,0.6280626298240155,0.0
rec_0375,False,False,0.7687654002823013,0.7687654002823013,0.0
rec_0376,False,False,0.6843456286165297,0.6843456286165297,0.0
rec_0377,False,False,0.7188971364773631,0.7188971364773631,0.0
rec_0378,False,False,0.6243033276747657,0.6243033276747657,0.0
rec_0379,False,False,0.7719833982759967,0.7719833982759967,0.0
rec_0380,False,False,0.7453905043902065,0.7453905043902065,0.0
rec_0381,True,True,0.6171650314892801,0.7663625189603208,0.14919748747104067
rec_0382,False,False,0.7496962717574576,0.7496962717574576,0.0
rec_0383,False,False,0.6074218985018077,0.6074218985018077,0.0
rec_0384,False,False,0.6287649948041465,0.6287649948041465,0.0
rec_0385,False,False,0.7155540967064722,0.7155540967064722,0.0
rec_0386,False,False,0.8223126218744042,0.8223126218744042,0.0
rec_0387,False,False,0.7396776157008309,0.7396776157008309,0.0
rec_0388,False,False,0.6876416694749597,0.6876416694749597,0.0
rec_0389,False,False,0.5937006275932825,0.5937006275932825,0.0
rec_0390,False,False,0.7049624055006082,0.7049624055006082,0.0
rec_0391,False,False,0.6375138718263634,0.6375138718263634,0.0
rec_0392,False,False,0.5924973192485654,0.5924973192485654,0.0
rec_0393,False,False,0.6542807165969499,0.6542807165969499,0.0
rec_0394,False,False,0.7070078144320534,0.7070078144320534,0.0
rec_0395,False,False,0.6761805886216964,0.6761805886216964,0.0
rec_0396,False,False,0.7257812462755264,0.7257812462755264,0.0
rec_0397,True,True,0.663649406316534,0.6869869706989934,0.023337564382459375
rec_0398,False,False,0.7213906608329813,0.7213906608329813,0.0
rec_0399,False,False,0.6920088127654447,0.6920088127654447,0.0
rec_0400,False,False,0.7117976292592063,0.7117976292592063,0.0
rec_0401,False,False,0.6107072773433693,0.6107072773433693,0.0
rec_0402,False,False,0.7771150700561855,0.7771150700561855,0.0
rec_0403,False,False,0.6526877556019137,0.6526877556019137,0.0
rec_0404,True,True,0.6363343262133445,0.8158322969816754,0.17949797076833085
rec_0405,False,False,0.5891716562876179,0.5891716562876179,0.0
rec_0406,False,False,0.7198072257854051,0.7198072257854051,0.0
rec_0407,False,False,0.7517619044899588,0.7517619044899588,0.0
rec_0408,False,False,0.692609274166329,0.692609274166329,0.0
rec_0409,False,False,0.6364169731766823,0.6364169731766823,0.0
rec_0410,False,False,0.5725543800318876,0.5725543800318876,0.0
rec_0411,True,True,0.6405770720395763,0.6451908765531791,0.004613804513602826
rec_0412,False,False,0.6607559337271558,0.6607559337271558,0.0
rec_0413,False,False,0.6497438804543567,0.6497438804543567,0.0
rec_0414,False,False,0.6263133423121188,0.6263133423121188,0.0
rec_0415,False,False,0.7190818434423084,0.7190818434423084,0.0
rec_0416,False,False,0.6540198942888704,0.6540198942888704,0.0
rec_0417,False,False,0.6588072730902664,0.6588072730902664,0.0
rec_0418,False,False,0.7023855652105437,0.7023855652105437,0.0
rec_0419,False,False,0.6687958086925103,0.6687958086925103,0.0
rec_0420,False,False,0.5740780495085732,0.5740780495085732,0.0
rec_0421,True,True,0.629026323163956,0.7202520904423307,0.09122576727837473
rec_0422,False,False,0.6087921821499953,0.6087921821499953,0.0
rec_0423,False,False,0.6266478825650734,0.6266478825650734,0.0
rec_0424,False,False,0.7476458996712039,0.7476458996712039,0.0
rec_0425,False,False,0.7651418322115529,0.7651418322115529,0.0
rec_0426,False,False,0.7230449417049997,0.7230449417049997,0.0
rec_0427,False,False,0.7020278687581564,0.7020278687581564,0.0
rec_0428,False,False,0.6510485067855365,0.6510485067855365,0.0
rec_0429,False,False,0.7337267888999823,0.7337267888999823,0.0
rec_0430,False,False,0.7115384152427651,0.7115384152427651,0.0
rec_0431,True,True,0.6089693264694092,0.6680714624754696,0.0591021360060604
rec_0432,False,False,0.7415146879549223,0.7415146879549223,0.0
rec_0433,False,False,0.7682252967455563,0.7682252967455563,0.0
rec_0434,False,False,0.7451358090423643,0.7451358090423643,0.0
rec_0435,False,False,0.7252573293834617,0.7252573293834617,0.0
rec_0436,False,False,0.762964628925842,0.762964628925842,0.0
rec_0437,False,False,0.7661485981943368,0.7661485981943368,0.0
rec_0438,True,True,0.5095726009238989,0.5272156514755368,0.01764305055163795
rec_0439,False,False,0.6471814553589308,0.6471814553589308,0.0
rec_0440,False,False,0.7040205237910672,0.7040205237910672,0.0
rec_0441,False,False,0.6992602078654412,0.6992602078654412,0.0
rec_0442,False,False,0.6588825910830565,0.6588825910830565,0.0
rec_0443,False,False,0.7701070292881432,0.7701070292881432,0.0
rec_0444,False,False,0.6098372641830107,0.6098372641830107,0.0
rec_0445,False,False,0.5836563476080145,0.5836563476080145,0.0
rec_0446,False,False,0.6769941451322428,0.6769941451322428,0.0
rec_0447,False,False,0.7624404129888805,0.7624404129888805,0.0
rec_0448,False,False,0.6825759802610549,0.6825759802610549,0.0
rec_0449,False,False,0.6470386851368919,0.6470386851368919,0.0
rec_0450,False,False,0.7961069248848398,0.7961069248848398,0.0
rec_0451,True,True,0.74960835204596,0.6437440397064469,0.1058643123395131
rec_0452,False,False,0.7163242404783319,0.7163242404783319,0.0
rec_0453,False,False,0.7759828778999394,0.7759828778999394,0.0
rec_0454,False,False,0.5866652669965052,0.5866652669965052,0.0
rec_0455,False,False,0.5085941418406033,0.5085941418406033,0.0
rec_0456,False,False,0.6054894435062472,0.6054894435062472,0.0
rec_0457,False,False,0.733258966256523,0.733258966256523,0.0
rec_0458,False,False,0.7349369493709926,0.7349369493709926,0.0
rec_0459,False,False,0.6508189569441409,0.6508189569441409,0.0
rec_0460,False,False,0.7335370599861586,0.7335370599861586,0.0
rec_0461,False,False,0.5768893264858495,0.5768893264858495,0.0
rec_0462,False,False,0.6213843603219046,0.6213843603219046,0.0
rec_0463,False,False,0.6888717376563097,0.6888717376563097,0.0
rec_0464,False,False,0.6304998715311111,0.6304998715311111,0.0
rec_0465,False,False,0.6517180770298238,0.6517180770298238,0.0
rec_0466,False,False,0.7255248404258772,0.7255248404258772,0.0
rec_0467,False,False,0.5532194158585088,0.5532194158585088,0.0
rec_0468,False,False,0.6152038523646135,0.6152038523646135,0.0
rec_0469,False,False,0.7188436471309587,0.7188436471309587,0.0
rec_0470,False,False,0.7410972288403638,0.7410972288403638,0.0
rec_0471,False,False,0.7853194775392721,0.7853194775392721,0.0
rec_0472,True,True,0.5986283673171819,0.6023638275665495,0.0037354602493675504
rec_0473,False,False,0.6816756610471593,0.6816756610471593,0.0
rec_0474,False,False,0.6951074765025815,0.6951074765025815,0.0
rec_0475,False,False,0.6213600533599923,0.6213600533599923,0.0
rec_0476,False,False,0.6953443749382036,0.6953443749382036,0.0
rec_0477,False,False,0.7243187723971846,0.7243187723971846,0.0
rec_0478,False,False,0.6100484782655611,0.6100484782655611,0.0
rec_0479,False,False,0.694358986154653,0.694358986154653,0.0
rec_0480,False,False,0.5611414124569536,0.5611414124569536,0.0
rec_0481,False,False,0.7507671831411012,0.7507671831411012,0.0
rec_0482,True,True,0.6648935909314421,0.7273044388512523,0.06241084791981022
rec_0483,False,False,0.6201074621238819,0.6201074621238819,0.0
rec_0484,False,False,0.6273023026460764,0.6273023026460764,0.0
rec_0485,False,False,0.6312021223434419,0.6312021223434419,0.0
rec_0486,False,False,0.7175691084890864,0.7175691084890864,0.0
rec_0487,False,False,0.5926606759458635,0.5926606759458635,0.0
rec_0488,False,False,0.6133046582771828,0.6133046582771828,0.0
rec_0489,False,False,0.6982507697741658,0.6982507697741658,0.0
rec_0490,False,False,0.7290057051296718,0.7290057051296718,0.0
rec_0491,False,False,0.6614179989882585,0.6614179989882585,0.0
rec_0492,False,False,0.6776898908175292,0.6776898908175292,0.0
rec_0493,False,False,0.7379680890209629,0.7379680890209629,0.0
rec_0494,False,False,0.7442667975482562,0.7442667975482562,0.0
rec_0495,False,False,0.7856526368330625,0.7856526368330625,0.0
rec_0496,False,False,0.6548984600232342,0.6548984600232342,0.0
rec_0497,False,False,0.7066238673911364,0.7066238673911364,0.0
rec_0498,False,False,0.7168287430985356,0.7168287430985356,0.0
rec_0499,False,False,0.6382749283042902,0.6382749283042902,0.0
rec_0500,False,False,0.616294126035237,0.616294126035237,0.0
rec_0501,False,False,0.711967675320899,0.711967675320899,0.0
rec_0502,False,False,0.7769764290458919,0.7769764290458919,0.0
rec_0503,False,False,0.7422452970484775,0.7422452970484775,0.0
rec_0504,False,False,0.6798238718238008,0.6798238718238008,0.0
rec_0505,True,True,0.6403615786360858,0.671765926786181,0.031404348150095185
rec_0506,False,False,0.691830469579122,0.691830469579122,0.0
rec_0507,False,False,0.6735072621696103,0.6735072621696103,0.0
rec_0508,False,False,0.6579509198135749,0.6579509198135749,0.0
rec_0509,False,False,0.6956484648702922,0.6956484648702922,0.0
rec_0510,False,False,0.7650829582434188,0.7650829582434188,0.0
rec_0511,False,False,0.691923283920032,0.691923283920032,0.0
rec_0512,False,False,0.5580689250482942,0.5580689250482942,0.0
rec_0513,False,False,0.638138163758962,0.638138163758962,0.0
rec_0514,True,True,0.64736622814742,0.6576116853740075,0.01024545722658754
rec_0515,False,False,0.776553943526266,0.776553943526266,0.0
rec_0516,False,False,0.6461895647718098,0.6461895647718098,0.0
rec_0517,True,True,0.6377209912173065,0.7406847796789261,0.10296378846161958
rec_0518,False,False,0.6965155391801522,0.6965155391801522,0.0
rec_0519,False,False,0.7294722287253496,0.7294722287253496,0.0
rec_0520,False,False,0.6427398148548382,0.6427398148548382,0.0
rec_0521,True,True,0.7033791244852377,0.7813539493496542,0.07797482486441654
rec_0522,False,False,0.7715109503663039,0.7715109503663039,0.0
rec_0523,False,False,0.7284079703935833,0.7284079703935833,0.0
rec_0524,False,False,0.6369926776580976,0.6369926776580976,0.0
rec_0525,False,False,0.7190502131546853,0.7190502131546853,0.0
rec_0526,False,False,0.6785704187139593,0.6785704187139593,0.0
rec_0527,False,False,0.7651057812087444,0.7651057812087444,0.0
rec_0528,True,True,0.750925059996157,0.7349457886630104,0.015979271333146583
rec_0529,False,False,0.6774593057068077,0.6774593057068077,0.0
rec_0530,False,False,0.6890261433087667,0.6890261433087667,0.0
rec_0531,False,False,0.7408488324949497,0.7408488324949497,0.0
rec_0532,True,True,0.6202975844239729,0.6735406017824912,0.05324301735851833
rec_0533,False,False,0.6457472866902592,0.6457472866902592,0.0
rec_0534,False,False,0.689891677958473,0.689891677958473,0.0
rec_0535,False,False,0.7583557859014288,0.7583557859014288,0.0
rec_0536,False,False,0.6983456039020455,0.6983456039020455,0.0
rec_0537,True,True,0.6056935210107612,0.5732885636851501,0.032404957325611106
rec_0538,False,False,0.6347719384572745,0.6347719384572745,0.0
rec_0539,False,False,0.6651258987648591,0.6651258987648591,0.0
rec_0540,False,False,0.7248872608760475,0.7248872608760475,0.0
rec_0541,False,False,0.7237962812383585,0.7237962812383585,0.0
rec_0542,False,False,0.7391610845951733,0.7391610845951733,0.0
rec_0543,False,False,0.6389780497735201,0.6389780497735201,0.0
rec_0544,False,False,0.7180044385782911,0.7180044385782911,0.0
rec_0545,False,False,0.602127541982473,0.602127541982473,0.0
rec_0546,True,True,0.809759337957134,0.7262586276742033,0.0835007102829306
rec_0547,False,False,0.6938475642573732,0.6938475642573732,0.0
rec_0548,False,False,0.7150312168942664,0.7150312168942664,0.0
rec_0549,False,False,0.5970781294085218,0.5970781294085218,0.0
rec_0550,False,False,0.6928871701774899,0.6928871701774899,0.0
rec_0551,False,False,0.6652059159003324,0.6652059159003324,0.0
rec_0552,False,False,0.6278518831960629,0.6278518831960629,0.0
rec_0553,False,False,0.6082425342446206,0.6082425342446206,0.0
rec_0554,False,False,0.6266271027691205,0.6266271027691205,0.0
rec_0555,False,False,0.6700929045370186,0.6700929045370186,0.0
rec_0556,False,False,0.6352501343498342,0.6352501343498342,0.0
rec_0557,False,False,0.663083955456438,0.663083955456438,0.0
rec_0558,False,False,0.6299678836538168,0.6299678836538168,0.0
rec_0559,False,False,0.5558544839810855,0.5558544839810855,0.0
rec_0560,True,True,0.7245389473730027,0.7617170874913585,0.03717814011835574
rec_0561,False,False,0.6740946959464814,0.6740946959464814,0.0
rec_0562,False,False,0.7259129111954845,0.7259129111954845,0.0
rec_0563,False,False,0.5595681394919131,0.5595681394919131,0.0
rec_0564,False,False,0.6156722292284896,0.6156722292284896,0.0
rec_0565,False,False,0.6604287594439366,0.6604287594439366,0.0
rec_0566,False,False,0.6941876703523551,0.6941876703523551,0.0
rec_0567,True,True,0.681764812540521,0.6854184479484602,0.003653635407939171
rec_0568,False,False,0.6269190918601534,0.6269190918601534,0.0
rec_0569,False,False,0.7363845659740273,0.7363845659740273,0.0
rec_0570,False,False,0.5513999973681827,0.5513999973681827,0.0
rec_0571,False,False,0.7721817560498825,0.7721817560498825,0.0
rec_0572,False,False,0.6622955570058237,0.6622955570058237,0.0
rec_0573,False,False,0.7589529965965609,0.7589529965965609,0.0
rec_0574,False,False,0.7298060223020406,0.7298060223020406,0.0
rec_0575,True,True,0.6458382068207992,0.744625157222183,0.09878695040138386
rec_0576,False,False,0.5776070615621943,0.5776070615621943,0.0
rec_0577,True,True,0.6796812558750389,0.6408397119404612,0.03884154393457773
rec_0578,True,True,0.675726661624048,0.6617634861283433,0.013963175495704694
rec_0579,False,False,0.6703301541635445,0.6703301541635445,0.0
rec_0580,False,False,0.7127691735357888,0.7127691735357888,0.0
rec_0581,False,False,0.5815788304105135,0.5815788304105135,0.0
rec_0582,False,False,0.6688747954961123,0.6688747954961123,0.0
rec_0583,False,False,0.6969224225565928,0.6969224225565928,0.0
rec_0584,False,False,0.7191169857510444,0.7191169857510444,0.0
rec_0585,False,False,0.5578663083274537,0.5578663083274537,0.0
rec_0586,False,False,0.7480261399970959,0.7480261399970959,0.0
rec_0587,True,True,0.7217864770340597,0.6625133447988105,0.059273132235249215
rec_0588,False,False,0.688769273305312,0.688769273305312,0.0
rec_0589,False,False,0.7839474990963282,0.7839474990963282,0.0
rec_0590,True,True,0.5065012984062768,0.5677450239698997,0.0612437255636229
rec_0591,False,False,0.5995187111123038,0.5995187111123038,0.0
rec_0592,True,True,0.7522923603652808,0.8081223576522399,0.05582999728695914
rec_0593,False,False,0.5496271796483756,0.5496271796483756,0.0
rec_0594,False,False,0.542467223094945,0.542467223094945,0.0
rec_0595,False,False,0.6048908049296949,0.6048908049296949,0.0
rec_0596,True,True,0.6830286467301636,0.7223199422938252,0.03929129556366162
rec_0597,False,False,0.7840590363585073,0.7840590363585073,0.0
rec_0598,False,False,0.6280604666316354,0.6280604666316354,0.0
rec_0599,False,False,0.7595306719604211,0.7595306719604211,0.0
rec_0600,True,True,0.6369313425471461,0.5218116384018414,0.1151197041453047
rec_0601,False,False,0.7211083041596015,0.7211083041596015,0.0
rec_0602,False,False,0.7106605669111307,0.7106605669111307,0.0
rec_0603,False,False,0.8295091402399958,0.8295091402399958,0.0
rec_0604,False,False,0.7472059960008233,0.7472059960008233,0.0
rec_0605,False,False,0.6573990411711225,0.6573990411711225,0.0
rec_0606,False,False,0.7211102213501075,0.7211102213501075,0.0
rec_0607,False,False,0.7696855979274634,0.7696855979274634,0.0
rec_0608,False,False,0.7866640819061412,0.7866640819061412,0.0
rec_0609,False,False,0.7098001484272598,0.7098001484272598,0.0
rec_0610,False,False,0.6498729316073233,0.6498729316073233,0.0
rec_0611,False,False,0.6250405762552704,0.6250405762552704,0.0
rec_0612,True,True,0.7369155755986367,0.7167984577452331,0.020117117853403643
rec_0613,False,False,0.7345239637572356,0.7345239637572356,0.0
rec_0614,False,False,0.8104768038159083,0.8104768038159083,0.0
rec_0615,False,False,0.6197469886435957,0.6197469886435957,0.0
rec_0616,False,False,0.5382309252637179,0.5382309252637179,0.0
rec_0617,True,True,0.5406756436804155,0.7016592234431887,0.1609835797627731
rec_0618,False,False,0.7680297260331195,0.7680297260331195,0.0
rec_0619,False,False,0.7883615560189222,0.7883615560189222,0.0
rec_0620,False,False,0.6376220282445231,0.6376220282445231,0.0
rec_0621,False,False,0.6086004723899386,0.6086004723899386,0.0
rec_0622,False,False,0.6640039557486929,0.6640039557486929,0.0
rec_0623,False,False,0.6270092371428874,0.6270092371428874,0.0
rec_0624,False,False,0.6512422209939133,0.6512422209939133,0.0
rec_0625,True,True,0.5567029166739901,0.7564867530262396,0.1997838363522495
rec_0626,True,True,0.6968495059821324,0.6863676873785741,0.010481818603558235
rec_0627,False,False,0.5365848380435996,0.5365848380435996,0.0
rec_0628,False,False,0.5729271949388849,0.5729271949388849,0.0
rec_0629,False,False,0.7217219253573237,0.7217219253573237,0.0
rec_0630,False,False,0.6436465850687629,0.6436465850687629,0.0
rec_0631,False,False,0.6911984791201458,0.6911984791201458,0.0
rec_0632,False,False,0.6117374478876327,0.6117374478876327,0.0
rec_0633,False,False,0.5161751747708845,0.5161751747708845,0.0
rec_0634,False,False,0.6402516513003469,0.6402516513003469,0.0
rec_0635,False,False,0.6301496179775854,0.6301496179775854,0.0
rec_0636,False,False,0.6765035913102839,0.6765035913102839,0.0
rec_0637,True,True,0.7494802727246703,0.7174865134369015,0.03199375928776882
rec_0638,False,False,0.702299147476302,0.702299147476302,0.0
rec_0639,False,False,0.5681437204516453,0.5681437204516453,0.0
rec_0640,False,False,0.6736209120741509,0.6736209120741509,0.0
rec_0641,False,False,0.6911291851035516,0.6911291851035516,0.0
rec_0642,False,False,0.6219877791093749,0.6219877791093749,0.0
rec_0643,False,False,0.782737902773487,0.782737902773487,0.0
rec_0644,False,False,0.7278267164849563,0.7278267164849563,0.0
rec_0645,False,False,0.6631857243307684,0.6631857243307684,0.0
rec_0646,False,False,0.6277096012615334,0.6277096012615334,0.0
rec_0647,False,False,0.7854747624084637,0.7854747624084637,0.0
rec_0648,False,False,0.7053597483937197,0.7053597483937197,0.0
rec_0649,True,True,0.7879734765389286,0.7966964584822573,0.008722981943328767
rec_0650,True,True,0.6123826692236515,0.6044189272816838,0.007963741941967695
rec_0651,False,False,0.7859984595747991,0.7859984595747991,0.0
rec_0652,True,True,0.8052653454546755,0.8187368545996738,0.013471509144998284
rec_0653,False,False,0.7291188295554059,0.7291188295554059,0.0
rec_0654,False,False,0.6339609202474995,0.6339609202474995,0.0
rec_0655,True,True,0.6396075488062285,0.6546028075714102,0.014995258765181707
rec_0656,False,False,0.662152111784415,0.662152111784415,0.0
rec_0657,False,False,0.7785078303899355,0.7785078303899355,0.0
rec_0658,False,False,0.6636879565178104,0.6636879565178104,0.0
rec_0659,False,False,0.7399326875629844,0.7399326875629844,0.0
rec_0660,False,False,0.7868724013768208,0.7868724013768208,0.0
rec_0661,False,False,0.6380447078038365,0.6380447078038365,0.0
rec_0662,False,False,0.6906767430773995,0.6906767430773995,0.0
rec_0663,False,False,0.649982047522292,0.649982047522292,0.0
rec_0664,False,False,0.7335834807004963,0.7335834807004963,0.0
rec_0665,False,False,0.5300599759721545,0.5300599759721545,0.0
rec_0666,False,False,0.699353587250416,0.699353587250416,0.0
rec_0667,False,False,0.5936792334053247,0.5936792334053247,0.0
rec_0668,False,False,0.7238735236863802,0.7238735236863802,0.0
rec_0669,False,False,0.7891378652052253,0.7891378652052253,0.0
rec_0670,False,False,0.6015993708200658,0.6015993708200658,0.0
rec_0671,False,False,0.8189775667947813,0.8189775667947813,0.0
rec_0672,False,False,0.6835766952676072,0.6835766952676072,0.0
rec_0673,False,False,0.6332469245342176,0.6332469245342176,0.0
rec_0674,False,False,0.6322981234158724,0.6322981234158724,0.0
rec_0675,False,False,0.6342132304029144,0.6342132304029144,0.0
rec_0676,False,False,0.6016967669423341,0.6016967669423341,0.0
rec_0677,False,False,0.6383982950180841,0.6383982950180841,0.0
rec_0678,False,False,0.6911799144707023,0.6911799144707023,0.0
rec_0679,False,False,0.7704090404878388,0.7704090404878388,0.0
rec_0680,False,False,0.5378290941346406,0.5378290941346406,0.0
rec_0681,False,False,0.64395462482013,0.64395462482013,0.0
rec_0682,False,False,0.649441744856118,0.649441744856118,0.0
rec_0683,False,False,0.6713018775215944,0.6713018775215944,0.0
rec_0684,True,True,0.5600034906215065,0.5795208211720121,0.01951733055050564
rec_0685,False,False,0.5263611792551683,0.5263611792551683,0.0
rec_0686,False,False,0.6500752536662734,0.6500752536662734,0.0
rec_0687,False,False,0.6703688624278782,0.6703688624278782,0.0
rec_0688,False,False,0.7176880159393498,0.7176880159393498,0.0
rec_0689,True,True,0.7646765781196,0.695741521630353,0.06893505648924703
rec_0690,True,True,0.6605124198392934,0.6214655591088027,0.039046860730490685
rec_0691,False,False,0.6620277610423122,0.6620277610423122,0.0
rec_0692,False,False,0.7230812904838674,0.7230812904838674,0.0
rec_0693,False,False,0.7848779670755415,0.7848779670755415,0.0
rec_0694,False,False,0.6313568047860545,0.6313568047860545,0.0
rec_0695,False,False,0.7411782444478656,0.7411782444478656,0.0
rec_0696,False,False,0.7335995673852782,0.7335995673852782,0.0
rec_0697,False,False,0.6940147759195039,0.6940147759195039,0.0
rec_0698,False,False,0.6728043629645334,0.6728043629645334,0.0
rec_0699,True,True,0.5634767164512575,0.6296081608082429,0.06613144435698537
rec_0700,False,False,0.6914918448119162,0.6914918448119162,0.0
rec_0701,False,False,0.6512640107293466,0.6512640107293466,0.0
rec_0702,False,False,0.7570434872791769,0.7570434872791769,0.0
rec_0703,False,False,0.7409280998702095,0.7409280998702095,0.0
rec_0704,False,False,0.707004974609786,0.707004974609786,0.0
rec_0705,False,False,0.6887751461981313,0.6887751461981313,0.0
rec_0706,False,False,0.5461691009347294,0.5461691009347294,0.0
rec_0707,False,False,0.6165835091117339,0.6165835091117339,0.0
rec_0708,False,False,0.5411123356519452,0.5411123356519452,0.0
rec_0709,False,False,0.6307384342238267,0.6307384342238267,0.0
rec_0710,False,False,0.6680213558660402,0.6680213558660402,0.0
rec_0711,False,False,0.5498153543863477,0.5498153543863477,0.0
rec_0712,False,False,0.8126606886389831,0.8126606886389831,0.0
rec_0713,False,False,0.723786473929885,0.723786473929885,0.0
rec_0714,False,False,0.6101847774615735,0.6101847774615735,0.0
rec_0715,False,False,0.7463387374593721,0.7463387374593721,0.0
rec_0716,False,False,0.6439620772602509,0.6439620772602509,0.0
rec_0717,False,False,0.7537049748916326,0.7537049748916326,0.0
rec_0718,False,False,0.621279128709004,0.621279128709004,0.0
rec_0719,False,False,0.8518709577846292,0.8518709577846292,0.0
rec_0720,False,False,0.7048092286998033,0.7048092286998033,0.0
rec_0721,False,False,0.7356001719727685,0.7356001719727685,0.0
rec_0722,False,False,0.6892725659710637,0.6892725659710637,0.0
rec_0723,False,False,0.6824234713998332,0.6824234713998332,0.0
rec_0724,False,False,0.5583255995132832,0.5583255995132832,0.0
rec_0725,False,False,0.7042177514339729,0.7042177514339729,0.0
rec_0726,False,False,0.7077435555474383,0.7077435555474383,0.0
rec_0727,False,False,0.6350117188920638,0.6350117188920638,0.0
rec_0728,False,False,0.5939844289570304,0.5939844289570304,0.0
rec_0729,False,False,0.6143769330589623,0.6143769330589623,0.0
rec_0730,False,False,0.6179406449780231,0.6179406449780231,0.0
rec_0731,False,False,0.8262756115055161,0.8262756115055161,0.0
rec_0732,False,False,0.738748001467207,0.738748001467207,0.0
rec_0733,False,False,0.5777913253652506,0.5777913253652506,0.0
rec_0734,False,False,0.7782542880493084,0.7782542880493084,0.0
rec_0735,False,False,0.6758108130579437,0.6758108130579437,0.0
rec_0736,False,False,0.7503512731364793,0.7503512731364793,0.0
rec_0737,False,False,0.6035832425025807,0.6035832425025807,0.0
rec_0738,False,False,0.623394041174522,0.623394041174522,0.0
rec_0739,False,False,0.6744521639450443,0.6744521639450443,0.0
rec_0740,False,False,0.5789195125843076,0.5789195125843076,0.0
rec_0741,False,False,0.6133918054853739,0.6133918054853739,0.0
rec_0742,False,False,0.631734687429391,0.631734687429391,0.0
rec_0743,False,False,0.7377742556415195,0.7377742556415195,0.0
rec_0744,True,True,0.6751344580991006,0.7612363427609916,0.08610188466189106
rec_0745,False,False,0.5484939359648089,0.5484939359648089,0.0
rec_0746,False,False,0.6872445641459222,0.6872445641459222,0.0
rec_0747,False,False,0.6845550050145529,0.6845550050145529,0.0
rec_0748,False,False,0.7590549299329734,0.7590549299329734,0.0
rec_0749,False,False,0.6017723807613915,0.6017723807613915,0.0
rec_0750,False,False,0.6870216724754306,0.6870216724754306,0.0
rec_0751,False,False,0.7428641156822933,0.7428641156822933,0.0
rec_0752,False,False,0.6820090052765939,0.6820090052765939,0.0
rec_0753,False,False,0.7320347393790979,0.7320347393790979,0.0
rec_0754,False,False,0.7511016184910523,0.7511016184910523,0.0
rec_0755,False,False,0.6368565134657936,0.6368565134657936,0.0
rec_0756,False,False,0.7390744053437899,0.7390744053437899,0.0
rec_0757,False,False,0.7958635728469006,0.7958635728469006,0.0
rec_0758,True,True,0.8151059866187989,0.7704153125676093,0.04469067405118954
rec_0759,False,False,0.6734736336765008,0.6734736336765008,0.0
rec_0760,False,False,0.630461723911105,0.630461723911105,0.0
rec_0761,False,False,0.680081851200643,0.680081851200643,0.0
rec_0762,False,False,0.7562549377888599,0.7562549377888599,0.0
rec_0763,False,False,0.6484524625703139,0.6484524625703139,0.0
rec_0764,False,False,0.620317290156724,0.620317290156724,0.0
rec_0765,False,False,0.6803913979631072,0.6803913979631072,0.0
rec_0766,False,False,0.5847186768627164,0.5847186768627164,0.0
rec_0767,False,False,0.6389688728853524,0.6389688728853524,0.0
rec_0768,False,False,0.6633359506639218,0.6633359506639218,0.0
rec_0769,False,False,0.6272435677253934,0.6272435677253934,0.0
rec_0770,True,True,0.6399720387338462,0.6603761168186162,0.02040407808476996
rec_0771,True,True,0.6494067505894068,0.6696067328169162,0.020199982227509405
rec_0772,True,True,0.6914232262169449,0.6870053941982345,0.004417832018710377
rec_0773,False,False,0.6979415038572288,0.6979415038572288,0.0
rec_0774,False,False,0.6834578814678223,0.6834578814678223,0.0
rec_0775,False,False,0.7598347618407565,0.7598347618407565,0.0
rec_0776,False,False,0.6107898362781462,0.6107898362781462,0.0
rec_0777,False,False,0.6161285184334679,0.6161285184334679,0.0
rec_0778,False,False,0.6155190799296835,0.6155190799296835,0.0
rec_0779,False,False,0.7273786844261556,0.7273786844261556,0.0
rec_0780,True,True,0.6102515791011905,0.6404824365707114,0.03023085746952081
rec_0781,False,False,0.7416390782615231,0.7416390782615231,0.0
rec_0782,False,False,0.6903635158196002,0.6903635158196002,0.0
rec_0783,False,False,0.641295222557589,0.641295222557589,0.0
rec_0784,False,False,0.6356611131377172,0.6356611131377172,0.0
rec_0785,False,False,0.7373791552802776,0.7373791552802776,0.0
rec_0786,False,False,0.5658723395549055,0.5658723395549055,0.0
rec_0787,False,False,0.7445909533573335,0.7445909533573335,0.0
rec_0788,False,False,0.5717292301072896,0.5717292301072896,0.0
rec_0789,True,True,0.7917756766255523,0.7832061798892804,0.008569496736271831
rec_0790,False,False,0.6848715014867587,0.6848715014867587,0.0
rec_0791,True,True,0.6102814473150515,0.6549114738565138,0.04463002654146231
rec_0792,False,False,0.8427259635615825,0.8427259635615825,0.0
rec_0793,False,False,0.7117768313506502,0.7117768313506502,0.0
rec_0794,False,False,0.576825764654099,0.576825764654099,0.0
rec_0795,False,False,0.7218693748875842,0.7218693748875842,0.0
rec_0796,False,False,0.7372896074131785,0.7372896074131785,0.0
rec_0797,False,False,0.7715274376518944,0.7715274376518944,0.0
rec_0798,False,False,0.63177040467228,0.63177040467228,0.0
rec_0799,False,False,0.6474860022787955,0.6474860022787955,0.0
rec_0800,False,False,0.6863773348166524,0.6863773348166524,0.0
rec_0801,True,True,0.6285098877340869,0.6714771133430515,0.0429672256089646
rec_0802,False,False,0.5928344665701285,0.5928344665701285,0.0
rec_0803,False,False,0.7078805918875966,0.7078805918875966,0.0
rec_0804,False,False,0.7608575209378377,0.7608575209378377,0.0
rec_0805,False,False,0.6452922508137511,0.6452922508137511,0.0
rec_0806,False,False,0.638022731942316,0.638022731942316,0.0
rec_0807,True,True,0.7317777166013424,0.7463589552929699,0.01458123869162753
rec_0808,False,False,0.577096110282525,0.577096110282525,0.0
rec_0809,False,False,0.5993665146124787,0.5993665146124787,0.0
rec_0810,False,False,0.6408793668470074,0.6408793668470074,0.0
rec_0811,False,False,0.7432747113401635,0.7432747113401635,0.0
rec_0812,True,True,0.7056804055029622,0.6905383083840078,0.015142097118954423
rec_0813,False,False,0.5645792288189343,0.5645792288189343,0.0
rec_0814,False,False,0.6406573065500609,0.6406573065500609,0.0
rec_0815,False,False,0.6847205864061737,0.6847205864061737,0.0
rec_0816,False,False,0.6097357043761663,0.6097357043761663,0.0
rec_0817,False,False,0.5847037341454328,0.5847037341454328,0.0
rec_0818,False,False,0.6011428001578976,0.6011428001578976,0.0
rec_0819,False,False,0.657486696231808,0.657486696231808,0.0
rec_0820,True,True,0.6468669339429018,0.6762670720029389,0.02940013806003705
rec_0821,False,False,0.6969588204780767,0.6969588204780767,0.0
rec_0822,False,False,0.7968627700002708,0.7968627700002708,0.0
rec_0823,False,False,0.5500125982945496,0.5500125982945496,0.0
rec_0824,False,False,0.7756154326899111,0.7756154326899111,0.0
rec_0825,True,True,0.5821869057414437,0.6216702029164687,0.03948329717502497
rec_0826,True,True,0.7003061398525794,0.730279851994206,0.029973712141626585
rec_0827,False,False,0.7215549274082276,0.7215549274082276,0.0
rec_0828,True,True,0.7607789066997684,0.5996209857933079,0.16115792090646053
rec_0829,False,False,0.557488179316818,0.557488179316818,0.0
rec_0830,False,False,0.6487774661726342,0.6487774661726342,0.0
rec_0831,False,False,0.7174136147871601,0.7174136147871601,0.0
rec_0832,False,False,0.705802939998084,0.705802939998084,0.0
rec_0833,False,False,0.664075894242681,0.664075894242681,0.0
rec_0834,False,False,0.7177499537506492,0.7177499537506492,0.0
rec_0835,False,False,0.72811968686167,0.72811968686167,0.0
rec_0836,False,False,0.7165124324985805,0.7165124324985805,0.0
rec_0837,False,False,0.815556327868119,0.815556327868119,0.0
rec_0838,True,True,0.6380611145512837,0.6388622035778098,0.0008010890265260917
rec_0839,False,False,0.7283194088619669,0.7283194088619669,0.0
rec_0840,True,True,0.7044382524920018,0.7150022247729027,0.01056397228090089
rec_0841,False,False,0.6170329530555193,0.6170329530555193,0.0
rec_0842,False,False,0.6226423222308333,0.6226423222308333,0.0
rec_0843,False,False,0.5600066846762299,0.5600066846762299,0.0
rec_0844,False,False,0.7254585336854067,0.7254585336854067,0.0
rec_0845,False,False,0.6131708357785643,0.6131708357785643,0.0
rec_0846,False,False,0.6077960102693465,0.6077960102693465,0.0
rec_0847,False,False,0.634827364765219,0.634827364765219,0.0
rec_0848,False,False,0.7536452000009299,0.7536452000009299,0.0
rec_0849,False,False,0.7806484696243997,0.7806484696243997,0.0
rec_0850,False,False,0.6599901425217816,0.6599901425217816,0.0
rec_0851,False,False,0.746166944496891,0.746166944496891,0.0
rec_0852,False,False,0.6541222399724138,0.6541222399724138,0.0
rec_0853,False,False,0.7651940384111923,0.7651940384111923,0.0
rec_0854,True,True,0.5992113730300573,0.6127320255920674,0.013520652562010071
rec_0855,False,False,0.6120812188355951,0.6120812188355951,0.0
rec_0856,False,False,0.7426775633767384,0.7426775633767384,0.0
rec_0857,False,False,0.6320533735030733,0.6320533735030733,0.0
rec_0858,False,False,0.6651280091943135,0.6651280091943135,0.0
rec_0859,False,False,0.6765358346511856,0.6765358346511856,0.0
rec_0860,False,False,0.6691626308958123,0.6691626308958123,0.0
rec_0861,False,False,0.6748668923344181,0.6748668923344181,0.0
rec_0862,False,False,0.6811295093777064,0.6811295093777064,0.0
rec_0863,False,False,0.6712224678204051,0.6712224678204051,0.0
rec_0864,False,False,0.7314078258135392,0.7314078258135392,0.0
rec_0865,True,True,0.5575869504403597,0.5660131678863279,0.008426217445968276
rec_0866,True,True,0.6630594541436428,0.6403477020522983,0.02271175209134446
rec_0867,False,False,0.6689292058175984,0.6689292058175984,0.0
rec_0868,False,False,0.8042328446725346,0.8042328446725346,0.0
rec_0869,False,False,0.7433070548519175,0.7433070548519175,0.0
rec_0870,False,False,0.697134813364293,0.697134813364293,0.0
rec_0871,False,False,0.5902139000346813,0.5902139000346813,0.0
rec_0872,False,False,0.7281862257596633,0.7281862257596633,0.0
rec_0873,False,False,0.6730897386455104,0.6730897386455104,0.0
rec_0874,False,False,0.7514259101051548,0.7514259101051548,0.0
rec_0875,True,True,0.7142641695123789,0.727155064631189,0.01289089511881003
rec_0876,False,False,0.6565292226322674,0.6565292226322674,0.0
rec_0877,False,False,0.837412658206121,0.837412658206121,0.0
rec_0878,False,False,0.7106697650121072,0.7106697650121072,0.0
rec_0879,False,False,0.5972760964124344,0.5972760964124344,0.0
rec_0880,False,False,0.6959186279843228,0.6959186279843228,0.0
rec_0881,False,False,0.6547390562827418,0.6547390562827418,0.0
rec_0882,False,False,0.7482174039241787,0.7482174039241787,0.0
rec_0883,False,False,0.7252053175229525,0.7252053175229525,0.0
rec_0884,False,False,0.6779620271712284,0.6779620271712284,0.0
rec_0885,False,False,0.7593242317151769,0.7593242317151769,0.0
rec_0886,False,False,0.7765345824575913,0.7765345824575913,0.0
rec_0887,False,False,0.6058533196898024,0.6058533196898024,0.0
rec_0888,False,False,0.7256276984768846,0.7256276984768846,0.0
rec_0889,False,False,0.7882614556744354,0.7882614556744354,0.0
rec_0890,False,False,0.6346728966237039,0.6346728966237039,0.0
rec_0891,False,False,0.6714425984069439,0.6714425984069439,0.0
rec_0892,True,True,0.633901669468589,0.6655109841280504,0.031609314659461485
rec_0893,False,False,0.6817795937759936,0.6817795937759936,0.0
rec_0894,False,False,0.7334502195351531,0.7334502195351531,0.0
rec_0895,False,False,0.762345360968813,0.762345360968813,0.0
rec_0896,False,False,0.7045319079266117,0.7045319079266117,0.0
rec_0897,False,False,0.6532751186030005,0.6532751186030005,0.0
rec_0898,False,False,0.6462878371768868,0.6462878371768868,0.0
rec_0899,False,False,0.6454397840856817,0.6454397840856817,0.0
rec_0900,False,False,0.700785697473059,0.700785697473059,0.0
rec_0901,False,False,0.657072717924071,0.657072717924071,0.0
rec_0902,False,False,0.665958938623334,0.665958938623334,0.0
rec_0903,False,False,0.7036585930702979,0.7036585930702979,0.0
rec_0904,False,False,0.5776445723468745,0.5776445723468745,0.0
rec_0905,False,False,0.6878834358799847,0.6878834358799847,0.0
rec_0906,False,False,0.6150016997719371,0.6150016997719371,0.0
rec_0907,False,False,0.7605627769314636,0.7605627769314636,0.0
rec_0908,False,False,0.6430109739049175,0.6430109739049175,0.0
rec_0909,True,True,0.5572074313465303,0.6723943559221152,0.11518692457558488
rec_0910,False,False,0.6586235329796536,0.6586235329796536,0.0
rec_0911,False,False,0.5995507496220756,0.5995507496220756,0.0
rec_0912,False,False,0.6639141357641416,0.6639141357641416,0.0
rec_0913,True,True,0.7136757780775397,0.7785350206094004,0.0648592425318607
rec_0914,True,True,0.7464658307453689,0.5656742342329856,0.1807915965123833
rec_0915,False,False,0.7246477827138879,0.7246477827138879,0.0
rec_0916,False,False,0.69089029576471,0.69089029576471,0.0
rec_0917,False,False,0.5919213251130899,0.5919213251130899,0.0
rec_0918,False,False,0.6608363877502695,0.6608363877502695,0.0
rec_0919,False,False,0.7797694953005259,0.7797694953005259,0.0
rec_0920,False,False,0.6432623884050096,0.6432623884050096,0.0
rec_0921,False,False,0.6645041944611152,0.6645041944611152,0.0
rec_0922,False,False,0.7329907091786843,0.7329907091786843,0.0
rec_0923,False,False,0.6788679250010143,0.6788679250010143,0.0
rec_0924,False,False,0.6301033654300998,0.6301033654300998,0.0
rec_0925,False,False,0.6833279464480915,0.6833279464480915,0.0
rec_0926,False,False,0.6711431509094414,0.6711431509094414,0.0
rec_0927,False,False,0.7395271101448733,0.7395271101448733,0.0
rec_0928,False,False,0.7958625276463582,0.7958625276463582,0.0
rec_0929,False,False,0.6578168523506518,0.6578168523506518,0.0
rec_0930,False,False,0.771456952696195,0.771456952696195,0.0
rec_0931,False,False,0.6386036413701388,0.6386036413701388,0.0
rec_0932,False,False,0.6631205103228368,0.6631205103228368,0.0
rec_0933,False,False,0.6918823886176918,0.6918823886176918,0.0
rec_0934,True,True,0.6298401132098229,0.7041585123173604,0.07431839910753746
rec_0935,False,False,0.6901010165653827,0.6901010165653827,0.0
rec_0936,False,False,0.7556620531657844,0.7556620531657844,0.0
rec_0937,False,False,0.637615562703512,0.637615562703512,0.0
rec_0938,True,True,0.7192339746990137,0.7526922292602486,0.03345825456123486
rec_0939,False,False,0.6580905652512019,0.6580905652512019,0.0
rec_0940,True,True,0.6351840966296564,0.6760007481925276,0.04081665156287129
rec_0941,False,False,0.5421450236555323,0.5421450236555323,0.0
rec_0942,False,False,0.6337417491230531,0.6337417491230531,0.0
rec_0943,False,False,0.7381779419470531,0.7381779419470531,0.0
rec_0944,True,True,0.46199069690908484,0.53922833453642,0.07723763762733521
rec_0945,False,False,0.7796860273173306,0.7796860273173306,0.0
rec_0946,True,True,0.8344673479568104,0.7139531400325504,0.12051420792426004
rec_0947,False,False,0.6720099531176963,0.6720099531176963,0.0
rec_0948,False,False,0.644275538745153,0.644275538745153,0.0
rec_0949,False,False,0.6184488476627228,0.6184488476627228,0.0
rec_0950,False,False,0.712177140143707,0.712177140143707,0.0
rec_0951,False,False,0.6488046230449879,0.6488046230449879,0.0
rec_0952,False,False,0.6789768096965592,0.6789768096965592,0.0
rec_0953,False,False,0.5764036302650024,0.5764036302650024,0.0
rec_0954,False,False,0.6792444886450064,0.6792444886450064,0.0
rec_0955,False,False,0.6972467849820989,0.6972467849820989,0.0
rec_0956,False,False,0.7825861869944154,0.7825861869944154,0.0
rec_0957,False,False,0.5293480669319047,0.5293480669319047,0.0
rec_0958,False,False,0.7063406435245543,0.7063406435245543,0.0
rec_0959,False,False,0.7351491387764525,0.7351491387764525,0.0
rec_0960,False,False,0.5916970015319324,0.5916970015319324,0.0
rec_0961,False,False,0.6433286743927249,0.6433286743927249,0.0
rec_0962,False,False,0.6379896667059481,0.6379896667059481,0.0
rec_0963,False,False,0.8056100921533549,0.8056100921533549,0.0
rec_0964,False,False,0.6567864953275733,0.6567864953275733,0.0
rec_0965,False,False,0.75720376717096,0.75720376717096,0.0
rec_0966,False,False,0.5778109809550556,0.5778109809550556,0.0
rec_0967,False,False,0.5977045860481942,0.5977045860481942,0.0
rec_0968,False,False,0.664718523975188,0.664718523975188,0.0
rec_0969,False,False,0.6328265616053879,0.6328265616053879,0.0
rec_0970,False,False,0.6252076223571207,0.6252076223571207,0.0
rec_0971,False,False,0.7682294845532025,0.7682294845532025,0.0
rec_0972,False,False,0.718225738393636,0.718225738393636,0.0
rec_0973,False,False,0.7208169256472873,0.7208169256472873,0.0
rec_0974,False,False,0.5730904026167427,0.5730904026167427,0.0
rec_0975,False,False,0.6754129610560888,0.6754129610560888,0.0
rec_0976,False,False,0.5837731905709582,0.5837731905709582,0.0
rec_0977,False,False,0.7625600244059357,0.7625600244059357,0.0
rec_0978,True,True,0.6714777639555521,0.7000986106385023,0.028620846682950174
rec_0979,False,False,0.5658710677452489,0.5658710677452489,0.0
rec_0980,False,False,0.6614575694823619,0.6614575694823619,0.0
rec_0981,True,True,0.7178761111563671,0.7398140708307919,0.0219379596744248
rec_0982,False,False,0.5530336494253745,0.5530336494253745,0.0
rec_0983,False,False,0.5928953355550735,0.5928953355550735,0.0
rec_0984,False,False,0.729548865517681,0.729548865517681,0.0
rec_0985,True,True,0.6479328455265422,0.6267606499372134,0.021172195589328813
rec_0986,False,False,0.694256038370154,0.694256038370154,0.0
rec_0987,False,False,0.6986366271474289,0.6986366271474289,0.0
rec_0988,False,False,0.6514807203346673,0.6514807203346673,0.0
rec_0989,False,False,0.6654334213229792,0.6654334213229792,0.0
rec_0990,False,False,0.8037735160437456,0.8037735160437456,0.0
rec_0991,False,False,0.7073992522561483,0.7073992522561483,0.0
rec_0992,False,False,0.6888612534709506,0.6888612534709506,0.0
rec_0993,False,False,0.692226070770405,0.692226070770405,0.0
rec_0994,False,False,0.6920932164978424,0.6920932164978424,0.0
rec_0995,True,True,0.6941361987305282,0.7562035039604874,0.06206730522995918
rec_0996,False,False,0.6545523719386155,0.6545523719386155,0.0
rec_0997,False,False,0.6632018630021973,0.6632018630021973,0.0
rec_0998,False,False,0.7278634683717085,0.7278634683717085,0.0
rec_0999,False,False,0.6612859300226932,0.6612859300226932,0.0
