user_id,total_obfuscation_km,rounding_component_km,noise_component_km,expected_total_km
user_0000,0.058411794871517424,0.5260692346008721,0.584395466681257,1.5
user_0001,0.18797068219220067,0.2313244457631867,0.0950707784893706,1.5
user_0002,0.6806083835567746,0.26878953725994864,0.41238058890644197,1.5
user_0003,0.24801941353442752,0.3891415399057902,0.15489051303493373,1.5
user_0004,0.07809859483042718,0.3922771727701277,0.33292205473723346,1.5
user_0005,0.4308522536382949,0.1626896343822133,0.5297949547977785,1.5
user_0006,0.277684448514257,0.28136107159885915,0.46035782353649746,1.5
user_0007,0.590145639032398,0.546103414584936,0.3005661195622109,1.5
user_0009,0.20412371351815248,0.135058537413884,0.21628614605654697,1.5
user_0010,0.23088488224459724,0.4068708751457135,0.21657927218391024,1.5
user_0011,0.061468375697092285,0.09575739236596306,0.15380435565449488,1.5
user_0012,0.8074391374506327,0.3558230145236022,0.453852170337925,1.5
user_0015,0.3698193992739317,0.26513774428444886,0.5001309092049353,1.5
user_0016,0.05158593752285903,0.3582991565172774,0.39708692198621925,1.5
user_0017,0.417197743469497,0.1964759707863833,0.5546625094127217,1.5
user_0018,0.7809364536032694,0.49247571786975325,0.4342513527290236,1.5
user_0019,0.2198767498224052,0.5160209804088958,0.3231305077572333,1.5
user_0020,0.749096860530577,0.46736512549593107,0.2817789862369619,1.5
user_0021,0.6726731783951909,0.31410209199925354,0.37500005013339194,1.5
user_0022,0.2535466533970954,0.32347640479942646,0.276760657086036,1.5
user_0023,0.7833432351040954,0.48972566289626007,0.41830142604593756,1.5
user_0024,1.0260990336128213,0.4582639794357561,0.5679665126964031,1.5
user_0025,0.7370078850340032,0.5140841916189939,0.28463543006434844,1.5
user_0026,0.4997001993426271,0.37940927416811704,0.5192210959842166,1.5
user_0027,0.44307971871879787,0.39581067168005113,0.24458531583421103,1.5
user_0028,0.44596129110122446,0.5319178493415516,0.36077815492885285,1.5
user_0030,0.062453928177534396,0.35165450712133267,0.28937283058706215,1.5
user_0031,0.4800482348542995,0.13412727157867987,0.5970519713772071,1.5
user_0032,0.2948387280787353,0.20554357679998056,0.5003283845605209,1.5
user_0033,0.27728085634755273,0.15409413564180835,0.23748003374023968,1.5
user_0034,0.2224054446526021,0.2456511188135411,0.45548097427013623,1.5
user_0035,0.6520398941653941,0.36825408315106684,0.29802348349165575,1.5
user_0036,0.39355383717537673,0.4118840001461068,0.4820989763856717,1.5
user_0037,0.54518779834112,0.08198459957759546,0.5301186092132891,1.5
user_0038,0.21517037702424058,0.34940832164456576,0.3226263615341363,1.5
user_0039,0.4193035016422112,0.12465544398282598,0.31046667138897266,1.5
user_0040,0.433394541623367,0.3442210868544609,0.14658451168966152,1.5
user_0041,0.8929707035877523,0.6110890085505902,0.4255958630478029,1.5
user_0042,0.058549667517241825,0.4665080680156424,0.4781112647848141,1.5
user_0045,0.13112652155754306,0.43246996300924895,0.5513452130250315,1.5
user_0046,0.26258866456396784,0.07258312348040631,0.19052159910892408,1.5
user_0047,0.021084021080010007,0.5184440764656112,0.4982205626851443,1.5
user_0048,0.6320503651384327,0.6082530076275483,0.45133258340279975,1.5
user_0049,0.20395177258165498,0.4531574169248046,0.5639649165969834,1.5
user_0050,0.6086160158742602,0.3465240333754465,0.2622614714491369,1.5
user_0051,0.09293096696976517,0.43928793404185057,0.5317893442263959,1.5
user_0052,1.0617818440056201,0.5231851783765922,0.5734807467163159,1.5
user_0053,0.2663240981406103,0.20137346304027737,0.1716946404046906,1.5
user_0054,0.3400364163511976,0.10307380624575259,0.2809525550168859,1.5
user_0055,0.44064532428679737,0.482434490495373,0.1247594014885886,1.5
user_0056,0.3665196837072189,0.33147897356539047,0.30995801167594006,1.5
user_0057,0.9062495908457465,0.3019612262494513,0.6055447910329697,1.5
user_0059,0.3780715029109679,0.20389234057685618,0.4303384883986403,1.5
user_0060,0.0898492966805483,0.41914976963727363,0.49288507251641966,1.5
user_0061,1.0657736836340823,0.5461087305136694,0.5198647118241733,1.5
user_0062,0.16153500815615196,0.21006888381893524,0.30124488059445326,1.5
user_0063,0.2148094116342871,0.29053053262139644,0.30333514855322435,1.5
user_0064,0.7576976939269322,0.638955936547284,0.2661453658350474,1.5
user_0066,0.5793949088477919,0.09388346724987998,0.48551148224165686,1.5
user_0067,0.4231630875624849,0.4386078634312054,0.016756889029614426,1.5
user_0068,0.35318839720388284,0.5224941323439894,0.47992621978145095,1.5
user_0069,0.28787391163841375,0.4861881083362858,0.1983825963499837,1.5
user_0070,0.5005239135144891,0.5379465514970582,0.25152423116852124,1.5
user_0071,0.1839811165920167,0.4930120804431326,0.5851355698684038,1.5
user_0072,0.9723262677083647,0.381068798884964,0.5923852953089025,1.5
user_0073,0.7875892620147398,0.5037837230400078,0.5964127980481484,1.5
user_0075,0.2680021225387042,0.4686883374712181,0.4530331168052185,1.5
user_0077,0.676101737588563,0.23287117141574093,0.46111688658330163,1.5
user_0078,0.9046172631980581,0.3719132031998635,0.5860066433196541,1.5
user_0079,0.40977201921131157,0.2776830659454697,0.2924249883480738,1.5
user_0080,0.19459294043720843,0.22443541902367392,0.4036393871040823,1.5
user_0081,0.3456326952333104,0.32821477700875895,0.03687496450324833,1.5
user_0082,0.6307676282286153,0.4443659176380295,0.4236816315408126,1.5
user_0083,0.6801044022627151,0.34597386703331373,0.33421483907318106,1.5
user_0084,0.11511374530072024,0.2586747932782618,0.17104415075398013,1.5
user_0085,0.45443997637207983,0.2935333491008253,0.16090663417795947,1.5
user_0086,0.056934974021160635,0.5173986634426937,0.5742693744801701,1.5
user_0087,0.24364012593808954,0.15116489408211922,0.3500342112263297,1.5
user_0088,0.4141612046911985,0.5156275079966209,0.16816281178292733,1.5
user_0090,0.3107940856785915,0.26101333019500933,0.19582534305213706,1.5
user_0091,0.12617076473647346,0.3064276572704501,0.19414984180094583,1.5
user_0092,0.6200088062838748,0.3923001445512098,0.252313503807489,1.5
user_0093,0.24707687776983028,0.0811563586974021,0.21494214507474202,1.5
user_0094,0.7363334022566015,0.5302543011210736,0.5036495906835153,1.5
user_0097,0.5775798024493344,0.17300677987976454,0.4051336652507211,1.5
user_0098,0.19238937630880415,0.43606542612416577,0.3805830815437659,1.5
user_0099,0.2393714737166593,0.061161756261023215,0.300337774722262,1.5
user_0100,0.18249774561118462,0.32830039958273893,0.16397036740129067,1.5
user_0101,0.5648079842913161,0.44746476880505154,0.587744931527019,1.5
user_0102,0.8014260935131495,0.49460242825171036,0.30690803624395563,1.5
user_0103,0.9196135649121685,0.41569829577898715,0.549930599621843,1.5
user_0104,0.8680795643335423,0.6170686262493933,0.2510979314550523,1.5
user_0105,0.8595759017775763,0.4997986888363769,0.39904002232354796,1.5
user_0106,0.4687229862194404,0.153634214055647,0.5190133108708569,1.5
user_0107,0.09132990817934354,0.32453541207612663,0.4158185457103809,1.5
user_0108,0.5231132818603226,0.17404005000122014,0.35086536953582353,1.5
user_0109,0.22899497525002405,0.3665730725127855,0.5192603959924668,1.5
user_0110,0.720680894355649,0.542306810612097,0.19082975936713845,1.5
user_0111,0.37617621449012034,0.30993165390195787,0.1326183782050008,1.5
user_0112,0.2165587467346318,0.2306444735817919,0.37301213241137227,1.5
user_0113,0.7127348418731422,0.6272968648454204,0.10612317249471422,1.5
user_0114,0.35043665415048175,0.05222929121742671,0.3943303451171899,1.5
user_0115,0.6359815125707088,0.3924859217330011,0.30314268086822665,1.5
user_0116,0.6330028625724168,0.5593991502704702,0.5461486434323986,1.5
user_0117,0.7406736747188205,0.5276830097220087,0.2944721687795052,1.5
user_0118,0.2720812898633342,0.23900632555593804,0.03623373529968285,1.5
user_0119,0.055765869227787375,0.5969988682310308,0.632813746596942,1.5
user_0120,0.6822010916381284,0.3836159300378303,0.3066955550220507,1.5
user_0121,0.6486706609902061,0.4298424543892807,0.45791948186345155,1.5
user_0123,0.4573676717519307,0.3986978474546871,0.08074701736099155,1.5
user_0124,0.6403606861029395,0.3216871859251556,0.4127337409699969,1.5
user_0125,0.17190772027425008,0.5350862690579692,0.4011334513158551,1.5
user_0126,0.8168030417295842,0.6788626678059658,0.23207826930984637,1.5
user_0127,0.6591392846613727,0.3143740577276868,0.38214598150068124,1.5
user_0128,0.6841322727177204,0.4943418388473999,0.6540872267337055,1.5
user_0129,0.11968629656067803,0.10623654949306517,0.18102684379495884,1.5
user_0130,0.9154568673435909,0.5769335753757081,0.341586604913313,1.5
user_0131,0.1432297134132892,0.44853511771150995,0.5800760476485183,1.5
user_0132,0.5527738230917825,0.49081475454002654,0.07298594538576497,1.5
user_0133,0.4646105237724814,0.3612934261406169,0.4943364769010821,1.5
user_0134,0.42947742343234396,0.6691184391226143,0.33880320904446193,1.5
user_0135,0.7455985897443543,0.5352810808268196,0.21116207606201426,1.5
user_0136,0.8548069786629267,0.23757112819385343,0.6445293945587328,1.5
user_0137,0.6954315443989469,0.6085617894890294,0.31615920448089585,1.5
user_0138,0.28979552278821924,0.4286045373988124,0.4024654440995714,1.5
user_0140,0.2580254772926072,0.4833472810475883,0.27072417922428943,1.5
user_0141,1.0032787667070595,0.5672107510260654,0.4636088248662316,1.5
user_0142,0.36793151989699646,0.3823627850821683,0.5804175356120632,1.5
user_0143,0.46435965832289094,0.21483144877496035,0.256658647968369,1.5
user_0144,0.6668468792130039,0.13715502414418682,0.575709665579165,1.5
user_0145,0.1609147476451423,0.0804985108556434,0.2410181316399731,1.5
user_0146,0.1930968441596503,0.3478922716879506,0.5297044488653289,1.5
user_0147,0.37047175349728934,0.07233759480734447,0.4410718155146588,1.5
user_0148,0.5745258649107446,0.41199340523437483,0.18191786874080593,1.5
user_0149,0.6626954776786276,0.5449710915046201,0.3261532419163842,1.5
user_0150,0.759344532721695,0.3165246742912937,0.44326754325900203,1.5
user_0151,1.1879522487187961,0.5807421083856484,0.6092265944657419,1.5
user_0152,0.6950737013781242,0.4224537660254183,0.41881819519223257,1.5
user_0153,0.17320019859984384,0.43515996126456763,0.36421984758410286,1.5
user_0154,0.4311399289525807,0.40745701355238795,0.1059411183509696,1.5
user_0155,0.5356923623733434,0.3543054838588844,0.26257666031868493,1.5
user_0156,0.5003972107079168,0.5488145704423446,0.4903228714933968,1.5
user_0157,0.23961843876592376,0.1405860044140838,0.14424690270170323,1.5
user_0158,0.15862834144651866,0.504456380433524,0.6185383159973765,1.5
user_0159,0.5068033795224469,0.5609478906404062,0.41251113440548803,1.5
user_0160,0.3785423232853378,0.3106826310049289,0.0759886549566073,1.5
user_0161,0.4858924440075445,0.507456380216385,0.6530734763146823,1.5
user_0162,1.1820512543089652,0.6336558756650456,0.557198838839979,1.5
user_0163,0.981541330759607,0.6524818910431213,0.37278632316914245,1.5
user_0164,0.5564966317489594,0.12749488262901407,0.46072833737240965,1.5
user_0165,0.5572216738921114,0.6225678798035414,0.09243292062180847,1.5
user_0166,0.2431326005889736,0.44239076246819276,0.3512004175193941,1.5
user_0167,0.8637513213963675,0.44121678432376366,0.4237757826124182,1.5
user_0168,0.7321878255274338,0.1814361324261996,0.5512005300569471,1.5
user_0169,0.7710022165597856,0.5483904456875223,0.287347073844234,1.5
user_0170,0.20814714739370485,0.3334815839898628,0.263036956456056,1.5
user_0171,0.4215110822913156,0.4741123163087435,0.144459914896754,1.5
user_0173,0.7275532013977142,0.6177711120276145,0.47206960826457994,1.5
user_0174,0.560326681641993,0.5943009694334809,0.07583782571001785,1.5
user_0175,0.32361049928024205,0.22048688143457595,0.4645543455683173,1.5
user_0176,0.3133734479508813,0.17835460992540605,0.4910815816581542,1.5
user_0177,0.29014528646408916,0.3022650164561178,0.5467327054670104,1.5
user_0178,0.93272934955087,0.5079057317785584,0.426722461858545,1.5
user_0179,0.602534077548082,0.6091669243380251,0.4416507188078877,1.5
user_0180,0.6354806523425355,0.4693214146215046,0.2035525983144136,1.5
user_0181,0.2024384914330339,0.23894682156547883,0.05110211365575493,1.5
user_0182,0.1492806497189121,0.13917701358333723,0.04177417857432369,1.5
user_0183,0.3136577703661046,0.07712691504436145,0.3679973249720227,1.5
user_0184,0.09926448959223928,0.2714194369566025,0.2813261719163087,1.5
user_0185,0.3664133821277374,0.4552442429484096,0.5393216771918522,1.5
user_0186,0.46766872027849393,0.5391965220509506,0.24857087302487954,1.5
user_0187,0.620864848724186,0.5202948422734954,0.2819927177431295,1.5
user_0188,0.8553319362288835,0.40413522373281446,0.4512359266903512,1.5
user_0189,0.1800592418757285,0.19613041569634335,0.36561856828457495,1.5
user_0190,0.5939314317961137,0.6416227273284076,0.11409553173106919,1.5
user_0191,0.5092056439873092,0.5257872151174681,0.02551264602952851,1.5
user_0192,0.47492387823561977,0.1594947716758037,0.63347472782841,1.5
user_0193,1.0058498282677086,0.5611853855177642,0.4487304635151012,1.5
user_0194,0.6027197749960796,0.1919660626632661,0.4125115901022746,1.5
user_0195,0.9000278354196675,0.6365816340542662,0.28496556067761,1.5
user_0196,0.29813709193688254,0.29739406336453417,0.043726311902300315,1.5
user_0197,0.08164666135363796,0.22984032261854906,0.16424226907504313,1.5
user_0198,0.6900274731743057,0.4814968945413936,0.4309742030214905,1.5
user_0199,0.30473658052939456,0.41635630839524074,0.5431715591083646,1.5
user_0200,0.4422425831262024,0.09937817022020319,0.47084906754825806,1.5
user_0201,0.1783797592627473,0.06332035324579198,0.2344715811385255,1.5
user_0203,0.6480330451344553,0.3803210090661373,0.44891157235694507,1.5
user_0204,0.1633976183116763,0.40616127713393774,0.3036096318286266,1.5
user_0205,0.6303220635347904,0.35895589417971935,0.28703748324989675,1.5
user_0206,0.9991640165295743,0.43257180286801505,0.5946584471691,1.5
user_0207,0.16191201261089994,0.21626912164495657,0.34185785602451163,1.5
user_0208,0.14929454748700624,0.5346335181412535,0.49941570309313943,1.5
user_0209,0.4914185268709076,0.13453880042190247,0.4902680193764081,1.5
user_0210,0.38734219724440105,0.08204127145366077,0.46882899627109603,1.5
user_0211,0.3064549229643544,0.5287036458069463,0.34785947412624557,1.5
user_0212,0.3669044149836456,0.21089218386542818,0.3415793143593202,1.5
user_0213,0.06872450404892311,0.5460902243058493,0.6069047065440697,1.5
user_0214,0.8684001816263338,0.5443137499884738,0.3260906359608815,1.5
user_0215,0.4322248833093976,0.2270190129432784,0.647750429868942,1.5
user_0216,0.5550547246799477,0.2112184467253514,0.5530858468548748,1.5
user_0217,0.4300106707362865,0.2490505323683838,0.19182241964359636,1.5
user_0219,0.5807591456345538,0.07903325179411046,0.5316475085601133,1.5
user_0220,0.5735889183904075,0.15175602533275648,0.5464879449745716,1.5
user_0221,0.49506270494784266,0.14320295516191786,0.3556079202380279,1.5
user_0222,0.9251584098047531,0.4131091655441539,0.5121475905305551,1.5
user_0223,0.5775903184309857,0.2934970196070834,0.6960230529489433,1.5
user_0224,0.317071786411407,0.4863887252706798,0.16960866490496354,1.5
user_0225,0.3958703518952261,0.45575076362865724,0.23922199016140672,1.5
user_0226,0.5020429740118446,0.21221550458062044,0.29097253160983755,1.5
user_0228,0.6270296994080645,0.18125962148246572,0.44577472915709837,1.5
user_0229,0.41344026208580253,0.3913381687880911,0.595202341135195,1.5
user_0230,0.32299532183891727,0.27393438956273797,0.3944867504511097,1.5
user_0231,0.0601551698665814,0.44629019689494215,0.4467328434569491,1.5
user_0232,0.49467885398090666,0.3337186876767378,0.6554350020489098,1.5
user_0233,0.48522184285516523,0.21427301921604563,0.3180339299891039,1.5
user_0234,0.18214546114002345,0.4255445130177217,0.24348985261357475,1.5
user_0235,0.4998890608375103,0.43756919231321534,0.11368869325662657,1.5
user_0236,0.5213608486485526,0.23516935684196713,0.5806678492010545,1.5
user_0237,0.5727221625796698,0.3858654376204069,0.1944297832953222,1.5
user_0239,0.27458391947074656,0.707810883925749,0.4342790209293126,1.5
user_0240,0.3705761782449506,0.1436064980629253,0.4567048626984623,1.5
user_0241,0.7533700010284802,0.568716006142446,0.5938240255836678,1.5
user_0243,0.28828992286083804,0.18053277264087994,0.45249564247147384,1.5
user_0244,0.1749094408274773,0.36301968924956873,0.22825183277848335,1.5
user_0246,0.8856657090093797,0.34745864119433706,0.5382793146694558,1.5
user_0247,0.648830646609658,0.2200560391819911,0.439773702238443,1.5
user_0248,0.24202784220222784,0.09307383594849256,0.19876268678348027,1.5
user_0249,0.8519429577326785,0.4128157953075936,0.533052039527456,1.5
user_0250,0.19277671177634756,0.34008676311022373,0.20676254257084078,1.5
user_0251,0.9634185242652431,0.439835255370532,0.5250182844845532,1.5
user_0252,0.48925536123566626,0.3636033634499365,0.6085178286350584,1.5
user_0253,0.2350075146460989,0.05654836151245635,0.18271124592139948,1.5
user_0254,0.34879557513678966,0.20318762480159924,0.520851650960781,1.5
user_0255,0.1947381743061296,0.12999284331770505,0.09934462713348557,1.5
user_0256,0.30320292167451773,0.3860214724377737,0.09514589061068375,1.5
user_0257,0.855733000047629,0.4911098427166239,0.5350403869911133,1.5
user_0258,0.742006491414176,0.7368622635014732,0.14858967513569532,1.5
user_0259,0.1762966462078038,0.2939155877989524,0.46092071619098945,1.5
user_0260,1.0018994880828886,0.5420190362941734,0.5844971496805025,1.5
user_0261,1.0044673918536435,0.47171514103351464,0.558018582613634,1.5
user_0262,0.3431740370661,0.44906418511172475,0.11089178585972578,1.5
user_0263,0.12085039496175837,0.5670812645376246,0.5470166404495473,1.5
user_0264,0.3998916428555744,0.14222035991377915,0.26647996431429355,1.5
user_0265,0.1550147659591325,0.13329765795851484,0.24387047218082117,1.5
user_0266,0.7968853628468189,0.39359402849371755,0.4090071695502438,1.5
user_0267,0.19998055951211585,0.21705356854208072,0.18324842889221124,1.5
user_0268,0.6212670935041127,0.7150513086753953,0.11776304601010425,1.5
user_0269,0.3654522707590282,0.2581742606465939,0.10733590255996525,1.5
user_0270,0.5655617053816265,0.22647582572667632,0.38407781948087605,1.5
user_0271,0.4056511128428429,0.25965096305913515,0.490748538554808,1.5
user_0272,0.2522821865151537,0.3111218110254478,0.09256365565231899,1.5
user_0273,0.5305510996188278,0.27301102044293823,0.5401038048360941,1.5
user_0274,0.9978901140579393,0.4517236068642478,0.6495918802418255,1.5
user_0275,0.9003284508714908,0.3400458238537404,0.5609857981618527,1.5
user_0276,0.40740854645164015,0.3560339308254682,0.23159726993062146,1.5
user_0277,0.20235941676633332,0.6024641005065087,0.4084820358385078,1.5
user_0278,0.7073451910155051,0.19645294925237852,0.5757160578463243,1.5
user_0279,0.8908175996043015,0.5809324262882917,0.3122806318642823,1.5
user_0280,0.6789248320488689,0.37303928922986956,0.4357610564618881,1.5
user_0281,0.455120166134423,0.28834449357175856,0.18030516770737762,1.5
user_0282,0.4551915236827044,0.2783480225766065,0.3104409775686122,1.5
user_0284,0.8762500888622632,0.476750498251788,0.40009033389132753,1.5
user_0285,0.87395589470908,0.3707274649177647,0.5032637503874254,1.5
user_0286,0.1745011452929199,0.03735977793273702,0.16033920640042706,1.5
user_0287,0.44361450763677873,0.2422519004879547,0.2407166259196381,1.5
user_0288,0.05430665687057771,0.1826772805111054,0.1376591216766296,1.5
user_0289,0.8760116983868197,0.5240787779482251,0.5226865717225686,1.5
user_0290,0.7370038300172058,0.46188439685675275,0.4544181095978458,1.5
user_0291,0.2574162765840181,0.482430678090061,0.22913918511995274,1.5
user_0292,0.439138540436723,0.13819701047679772,0.4385173168282579,1.5
user_0293,0.7111877556089655,0.3921446103532092,0.4313446399335461,1.5
user_0294,0.026565482124517037,0.17111793944285303,0.19468931249077318,1.5
user_0295,0.21589210369265882,0.11554232515269282,0.21708946788260186,1.5
user_0296,0.793844008130915,0.458430344746048,0.34957069806040836,1.5
user_0297,0.6270162726324436,0.6998220008134348,0.11761340835592053,1.5
user_0298,0.34897906975593646,0.10823453555267679,0.3067758505776537,1.5
user_0299,0.5363186002478227,0.3689026746243469,0.1709839061613054,1.5
user_0300,0.026446989139036568,0.5079827785472308,0.5312902226620881,1.5
user_0301,0.9965886328544238,0.3247986874292732,0.6877198826298779,1.5
user_0303,0.3509516698831335,0.401028884612358,0.4068956012518988,1.5
user_0304,0.4731544304454981,0.5509872348662087,0.4919303003259321,1.5
user_0305,0.7914727389446764,0.3464935477825642,0.46290259472773027,1.5
user_0306,0.572960446608082,0.4786415232152107,0.4709394617474249,1.5
user_0307,0.23833717954425757,0.08424881006580648,0.1778310215448968,1.5
user_0308,0.1666535039200208,0.43954316766455986,0.3088661583684559,1.5
user_0310,0.26351626638589165,0.2770533332658992,0.18408362888707505,1.5
user_0311,0.5960047884173229,0.1989712664207928,0.4962135652198982,1.5
user_0312,0.6875365505960455,0.6438640142995409,0.2817165823560401,1.5
user_0313,1.0472607838982047,0.530380858935834,0.552015795405043,1.5
user_0314,0.23588805754204406,0.24610207437267628,0.23482805356921943,1.5
user_0315,0.09673253996102878,0.0871672486905295,0.17517865563060542,1.5
user_0316,0.2641679437997001,0.008316436553605016,0.26051588281689203,1.5
user_0317,0.1519213018423091,0.04849314720363289,0.10358082376700298,1.5
user_0319,0.6510806674506175,0.4691068458820105,0.18211551466813716,1.5
user_0320,0.15434762540835625,0.2157154117820712,0.30468196311461415,1.5
user_0321,0.7296011261629654,0.29814400609312214,0.44619780201333453,1.5
user_0322,0.6769092385579458,0.4949567111965976,0.18239601962648747,1.5
user_0324,0.16095575531499767,0.4414779412083993,0.309127897161539,1.5
user_0325,0.26145573538818156,0.3630232082366493,0.19373035618324722,1.5
user_0327,0.30055370299082274,0.371445902470288,0.07118431857989713,1.5
user_0328,0.7015688668412924,0.279075594332655,0.47387059592303227,1.5
user_0329,0.3837059383250423,0.4618390284130227,0.3804456388692845,1.5
user_0330,0.2894600224315957,0.25272450794562606,0.5397848857512374,1.5
user_0332,1.0701161709598028,0.5549672476636403,0.5607787345352199,1.5
user_0333,0.4798889368002427,0.1619075893265365,0.3270204597724977,1.5
user_0334,0.8825044301360488,0.5627083077782659,0.5911865465152727,1.5
user_0335,0.30034364519474155,0.5528201532182921,0.48242339365047454,1.5
user_0336,0.2454559957612095,0.4564927976249344,0.50517888155489,1.5
user_0338,0.6445817098052077,0.47241992823421286,0.20226917568713362,1.5
user_0339,0.2354858366489761,0.4503156037748822,0.36785443826517583,1.5
user_0340,0.050695887275822644,0.25036633786862783,0.30087009122519137,1.5
user_0341,0.17663531826541662,0.09293721126484146,0.0837802768299798,1.5
user_0342,0.3779058109933337,0.044555088561202875,0.33350056962919983,1.5
user_0343,0.34556774613341895,0.25318414638681175,0.14048027601556687,1.5
user_0345,0.6077222150550803,0.4398166526881889,0.36495368545372925,1.5
user_0346,1.0195164572356865,0.5242881295402514,0.5480662028823182,1.5
user_0347,0.9261379151756445,0.5150772535497352,0.41220728761738906,1.5
user_0348,0.9192479147120223,0.4606070732740941,0.4591275756927261,1.5
user_0350,0.2977556488622272,0.23884096245736505,0.2702944225666645,1.5
user_0352,0.8735470138933142,0.4373746745233225,0.4874567081845673,1.5
user_0355,0.47017381529406405,0.37818171837299935,0.260705586371772,1.5
user_0356,0.6309898743310832,0.5345319697393908,0.09676153914823646,1.5
user_0358,0.4466577912546448,0.4147310489408037,0.14235408505473085,1.5
user_0359,0.6755405920873746,0.40564384757020844,0.30063276532304173,1.5
user_0360,0.5924121304172193,0.25456814766953256,0.4387881321465901,1.5
user_0362,0.07795197318292083,0.3033191834398759,0.2328394924354764,1.5
user_0365,0.7670519174115377,0.4414194244789394,0.33589391318093015,1.5
user_0366,0.9978714091566293,0.429820814488353,0.5791532483839952,1.5
user_0367,0.4321808932274235,0.26663685143614513,0.16631534371171694,1.5
user_0368,0.4418543237644537,0.28095780123870184,0.2509535648156342,1.5
user_0369,0.08379698892650084,0.19661443353253366,0.11304243971713422,1.5
user_0370,0.13580171659676316,0.6769604537603818,0.5432367916383255,1.5
user_0371,0.8088910828557015,0.4640836829761964,0.3681701774599659,1.5
user_0372,0.30135570525793515,0.2287892855738076,0.07273596033050106,1.5
user_0373,0.3592731843876392,0.2627410462404999,0.1170176421812452,1.5
user_0374,0.16336448129777217,0.4136351822002363,0.5539688262883431,1.5
user_0375,0.07916623173425809,0.47929817229128924,0.40487674004897495,1.5
user_0376,0.3100768039989458,0.0680153417717104,0.36219736050879897,1.5
user_0378,0.38694114452487427,0.5590571658475734,0.3925363695824151,1.5
user_0380,0.5277954158895566,0.17264159885659192,0.51583055061588,1.5
user_0381,0.8050254579241357,0.16625932577679828,0.6388427613784625,1.5
user_0383,0.4216777765497364,0.06386603066321384,0.4630223245947012,1.5
user_0384,0.6677806174382439,0.5619972302030392,0.5581250840002029,1.5
user_0385,0.3029632111268085,0.46535613413278704,0.18358995202377548,1.5
user_0386,0.6804968043598919,0.3340451989487645,0.36219467760327745,1.5
user_0387,0.6212837634242989,0.6467549908140727,0.5294851797342259,1.5
user_0388,0.9193346192745414,0.4299523973549316,0.5469685354249638,1.5
user_0389,0.8537420376488506,0.3266455866209303,0.5271433867562797,1.5
user_0390,0.22736152613505342,0.3894002376042075,0.22663579733409256,1.5
user_0391,0.3121356087138905,0.34679295370916097,0.6476310682352456,1.5
user_0392,0.2771517253797256,0.612934099742971,0.3555985448235451,1.5
user_0393,0.1445299257202744,0.4145793297068144,0.5111078416728672,1.5
user_0395,0.04557383031061572,0.38670704729749183,0.341203337346709,1.5
user_0396,0.7125737093258405,0.5613372496910343,0.15143844712970753,1.5
user_0398,0.4863077743754949,0.42704062604425813,0.37269405802378597,1.5
user_0400,0.45208009273712624,0.37427212447170904,0.20449306232154993,1.5
user_0401,1.2047699580188587,0.5717202561549652,0.634012513286205,1.5
user_0402,0.7726782492997668,0.5295355388106106,0.24848609004101996,1.5
user_0403,0.43545336721573047,0.3376448024890395,0.10007355122556061,1.5
user_0404,0.4238927887038494,0.46269786118441747,0.20130175090932018,1.5
user_0405,0.3773004917338291,0.21566105034484162,0.20909787988705197,1.5
user_0406,0.3941359732878302,0.10629391541958105,0.305968663180456,1.5
user_0407,0.5670528720543478,0.28301299581703315,0.5370934778327637,1.5
user_0408,0.44768470601546184,0.33352697259029634,0.2187517440612525,1.5
user_0409,0.5945754530285264,0.39119880800007434,0.5105688121760218,1.5
user_0410,0.7914555550472859,0.32796495992500213,0.5317049717933698,1.5
user_0411,0.191729658560095,0.4998265899409536,0.386964843477754,1.5
user_0412,0.3282151258657189,0.2056242108923177,0.4922749255701014,1.5
user_0413,0.42613607115380403,0.2171218354510767,0.3892197351044299,1.5
user_0415,0.6376796584977585,0.5420034940849809,0.12198359666367531,1.5
user_0416,0.29164338480866453,0.3451888264916617,0.514189712299128,1.5
user_0417,1.0149422863593272,0.47915869694224794,0.5429163681618147,1.5
user_0418,0.6509865767285643,0.2840499267800293,0.42756526588887617,1.5
user_0419,0.4868587053694565,0.09003859817460352,0.4233744584554483,1.5
user_0420,0.6744088651004875,0.601025958205635,0.2701559831136303,1.5
user_0421,0.5894686586747577,0.32550493537275876,0.3066946080229554,1.5
user_0422,0.6509079626797334,0.18775192971089036,0.4639734834513338,1.5
user_0423,0.23458800973666785,0.4391871292863212,0.5337605378441148,1.5
user_0424,0.24528001728950244,0.5109015186735334,0.46769552368834183,1.5
user_0425,0.5920399025748064,0.2860887027892299,0.5089060490253962,1.5
user_0427,0.22677244955237394,0.16328675019597355,0.18397363760381122,1.5
user_0428,0.17916029743651737,0.34677366310101165,0.49113799967738786,1.5
user_0429,0.4528889139445403,0.04035329415602641,0.4899670342357709,1.5
user_0430,0.44057259335193955,0.38727078763718287,0.18963250052095354,1.5
user_0431,0.6504855976792098,0.5953446661330907,0.417234667123708,1.5
user_0432,0.3224100282470076,0.04542744531554351,0.36286989307436956,1.5
user_0433,0.39579103881148586,0.25358492400065913,0.22074377080208724,1.5
user_0434,0.4715091212947702,0.29766978227870694,0.1746824786996619,1.5
user_0435,0.46132119420810297,0.14782274660945596,0.4369141723951932,1.5
user_0436,0.05405680968286284,0.49931470414116197,0.4796464694191915,1.5
user_0437,1.0199871766537112,0.5218136606353977,0.5076155113537227,1.5
user_0439,0.48047019820888154,0.323283227927028,0.2098208686442885,1.5
user_0441,0.21613457837893268,0.2776733686379218,0.4159367252342797,1.5
user_0442,0.20933011291392895,0.11354766223666064,0.23903074413833542,1.5
user_0443,0.20769232439927912,0.41016496890567916,0.5278356287328696,1.5
user_0444,0.6214610945348689,0.16680288340871,0.5125849975300513,1.5
user_0445,0.8790023646941709,0.5205355538911404,0.4178844071720008,1.5
user_0446,0.7864393384096986,0.49836046243041376,0.4127552492902089,1.5
user_0447,0.6052568787471634,0.6311816252048986,0.36525317763843607,1.5
user_0448,0.07300754296080969,0.15788192507431253,0.13169905250395558,1.5
user_0449,0.17374850131873412,0.0966605135711285,0.26630675466601605,1.5
user_0450,1.038884976620951,0.5688772084167554,0.47788067954487445,1.5
user_0451,0.4580768499403376,0.20632361375851624,0.33904006213072024,1.5
user_0452,0.42150031393308357,0.3559807518687997,0.46119124300359404,1.5
user_0453,0.808769759266373,0.389310998227046,0.6495425084099444,1.5
user_0454,0.3074487452478359,0.13513843665181477,0.3798639766371018,1.5
user_0455,0.22522302988477344,0.27136146937279704,0.4864550107420272,1.5
user_0456,0.8996793693717121,0.5652332487675282,0.46550455734688784,1.5
user_0458,0.9509655241177373,0.42080969552813263,0.5301620271462237,1.5
user_0460,0.4063522937470932,0.1702978835571185,0.2374602162097936,1.5
user_0461,0.23938583962352528,0.3260559446383604,0.12012978253197631,1.5
user_0462,0.05746229991025188,0.3982915204478354,0.35406293846332465,1.5
user_0464,0.22376532531653698,0.10086219302461898,0.19124414865647232,1.5
user_0465,0.9891566037833456,0.7263977170523823,0.488608541012868,1.5
user_0466,0.5578308574447611,0.42475179540259694,0.1753122812113383,1.5
user_0467,0.60112412541062,0.546886569813501,0.05899974067856996,1.5
user_0468,0.5972305654256335,0.1370664758441298,0.4850939749802168,1.5
user_0469,0.9991258744650418,0.48368600751804086,0.5156322392759427,1.5
user_0470,0.4403153033827104,0.21913464661773033,0.35327212070636643,1.5
user_0471,0.850818815742034,0.5759733749967345,0.38478496702887116,1.5
user_0472,0.7482410418631901,0.36566366344467,0.4078755825069287,1.5
user_0473,0.30891138095218346,0.25543752582362794,0.5529955393866388,1.5
user_0474,0.23508491567527534,0.04165291376498356,0.19705286669980482,1.5
user_0475,0.8047194929620506,0.5070882644898435,0.40494208904261764,1.5
user_0476,0.10062491721301842,0.39659655235627195,0.30051699104989354,1.5
user_0477,0.6356243645592865,0.509276882764857,0.4209895464960192,1.5
user_0478,0.3734058934557792,0.1983325562850663,0.19793143222405193,1.5
user_0479,0.17851683622083106,0.08975980466810139,0.08875705808039605,1.5
user_0480,0.18310535626714255,0.44678995730595245,0.42060009218691746,1.5
user_0481,0.34523288512637734,0.44592105635443763,0.2737013557230485,1.5
user_0482,0.45550966449550995,0.21403014634804185,0.24157320578319502,1.5
user_0483,0.383548166347347,0.043968660024982835,0.3399541800098646,1.5
user_0484,0.799834417138321,0.3452337069636289,0.45460824481218476,1.5
user_0485,0.41808411489261393,0.23203297670696504,0.1861219907337627,1.5
user_0486,0.6312027965560661,0.3398022659724088,0.5961898637476633,1.5
user_0487,0.6084545375258861,0.24785152708915276,0.5895698686805143,1.5
user_0488,0.6537244665047798,0.5171531951251434,0.151674930995612,1.5
user_0489,0.15762571487531188,0.5145216602740088,0.5426664903531538,1.5
user_0490,0.11579822734111962,0.03979381194073338,0.1342797958273112,1.5
user_0491,0.3409475073771772,0.4580385101921937,0.12187396611315336,1.5
user_0492,0.2629220797893622,0.6032932578828067,0.5228603869902336,1.5
user_0493,0.1997727974999334,0.1655942846065844,0.16714553619692668,1.5
user_0494,0.2793089683802185,0.2685209021214139,0.11915243786644038,1.5
user_0495,0.6135374485573144,0.2824831404243836,0.5720742924377108,1.5
user_0496,0.24493970997619702,0.2732546248709578,0.2053689466372224,1.5
user_0497,0.9300013599535638,0.4259998621068329,0.5512913591472022,1.5
user_0499,0.9533602726792411,0.3225671516286982,0.6309758994871533,1.5
